scrape_date,flight_date,route,carrier,advance_days,base_fare,taxes_and_fees,total_fare
2026-08-01,2026-09-15,DEL-BOM,IndiGo,45,3931,707,4638
2026-08-01,2026-09-15,DEL-BOM,IndiGo,45,4721,849,5570
2026-08-01,2026-09-15,DEL-BOM,IndiGo,45,4026,724,4750
2026-08-01,2026-09-15,DEL-BOM,IndiGo,45,4021,723,4744
2026-08-01,2026-09-15,DEL-BOM,IndiGo,45,3832,689,4521
2026-08-01,2026-08-31,DEL-BOM,IndiGo,30,4265,767,5032
2026-08-01,2026-08-31,DEL-BOM,IndiGo,30,4686,843,5529
2026-08-01,2026-08-31,DEL-BOM,IndiGo,30,4658,838,5496
2026-08-01,2026-08-31,DEL-BOM,IndiGo,30,4688,843,5531
2026-08-01,2026-08-31,DEL-BOM,IndiGo,30,4320,777,5097
2026-08-01,2026-08-16,DEL-BOM,IndiGo,15,6245,1124,7369
2026-08-01,2026-08-16,DEL-BOM,IndiGo,15,6053,1089,7142
2026-08-01,2026-08-16,DEL-BOM,IndiGo,15,6370,1146,7516
2026-08-01,2026-08-16,DEL-BOM,IndiGo,15,6494,1168,7662
2026-08-01,2026-08-16,DEL-BOM,IndiGo,15,5911,1063,6974
2026-08-01,2026-08-08,DEL-BOM,IndiGo,7,8451,1521,9972
2026-08-01,2026-08-08,DEL-BOM,IndiGo,7,7165,1289,8454
2026-08-01,2026-08-08,DEL-BOM,IndiGo,7,8080,1454,9534
2026-08-01,2026-08-08,DEL-BOM,IndiGo,7,7603,1368,8971
2026-08-01,2026-08-08,DEL-BOM,IndiGo,7,8326,1498,9824
2026-08-01,2026-08-02,DEL-BOM,IndiGo,1,11646,2096,13742
2026-08-01,2026-08-02,DEL-BOM,IndiGo,1,11068,1992,13060
2026-08-01,2026-08-02,DEL-BOM,IndiGo,1,12228,2201,14429
2026-08-01,2026-08-02,DEL-BOM,IndiGo,1,12702,2286,14988
2026-08-01,2026-08-02,DEL-BOM,IndiGo,1,11524,2074,13598
2026-08-01,2026-09-15,DEL-BOM,Air India,45,4473,805,5278
2026-08-01,2026-09-15,DEL-BOM,Air India,45,4825,868,5693
2026-08-01,2026-09-15,DEL-BOM,Air India,45,5309,955,6264
2026-08-01,2026-09-15,DEL-BOM,Air India,45,5420,975,6395
2026-08-01,2026-09-15,DEL-BOM,Air India,45,4519,813,5332
2026-08-01,2026-08-31,DEL-BOM,Air India,30,5396,971,6367
2026-08-01,2026-08-31,DEL-BOM,Air India,30,4982,896,5878
2026-08-01,2026-08-31,DEL-BOM,Air India,30,5655,1017,6672
2026-08-01,2026-08-31,DEL-BOM,Air India,30,6055,1089,7144
2026-08-01,2026-08-31,DEL-BOM,Air India,30,5495,989,6484
2026-08-01,2026-08-16,DEL-BOM,Air India,15,7141,1285,8426
2026-08-01,2026-08-16,DEL-BOM,Air India,15,7479,1346,8825
2026-08-01,2026-08-16,DEL-BOM,Air India,15,7150,1287,8437
2026-08-01,2026-08-16,DEL-BOM,Air India,15,7155,1287,8442
2026-08-01,2026-08-16,DEL-BOM,Air India,15,6852,1233,8085
2026-08-01,2026-08-08,DEL-BOM,Air India,7,9968,1794,11762
2026-08-01,2026-08-08,DEL-BOM,Air India,7,8214,1478,9692
2026-08-01,2026-08-08,DEL-BOM,Air India,7,9855,1773,11628
2026-08-01,2026-08-08,DEL-BOM,Air India,7,9443,1699,11142
2026-08-01,2026-08-08,DEL-BOM,Air India,7,9808,1765,11573
2026-08-01,2026-08-02,DEL-BOM,Air India,1,14065,2531,16596
2026-08-01,2026-08-02,DEL-BOM,Air India,1,12130,2183,14313
2026-08-01,2026-08-02,DEL-BOM,Air India,1,12378,2228,14606
2026-08-01,2026-08-02,DEL-BOM,Air India,1,14340,2581,16921
2026-08-01,2026-08-02,DEL-BOM,Air India,1,14629,2633,17262
2026-08-01,2026-09-15,DEL-BOM,Akasa,45,3956,712,4668
2026-08-01,2026-09-15,DEL-BOM,Akasa,45,3790,682,4472
2026-08-01,2026-09-15,DEL-BOM,Akasa,45,4059,730,4789
2026-08-01,2026-09-15,DEL-BOM,Akasa,45,4341,781,5122
2026-08-01,2026-09-15,DEL-BOM,Akasa,45,4144,745,4889
2026-08-01,2026-08-31,DEL-BOM,Akasa,30,4459,802,5261
2026-08-01,2026-08-31,DEL-BOM,Akasa,30,4167,750,4917
2026-08-01,2026-08-31,DEL-BOM,Akasa,30,4839,871,5710
2026-08-01,2026-08-31,DEL-BOM,Akasa,30,4601,828,5429
2026-08-01,2026-08-31,DEL-BOM,Akasa,30,4494,808,5302
2026-08-01,2026-08-16,DEL-BOM,Akasa,15,5981,1076,7057
2026-08-01,2026-08-16,DEL-BOM,Akasa,15,6122,1101,7223
2026-08-01,2026-08-16,DEL-BOM,Akasa,15,5600,1008,6608
2026-08-01,2026-08-16,DEL-BOM,Akasa,15,5197,935,6132
2026-08-01,2026-08-16,DEL-BOM,Akasa,15,5934,1068,7002
2026-08-01,2026-08-08,DEL-BOM,Akasa,7,7371,1326,8697
2026-08-01,2026-08-08,DEL-BOM,Akasa,7,6517,1173,7690
2026-08-01,2026-08-08,DEL-BOM,Akasa,7,6940,1249,8189
2026-08-01,2026-08-08,DEL-BOM,Akasa,7,7796,1403,9199
2026-08-01,2026-08-08,DEL-BOM,Akasa,7,7814,1406,9220
2026-08-01,2026-08-02,DEL-BOM,Akasa,1,9920,1785,11705
2026-08-01,2026-08-02,DEL-BOM,Akasa,1,11251,2025,13276
2026-08-01,2026-08-02,DEL-BOM,Akasa,1,9759,1756,11515
2026-08-01,2026-08-02,DEL-BOM,Akasa,1,10193,1834,12027
2026-08-01,2026-08-02,DEL-BOM,Akasa,1,9704,1746,11450
2026-08-01,2026-09-15,DEL-BOM,SpiceJet,45,4258,766,5024
2026-08-01,2026-09-15,DEL-BOM,SpiceJet,45,3538,636,4174
2026-08-01,2026-09-15,DEL-BOM,SpiceJet,45,4021,723,4744
2026-08-01,2026-09-15,DEL-BOM,SpiceJet,45,3993,718,4711
2026-08-01,2026-09-15,DEL-BOM,SpiceJet,45,3833,689,4522
2026-08-01,2026-08-31,DEL-BOM,SpiceJet,30,3840,691,4531
2026-08-01,2026-08-31,DEL-BOM,SpiceJet,30,4438,798,5236
2026-08-01,2026-08-31,DEL-BOM,SpiceJet,30,4771,858,5629
2026-08-01,2026-08-31,DEL-BOM,SpiceJet,30,4744,853,5597
2026-08-01,2026-08-31,DEL-BOM,SpiceJet,30,4451,801,5252
2026-08-01,2026-08-16,DEL-BOM,SpiceJet,15,5221,939,6160
2026-08-01,2026-08-16,DEL-BOM,SpiceJet,15,5538,996,6534
2026-08-01,2026-08-16,DEL-BOM,SpiceJet,15,5562,1001,6563
2026-08-01,2026-08-16,DEL-BOM,SpiceJet,15,5453,981,6434
2026-08-01,2026-08-16,DEL-BOM,SpiceJet,15,4609,829,5438
2026-08-01,2026-08-08,DEL-BOM,SpiceJet,7,6240,1123,7363
2026-08-01,2026-08-08,DEL-BOM,SpiceJet,7,6183,1112,7295
2026-08-01,2026-08-08,DEL-BOM,SpiceJet,7,7477,1345,8822
2026-08-01,2026-08-08,DEL-BOM,SpiceJet,7,7052,1269,8321
2026-08-01,2026-08-08,DEL-BOM,SpiceJet,7,6450,1161,7611
2026-08-01,2026-08-02,DEL-BOM,SpiceJet,1,9843,1771,11614
2026-08-01,2026-08-02,DEL-BOM,SpiceJet,1,11170,2010,13180
2026-08-01,2026-08-02,DEL-BOM,SpiceJet,1,10727,1930,12657
2026-08-01,2026-08-02,DEL-BOM,SpiceJet,1,11215,2018,13233
2026-08-01,2026-08-02,DEL-BOM,SpiceJet,1,9638,1734,11372
2026-08-01,2026-09-15,DEL-BLR,IndiGo,45,5987,1077,7064
2026-08-01,2026-09-15,DEL-BLR,IndiGo,45,5880,1058,6938
2026-08-01,2026-09-15,DEL-BLR,IndiGo,45,5057,910,5967
2026-08-01,2026-09-15,DEL-BLR,IndiGo,45,6269,1128,7397
2026-08-01,2026-09-15,DEL-BLR,IndiGo,45,5675,1021,6696
2026-08-01,2026-08-31,DEL-BLR,IndiGo,30,5867,1056,6923
2026-08-01,2026-08-31,DEL-BLR,IndiGo,30,5985,1077,7062
2026-08-01,2026-08-31,DEL-BLR,IndiGo,30,5537,996,6533
2026-08-01,2026-08-31,DEL-BLR,IndiGo,30,5885,1059,6944
2026-08-01,2026-08-31,DEL-BLR,IndiGo,30,6226,1120,7346
2026-08-01,2026-08-16,DEL-BLR,IndiGo,15,6893,1240,8133
2026-08-01,2026-08-16,DEL-BLR,IndiGo,15,7763,1397,9160
2026-08-01,2026-08-16,DEL-BLR,IndiGo,15,6726,1210,7936
2026-08-01,2026-08-16,DEL-BLR,IndiGo,15,7075,1273,8348
2026-08-01,2026-08-16,DEL-BLR,IndiGo,15,7258,1306,8564
2026-08-01,2026-08-08,DEL-BLR,IndiGo,7,10542,1897,12439
2026-08-01,2026-08-08,DEL-BLR,IndiGo,7,9716,1748,11464
2026-08-01,2026-08-08,DEL-BLR,IndiGo,7,9521,1713,11234
2026-08-01,2026-08-08,DEL-BLR,IndiGo,7,9611,1729,11340
2026-08-01,2026-08-08,DEL-BLR,IndiGo,7,10361,1864,12225
2026-08-01,2026-08-02,DEL-BLR,IndiGo,1,16172,2910,19082
2026-08-01,2026-08-02,DEL-BLR,IndiGo,1,13981,2516,16497
2026-08-01,2026-08-02,DEL-BLR,IndiGo,1,14772,2658,17430
2026-08-01,2026-08-02,DEL-BLR,IndiGo,1,13379,2408,15787
2026-08-01,2026-08-02,DEL-BLR,IndiGo,1,15499,2789,18288
2026-08-01,2026-09-15,DEL-BLR,Air India,45,7171,1290,8461
2026-08-01,2026-09-15,DEL-BLR,Air India,45,5757,1036,6793
2026-08-01,2026-09-15,DEL-BLR,Air India,45,5822,1047,6869
2026-08-01,2026-09-15,DEL-BLR,Air India,45,6602,1188,7790
2026-08-01,2026-09-15,DEL-BLR,Air India,45,6568,1182,7750
2026-08-01,2026-08-31,DEL-BLR,Air India,30,7792,1402,9194
2026-08-01,2026-08-31,DEL-BLR,Air India,30,7881,1418,9299
2026-08-01,2026-08-31,DEL-BLR,Air India,30,7778,1400,9178
2026-08-01,2026-08-31,DEL-BLR,Air India,30,6401,1152,7553
2026-08-01,2026-08-31,DEL-BLR,Air India,30,6773,1219,7992
2026-08-01,2026-08-16,DEL-BLR,Air India,15,9608,1729,11337
2026-08-01,2026-08-16,DEL-BLR,Air India,15,8017,1443,9460
2026-08-01,2026-08-16,DEL-BLR,Air India,15,7949,1430,9379
2026-08-01,2026-08-16,DEL-BLR,Air India,15,9478,1706,11184
2026-08-01,2026-08-16,DEL-BLR,Air India,15,7686,1383,9069
2026-08-01,2026-08-08,DEL-BLR,Air India,7,10939,1969,12908
2026-08-01,2026-08-08,DEL-BLR,Air India,7,11996,2159,14155
2026-08-01,2026-08-08,DEL-BLR,Air India,7,11826,2128,13954
2026-08-01,2026-08-08,DEL-BLR,Air India,7,12228,2201,14429
2026-08-01,2026-08-08,DEL-BLR,Air India,7,11046,1988,13034
2026-08-01,2026-08-02,DEL-BLR,Air India,1,18531,3335,21866
2026-08-01,2026-08-02,DEL-BLR,Air India,1,18436,3318,21754
2026-08-01,2026-08-02,DEL-BLR,Air India,1,15674,2821,18495
2026-08-01,2026-08-02,DEL-BLR,Air India,1,18599,3347,21946
2026-08-01,2026-08-02,DEL-BLR,Air India,1,16123,2902,19025
2026-08-01,2026-09-15,DEL-BLR,Akasa,45,4883,878,5761
2026-08-01,2026-09-15,DEL-BLR,Akasa,45,5809,1045,6854
2026-08-01,2026-09-15,DEL-BLR,Akasa,45,4899,881,5780
2026-08-01,2026-09-15,DEL-BLR,Akasa,45,5334,960,6294
2026-08-01,2026-09-15,DEL-BLR,Akasa,45,4969,894,5863
2026-08-01,2026-08-31,DEL-BLR,Akasa,30,5394,970,6364
2026-08-01,2026-08-31,DEL-BLR,Akasa,30,6428,1157,7585
2026-08-01,2026-08-31,DEL-BLR,Akasa,30,5834,1050,6884
2026-08-01,2026-08-31,DEL-BLR,Akasa,30,5661,1018,6679
2026-08-01,2026-08-31,DEL-BLR,Akasa,30,5344,961,6305
2026-08-01,2026-08-16,DEL-BLR,Akasa,15,7951,1431,9382
2026-08-01,2026-08-16,DEL-BLR,Akasa,15,6818,1227,8045
2026-08-01,2026-08-16,DEL-BLR,Akasa,15,6634,1194,7828
2026-08-01,2026-08-16,DEL-BLR,Akasa,15,6538,1176,7714
2026-08-01,2026-08-16,DEL-BLR,Akasa,15,7307,1315,8622
2026-08-01,2026-08-08,DEL-BLR,Akasa,7,9708,1747,11455
2026-08-01,2026-08-08,DEL-BLR,Akasa,7,9551,1719,11270
2026-08-01,2026-08-08,DEL-BLR,Akasa,7,9797,1763,11560
2026-08-01,2026-08-08,DEL-BLR,Akasa,7,10613,1910,12523
2026-08-01,2026-08-08,DEL-BLR,Akasa,7,8637,1554,10191
2026-08-01,2026-08-02,DEL-BLR,Akasa,1,14265,2567,16832
2026-08-01,2026-08-02,DEL-BLR,Akasa,1,13388,2409,15797
2026-08-01,2026-08-02,DEL-BLR,Akasa,1,14470,2604,17074
2026-08-01,2026-08-02,DEL-BLR,Akasa,1,12542,2257,14799
2026-08-01,2026-08-02,DEL-BLR,Akasa,1,12864,2315,15179
2026-08-01,2026-09-15,DEL-BLR,SpiceJet,45,5411,973,6384
2026-08-01,2026-09-15,DEL-BLR,SpiceJet,45,4664,839,5503
2026-08-01,2026-09-15,DEL-BLR,SpiceJet,45,5120,921,6041
2026-08-01,2026-09-15,DEL-BLR,SpiceJet,45,4729,851,5580
2026-08-01,2026-09-15,DEL-BLR,SpiceJet,45,4775,859,5634
2026-08-01,2026-08-31,DEL-BLR,SpiceJet,30,5230,941,6171
2026-08-01,2026-08-31,DEL-BLR,SpiceJet,30,6087,1095,7182
2026-08-01,2026-08-31,DEL-BLR,SpiceJet,30,5964,1073,7037
2026-08-01,2026-08-31,DEL-BLR,SpiceJet,30,5904,1062,6966
2026-08-01,2026-08-31,DEL-BLR,SpiceJet,30,5199,935,6134
2026-08-01,2026-08-16,DEL-BLR,SpiceJet,15,6371,1146,7517
2026-08-01,2026-08-16,DEL-BLR,SpiceJet,15,6031,1085,7116
2026-08-01,2026-08-16,DEL-BLR,SpiceJet,15,7110,1279,8389
2026-08-01,2026-08-16,DEL-BLR,SpiceJet,15,7542,1357,8899
2026-08-01,2026-08-16,DEL-BLR,SpiceJet,15,6075,1093,7168
2026-08-01,2026-08-08,DEL-BLR,SpiceJet,7,9084,1635,10719
2026-08-01,2026-08-08,DEL-BLR,SpiceJet,7,9097,1637,10734
2026-08-01,2026-08-08,DEL-BLR,SpiceJet,7,10152,1827,11979
2026-08-01,2026-08-08,DEL-BLR,SpiceJet,7,9799,1763,11562
2026-08-01,2026-08-08,DEL-BLR,SpiceJet,7,10131,1823,11954
2026-08-01,2026-08-02,DEL-BLR,SpiceJet,1,14437,2598,17035
2026-08-01,2026-08-02,DEL-BLR,SpiceJet,1,11861,2134,13995
2026-08-01,2026-08-02,DEL-BLR,SpiceJet,1,14378,2588,16966
2026-08-01,2026-08-02,DEL-BLR,SpiceJet,1,14424,2596,17020
2026-08-01,2026-08-02,DEL-BLR,SpiceJet,1,12838,2310,15148
2026-08-01,2026-09-15,BOM-BLR,IndiGo,45,3502,630,4132
2026-08-01,2026-09-15,BOM-BLR,IndiGo,45,3621,651,4272
2026-08-01,2026-09-15,BOM-BLR,IndiGo,45,3871,696,4567
2026-08-01,2026-09-15,BOM-BLR,IndiGo,45,3668,660,4328
2026-08-01,2026-09-15,BOM-BLR,IndiGo,45,3687,663,4350
2026-08-01,2026-08-31,BOM-BLR,IndiGo,30,3894,700,4594
2026-08-01,2026-08-31,BOM-BLR,IndiGo,30,3687,663,4350
2026-08-01,2026-08-31,BOM-BLR,IndiGo,30,4124,742,4866
2026-08-01,2026-08-31,BOM-BLR,IndiGo,30,3930,707,4637
2026-08-01,2026-08-31,BOM-BLR,IndiGo,30,4128,743,4871
2026-08-01,2026-08-16,BOM-BLR,IndiGo,15,5014,902,5916
2026-08-01,2026-08-16,BOM-BLR,IndiGo,15,4383,788,5171
2026-08-01,2026-08-16,BOM-BLR,IndiGo,15,5382,968,6350
2026-08-01,2026-08-16,BOM-BLR,IndiGo,15,5046,908,5954
2026-08-01,2026-08-16,BOM-BLR,IndiGo,15,4649,836,5485
2026-08-01,2026-08-08,BOM-BLR,IndiGo,7,7088,1275,8363
2026-08-01,2026-08-08,BOM-BLR,IndiGo,7,6700,1206,7906
2026-08-01,2026-08-08,BOM-BLR,IndiGo,7,6909,1243,8152
2026-08-01,2026-08-08,BOM-BLR,IndiGo,7,7237,1302,8539
2026-08-01,2026-08-08,BOM-BLR,IndiGo,7,7197,1295,8492
2026-08-01,2026-08-02,BOM-BLR,IndiGo,1,10289,1852,12141
2026-08-01,2026-08-02,BOM-BLR,IndiGo,1,9151,1647,10798
2026-08-01,2026-08-02,BOM-BLR,IndiGo,1,10605,1908,12513
2026-08-01,2026-08-02,BOM-BLR,IndiGo,1,9609,1729,11338
2026-08-01,2026-08-02,BOM-BLR,IndiGo,1,9956,1792,11748
2026-08-01,2026-09-15,BOM-BLR,Air India,45,4539,817,5356
2026-08-01,2026-09-15,BOM-BLR,Air India,45,3966,713,4679
2026-08-01,2026-09-15,BOM-BLR,Air India,45,4487,807,5294
2026-08-01,2026-09-15,BOM-BLR,Air India,45,4590,826,5416
2026-08-01,2026-09-15,BOM-BLR,Air India,45,4192,754,4946
2026-08-01,2026-08-31,BOM-BLR,Air India,30,4587,825,5412
2026-08-01,2026-08-31,BOM-BLR,Air India,30,4019,723,4742
2026-08-01,2026-08-31,BOM-BLR,Air India,30,4309,775,5084
2026-08-01,2026-08-31,BOM-BLR,Air India,30,4847,872,5719
2026-08-01,2026-08-31,BOM-BLR,Air India,30,5033,905,5938
2026-08-01,2026-08-16,BOM-BLR,Air India,15,5866,1055,6921
2026-08-01,2026-08-16,BOM-BLR,Air India,15,6002,1080,7082
2026-08-01,2026-08-16,BOM-BLR,Air India,15,6167,1110,7277
2026-08-01,2026-08-16,BOM-BLR,Air India,15,5967,1074,7041
2026-08-01,2026-08-16,BOM-BLR,Air India,15,5344,961,6305
2026-08-01,2026-08-08,BOM-BLR,Air India,7,8268,1488,9756
2026-08-01,2026-08-08,BOM-BLR,Air India,7,7598,1367,8965
2026-08-01,2026-08-08,BOM-BLR,Air India,7,6610,1189,7799
2026-08-01,2026-08-08,BOM-BLR,Air India,7,8079,1454,9533
2026-08-01,2026-08-08,BOM-BLR,Air India,7,6548,1178,7726
2026-08-01,2026-08-02,BOM-BLR,Air India,1,11904,2142,14046
2026-08-01,2026-08-02,BOM-BLR,Air India,1,10846,1952,12798
2026-08-01,2026-08-02,BOM-BLR,Air India,1,11411,2053,13464
2026-08-01,2026-08-02,BOM-BLR,Air India,1,10887,1959,12846
2026-08-01,2026-08-02,BOM-BLR,Air India,1,10160,1828,11988
2026-08-01,2026-09-15,BOM-BLR,Akasa,45,3038,546,3584
2026-08-01,2026-09-15,BOM-BLR,Akasa,45,3323,598,3921
2026-08-01,2026-09-15,BOM-BLR,Akasa,45,3732,671,4403
2026-08-01,2026-09-15,BOM-BLR,Akasa,45,3718,669,4387
2026-08-01,2026-09-15,BOM-BLR,Akasa,45,3720,669,4389
2026-08-01,2026-08-31,BOM-BLR,Akasa,30,3889,700,4589
2026-08-01,2026-08-31,BOM-BLR,Akasa,30,4111,739,4850
2026-08-01,2026-08-31,BOM-BLR,Akasa,30,3332,599,3931
2026-08-01,2026-08-31,BOM-BLR,Akasa,30,3607,649,4256
2026-08-01,2026-08-31,BOM-BLR,Akasa,30,3805,684,4489
2026-08-01,2026-08-16,BOM-BLR,Akasa,15,4289,772,5061
2026-08-01,2026-08-16,BOM-BLR,Akasa,15,4713,848,5561
2026-08-01,2026-08-16,BOM-BLR,Akasa,15,4189,754,4943
2026-08-01,2026-08-16,BOM-BLR,Akasa,15,4441,799,5240
2026-08-01,2026-08-16,BOM-BLR,Akasa,15,4525,814,5339
2026-08-01,2026-08-08,BOM-BLR,Akasa,7,6150,1107,7257
2026-08-01,2026-08-08,BOM-BLR,Akasa,7,6222,1119,7341
2026-08-01,2026-08-08,BOM-BLR,Akasa,7,5643,1015,6658
2026-08-01,2026-08-08,BOM-BLR,Akasa,7,6401,1152,7553
2026-08-01,2026-08-08,BOM-BLR,Akasa,7,6699,1205,7904
2026-08-01,2026-08-02,BOM-BLR,Akasa,1,9242,1663,10905
2026-08-01,2026-08-02,BOM-BLR,Akasa,1,10002,1800,11802
2026-08-01,2026-08-02,BOM-BLR,Akasa,1,8067,1452,9519
2026-08-01,2026-08-02,BOM-BLR,Akasa,1,9780,1760,11540
2026-08-01,2026-08-02,BOM-BLR,Akasa,1,9282,1670,10952
2026-08-01,2026-09-15,BOM-BLR,SpiceJet,45,3152,567,3719
2026-08-01,2026-09-15,BOM-BLR,SpiceJet,45,3007,541,3548
2026-08-01,2026-09-15,BOM-BLR,SpiceJet,45,3065,551,3616
2026-08-01,2026-09-15,BOM-BLR,SpiceJet,45,3606,649,4255
2026-08-01,2026-09-15,BOM-BLR,SpiceJet,45,3093,556,3649
2026-08-01,2026-08-31,BOM-BLR,SpiceJet,30,3878,698,4576
2026-08-01,2026-08-31,BOM-BLR,SpiceJet,30,3188,573,3761
2026-08-01,2026-08-31,BOM-BLR,SpiceJet,30,3816,686,4502
2026-08-01,2026-08-31,BOM-BLR,SpiceJet,30,3609,649,4258
2026-08-01,2026-08-31,BOM-BLR,SpiceJet,30,3549,638,4187
2026-08-01,2026-08-16,BOM-BLR,SpiceJet,15,4343,781,5124
2026-08-01,2026-08-16,BOM-BLR,SpiceJet,15,4096,737,4833
2026-08-01,2026-08-16,BOM-BLR,SpiceJet,15,3961,712,4673
2026-08-01,2026-08-16,BOM-BLR,SpiceJet,15,4168,750,4918
2026-08-01,2026-08-16,BOM-BLR,SpiceJet,15,4688,843,5531
2026-08-01,2026-08-08,BOM-BLR,SpiceJet,7,6199,1115,7314
2026-08-01,2026-08-08,BOM-BLR,SpiceJet,7,6150,1107,7257
2026-08-01,2026-08-08,BOM-BLR,SpiceJet,7,5178,932,6110
2026-08-01,2026-08-08,BOM-BLR,SpiceJet,7,5776,1039,6815
2026-08-01,2026-08-08,BOM-BLR,SpiceJet,7,6098,1097,7195
2026-08-01,2026-08-02,BOM-BLR,SpiceJet,1,9094,1636,10730
2026-08-01,2026-08-02,BOM-BLR,SpiceJet,1,9449,1700,11149
2026-08-01,2026-08-02,BOM-BLR,SpiceJet,1,7635,1374,9009
2026-08-01,2026-08-02,BOM-BLR,SpiceJet,1,8782,1580,10362
2026-08-01,2026-08-02,BOM-BLR,SpiceJet,1,8584,1545,10129
2026-08-01,2026-09-15,DEL-CCU,IndiGo,45,5419,975,6394
2026-08-01,2026-09-15,DEL-CCU,IndiGo,45,5289,952,6241
2026-08-01,2026-09-15,DEL-CCU,IndiGo,45,5200,936,6136
2026-08-01,2026-09-15,DEL-CCU,IndiGo,45,4615,830,5445
2026-08-01,2026-09-15,DEL-CCU,IndiGo,45,4661,838,5499
2026-08-01,2026-08-31,DEL-CCU,IndiGo,30,5045,908,5953
2026-08-01,2026-08-31,DEL-CCU,IndiGo,30,5498,989,6487
2026-08-01,2026-08-31,DEL-CCU,IndiGo,30,5247,944,6191
2026-08-01,2026-08-31,DEL-CCU,IndiGo,30,5554,999,6553
2026-08-01,2026-08-31,DEL-CCU,IndiGo,30,4774,859,5633
2026-08-01,2026-08-16,DEL-CCU,IndiGo,15,7176,1291,8467
2026-08-01,2026-08-16,DEL-CCU,IndiGo,15,7098,1277,8375
2026-08-01,2026-08-16,DEL-CCU,IndiGo,15,7405,1332,8737
2026-08-01,2026-08-16,DEL-CCU,IndiGo,15,6073,1093,7166
2026-08-01,2026-08-16,DEL-CCU,IndiGo,15,7445,1340,8785
2026-08-01,2026-08-08,DEL-CCU,IndiGo,7,9362,1685,11047
2026-08-01,2026-08-08,DEL-CCU,IndiGo,7,9371,1686,11057
2026-08-01,2026-08-08,DEL-CCU,IndiGo,7,8263,1487,9750
2026-08-01,2026-08-08,DEL-CCU,IndiGo,7,9924,1786,11710
2026-08-01,2026-08-08,DEL-CCU,IndiGo,7,9859,1774,11633
2026-08-01,2026-08-02,DEL-CCU,IndiGo,1,14144,2545,16689
2026-08-01,2026-08-02,DEL-CCU,IndiGo,1,13110,2359,15469
2026-08-01,2026-08-02,DEL-CCU,IndiGo,1,11634,2094,13728
2026-08-01,2026-08-02,DEL-CCU,IndiGo,1,11844,2131,13975
2026-08-01,2026-08-02,DEL-CCU,IndiGo,1,13428,2417,15845
2026-08-01,2026-09-15,DEL-CCU,Air India,45,5975,1075,7050
2026-08-01,2026-09-15,DEL-CCU,Air India,45,5846,1052,6898
2026-08-01,2026-09-15,DEL-CCU,Air India,45,5520,993,6513
2026-08-01,2026-09-15,DEL-CCU,Air India,45,5328,959,6287
2026-08-01,2026-09-15,DEL-CCU,Air India,45,5013,902,5915
2026-08-01,2026-08-31,DEL-CCU,Air India,30,6775,1219,7994
2026-08-01,2026-08-31,DEL-CCU,Air India,30,6576,1183,7759
2026-08-01,2026-08-31,DEL-CCU,Air India,30,5917,1065,6982
2026-08-01,2026-08-31,DEL-CCU,Air India,30,6805,1224,8029
2026-08-01,2026-08-31,DEL-CCU,Air India,30,6460,1162,7622
2026-08-01,2026-08-16,DEL-CCU,Air India,15,7618,1371,8989
2026-08-01,2026-08-16,DEL-CCU,Air India,15,7370,1326,8696
2026-08-01,2026-08-16,DEL-CCU,Air India,15,7163,1289,8452
2026-08-01,2026-08-16,DEL-CCU,Air India,15,7145,1286,8431
2026-08-01,2026-08-16,DEL-CCU,Air India,15,8358,1504,9862
2026-08-01,2026-08-08,DEL-CCU,Air India,7,10119,1821,11940
2026-08-01,2026-08-08,DEL-CCU,Air India,7,9981,1796,11777
2026-08-01,2026-08-08,DEL-CCU,Air India,7,9454,1701,11155
2026-08-01,2026-08-08,DEL-CCU,Air India,7,10406,1873,12279
2026-08-01,2026-08-08,DEL-CCU,Air India,7,10716,1928,12644
2026-08-01,2026-08-02,DEL-CCU,Air India,1,16429,2957,19386
2026-08-01,2026-08-02,DEL-CCU,Air India,1,14247,2564,16811
2026-08-01,2026-08-02,DEL-CCU,Air India,1,14842,2671,17513
2026-08-01,2026-08-02,DEL-CCU,Air India,1,14940,2689,17629
2026-08-01,2026-08-02,DEL-CCU,Air India,1,15780,2840,18620
2026-08-01,2026-09-15,DEL-CCU,Akasa,45,5017,903,5920
2026-08-01,2026-09-15,DEL-CCU,Akasa,45,5220,939,6159
2026-08-01,2026-09-15,DEL-CCU,Akasa,45,4405,792,5197
2026-08-01,2026-09-15,DEL-CCU,Akasa,45,4376,787,5163
2026-08-01,2026-09-15,DEL-CCU,Akasa,45,4322,777,5099
2026-08-01,2026-08-31,DEL-CCU,Akasa,30,5659,1018,6677
2026-08-01,2026-08-31,DEL-CCU,Akasa,30,4851,873,5724
2026-08-01,2026-08-31,DEL-CCU,Akasa,30,5210,937,6147
2026-08-01,2026-08-31,DEL-CCU,Akasa,30,4864,875,5739
2026-08-01,2026-08-31,DEL-CCU,Akasa,30,4907,883,5790
2026-08-01,2026-08-16,DEL-CCU,Akasa,15,6730,1211,7941
2026-08-01,2026-08-16,DEL-CCU,Akasa,15,6749,1214,7963
2026-08-01,2026-08-16,DEL-CCU,Akasa,15,5671,1020,6691
2026-08-01,2026-08-16,DEL-CCU,Akasa,15,7051,1269,8320
2026-08-01,2026-08-16,DEL-CCU,Akasa,15,6286,1131,7417
2026-08-01,2026-08-08,DEL-CCU,Akasa,7,8915,1604,10519
2026-08-01,2026-08-08,DEL-CCU,Akasa,7,8115,1460,9575
2026-08-01,2026-08-08,DEL-CCU,Akasa,7,8624,1552,10176
2026-08-01,2026-08-08,DEL-CCU,Akasa,7,7495,1349,8844
2026-08-01,2026-08-08,DEL-CCU,Akasa,7,7674,1381,9055
2026-08-01,2026-08-02,DEL-CCU,Akasa,1,11391,2050,13441
2026-08-01,2026-08-02,DEL-CCU,Akasa,1,11239,2023,13262
2026-08-01,2026-08-02,DEL-CCU,Akasa,1,13502,2430,15932
2026-08-01,2026-08-02,DEL-CCU,Akasa,1,11769,2118,13887
2026-08-01,2026-08-02,DEL-CCU,Akasa,1,13080,2354,15434
2026-08-01,2026-09-15,DEL-CCU,SpiceJet,45,4207,757,4964
2026-08-01,2026-09-15,DEL-CCU,SpiceJet,45,4865,875,5740
2026-08-01,2026-09-15,DEL-CCU,SpiceJet,45,4230,761,4991
2026-08-01,2026-09-15,DEL-CCU,SpiceJet,45,4537,816,5353
2026-08-01,2026-09-15,DEL-CCU,SpiceJet,45,3967,714,4681
2026-08-01,2026-08-31,DEL-CCU,SpiceJet,30,4706,847,5553
2026-08-01,2026-08-31,DEL-CCU,SpiceJet,30,4809,865,5674
2026-08-01,2026-08-31,DEL-CCU,SpiceJet,30,4828,869,5697
2026-08-01,2026-08-31,DEL-CCU,SpiceJet,30,5166,929,6095
2026-08-01,2026-08-31,DEL-CCU,SpiceJet,30,5055,909,5964
2026-08-01,2026-08-16,DEL-CCU,SpiceJet,15,6500,1170,7670
2026-08-01,2026-08-16,DEL-CCU,SpiceJet,15,5679,1022,6701
2026-08-01,2026-08-16,DEL-CCU,SpiceJet,15,5540,997,6537
2026-08-01,2026-08-16,DEL-CCU,SpiceJet,15,6432,1157,7589
2026-08-01,2026-08-16,DEL-CCU,SpiceJet,15,6487,1167,7654
2026-08-01,2026-08-08,DEL-CCU,SpiceJet,7,7201,1296,8497
2026-08-01,2026-08-08,DEL-CCU,SpiceJet,7,8405,1512,9917
2026-08-01,2026-08-08,DEL-CCU,SpiceJet,7,7149,1286,8435
2026-08-01,2026-08-08,DEL-CCU,SpiceJet,7,7122,1281,8403
2026-08-01,2026-08-08,DEL-CCU,SpiceJet,7,8054,1449,9503
2026-08-01,2026-08-02,DEL-CCU,SpiceJet,1,11841,2131,13972
2026-08-01,2026-08-02,DEL-CCU,SpiceJet,1,10822,1947,12769
2026-08-01,2026-08-02,DEL-CCU,SpiceJet,1,12790,2302,15092
2026-08-01,2026-08-02,DEL-CCU,SpiceJet,1,10779,1940,12719
2026-08-01,2026-08-02,DEL-CCU,SpiceJet,1,10308,1855,12163
2026-08-01,2026-09-15,BLR-HYD,IndiGo,45,2703,486,3189
2026-08-01,2026-09-15,BLR-HYD,IndiGo,45,2655,477,3132
2026-08-01,2026-09-15,BLR-HYD,IndiGo,45,2537,456,2993
2026-08-01,2026-09-15,BLR-HYD,IndiGo,45,3183,572,3755
2026-08-01,2026-09-15,BLR-HYD,IndiGo,45,2816,506,3322
2026-08-01,2026-08-31,BLR-HYD,IndiGo,30,3224,580,3804
2026-08-01,2026-08-31,BLR-HYD,IndiGo,30,3337,600,3937
2026-08-01,2026-08-31,BLR-HYD,IndiGo,30,3507,631,4138
2026-08-01,2026-08-31,BLR-HYD,IndiGo,30,3065,551,3616
2026-08-01,2026-08-31,BLR-HYD,IndiGo,30,2936,528,3464
2026-08-01,2026-08-16,BLR-HYD,IndiGo,15,3504,630,4134
2026-08-01,2026-08-16,BLR-HYD,IndiGo,15,4322,777,5099
2026-08-01,2026-08-16,BLR-HYD,IndiGo,15,4305,774,5079
2026-08-01,2026-08-16,BLR-HYD,IndiGo,15,4152,747,4899
2026-08-01,2026-08-16,BLR-HYD,IndiGo,15,4008,721,4729
2026-08-01,2026-08-08,BLR-HYD,IndiGo,7,4567,822,5389
2026-08-01,2026-08-08,BLR-HYD,IndiGo,7,4873,877,5750
2026-08-01,2026-08-08,BLR-HYD,IndiGo,7,5644,1015,6659
2026-08-01,2026-08-08,BLR-HYD,IndiGo,7,4972,894,5866
2026-08-01,2026-08-08,BLR-HYD,IndiGo,7,5262,947,6209
2026-08-01,2026-08-02,BLR-HYD,IndiGo,1,8498,1529,10027
2026-08-01,2026-08-02,BLR-HYD,IndiGo,1,7836,1410,9246
2026-08-01,2026-08-02,BLR-HYD,IndiGo,1,8356,1504,9860
2026-08-01,2026-08-02,BLR-HYD,IndiGo,1,8373,1507,9880
2026-08-01,2026-08-02,BLR-HYD,IndiGo,1,6882,1238,8120
2026-08-01,2026-09-15,BLR-HYD,Air India,45,3341,601,3942
2026-08-01,2026-09-15,BLR-HYD,Air India,45,3654,657,4311
2026-08-01,2026-09-15,BLR-HYD,Air India,45,3575,643,4218
2026-08-01,2026-09-15,BLR-HYD,Air India,45,2898,521,3419
2026-08-01,2026-09-15,BLR-HYD,Air India,45,3549,638,4187
2026-08-01,2026-08-31,BLR-HYD,Air India,30,3503,630,4133
2026-08-01,2026-08-31,BLR-HYD,Air India,30,3803,684,4487
2026-08-01,2026-08-31,BLR-HYD,Air India,30,3358,604,3962
2026-08-01,2026-08-31,BLR-HYD,Air India,30,3536,636,4172
2026-08-01,2026-08-31,BLR-HYD,Air India,30,3423,616,4039
2026-08-01,2026-08-16,BLR-HYD,Air India,15,4907,883,5790
2026-08-01,2026-08-16,BLR-HYD,Air India,15,4524,814,5338
2026-08-01,2026-08-16,BLR-HYD,Air India,15,4667,840,5507
2026-08-01,2026-08-16,BLR-HYD,Air India,15,4560,820,5380
2026-08-01,2026-08-16,BLR-HYD,Air India,15,4138,744,4882
2026-08-01,2026-08-08,BLR-HYD,Air India,7,6337,1140,7477
2026-08-01,2026-08-08,BLR-HYD,Air India,7,5349,962,6311
2026-08-01,2026-08-08,BLR-HYD,Air India,7,6264,1127,7391
2026-08-01,2026-08-08,BLR-HYD,Air India,7,6319,1137,7456
2026-08-01,2026-08-08,BLR-HYD,Air India,7,5692,1024,6716
2026-08-01,2026-08-02,BLR-HYD,Air India,1,8141,1465,9606
2026-08-01,2026-08-02,BLR-HYD,Air India,1,8897,1601,10498
2026-08-01,2026-08-02,BLR-HYD,Air India,1,9728,1751,11479
2026-08-01,2026-08-02,BLR-HYD,Air India,1,7939,1429,9368
2026-08-01,2026-08-02,BLR-HYD,Air India,1,8554,1539,10093
2026-08-01,2026-09-15,BLR-HYD,Akasa,45,2467,444,2911
2026-08-01,2026-09-15,BLR-HYD,Akasa,45,3052,549,3601
2026-08-01,2026-09-15,BLR-HYD,Akasa,45,2984,537,3521
2026-08-01,2026-09-15,BLR-HYD,Akasa,45,2613,470,3083
2026-08-01,2026-09-15,BLR-HYD,Akasa,45,2903,522,3425
2026-08-01,2026-08-31,BLR-HYD,Akasa,30,3022,543,3565
2026-08-01,2026-08-31,BLR-HYD,Akasa,30,2714,488,3202
2026-08-01,2026-08-31,BLR-HYD,Akasa,30,2985,537,3522
2026-08-01,2026-08-31,BLR-HYD,Akasa,30,3203,576,3779
2026-08-01,2026-08-31,BLR-HYD,Akasa,30,3348,602,3950
2026-08-01,2026-08-16,BLR-HYD,Akasa,15,3858,694,4552
2026-08-01,2026-08-16,BLR-HYD,Akasa,15,3506,631,4137
2026-08-01,2026-08-16,BLR-HYD,Akasa,15,3721,669,4390
2026-08-01,2026-08-16,BLR-HYD,Akasa,15,3943,709,4652
2026-08-01,2026-08-16,BLR-HYD,Akasa,15,3235,582,3817
2026-08-01,2026-08-08,BLR-HYD,Akasa,7,4816,866,5682
2026-08-01,2026-08-08,BLR-HYD,Akasa,7,5039,907,5946
2026-08-01,2026-08-08,BLR-HYD,Akasa,7,5116,920,6036
2026-08-01,2026-08-08,BLR-HYD,Akasa,7,5403,972,6375
2026-08-01,2026-08-08,BLR-HYD,Akasa,7,5388,969,6357
2026-08-01,2026-08-02,BLR-HYD,Akasa,1,7022,1263,8285
2026-08-01,2026-08-02,BLR-HYD,Akasa,1,6383,1148,7531
2026-08-01,2026-08-02,BLR-HYD,Akasa,1,6717,1209,7926
2026-08-01,2026-08-02,BLR-HYD,Akasa,1,6550,1179,7729
2026-08-01,2026-08-02,BLR-HYD,Akasa,1,7008,1261,8269
2026-08-01,2026-09-15,BLR-HYD,SpiceJet,45,2486,447,2933
2026-08-01,2026-09-15,BLR-HYD,SpiceJet,45,2587,465,3052
2026-08-01,2026-09-15,BLR-HYD,SpiceJet,45,2285,411,2696
2026-08-01,2026-09-15,BLR-HYD,SpiceJet,45,2597,467,3064
2026-08-01,2026-09-15,BLR-HYD,SpiceJet,45,2635,474,3109
2026-08-01,2026-08-31,BLR-HYD,SpiceJet,30,2819,507,3326
2026-08-01,2026-08-31,BLR-HYD,SpiceJet,30,2681,482,3163
2026-08-01,2026-08-31,BLR-HYD,SpiceJet,30,2684,483,3167
2026-08-01,2026-08-31,BLR-HYD,SpiceJet,30,2688,483,3171
2026-08-01,2026-08-31,BLR-HYD,SpiceJet,30,3133,563,3696
2026-08-01,2026-08-16,BLR-HYD,SpiceJet,15,3283,590,3873
2026-08-01,2026-08-16,BLR-HYD,SpiceJet,15,3243,583,3826
2026-08-01,2026-08-16,BLR-HYD,SpiceJet,15,3375,607,3982
2026-08-01,2026-08-16,BLR-HYD,SpiceJet,15,3872,696,4568
2026-08-01,2026-08-16,BLR-HYD,SpiceJet,15,3830,689,4519
2026-08-01,2026-08-08,BLR-HYD,SpiceJet,7,4095,737,4832
2026-08-01,2026-08-08,BLR-HYD,SpiceJet,7,4457,802,5259
2026-08-01,2026-08-08,BLR-HYD,SpiceJet,7,4704,846,5550
2026-08-01,2026-08-08,BLR-HYD,SpiceJet,7,4659,838,5497
2026-08-01,2026-08-08,BLR-HYD,SpiceJet,7,4173,751,4924
2026-08-01,2026-08-02,BLR-HYD,SpiceJet,1,6344,1141,7485
2026-08-01,2026-08-02,BLR-HYD,SpiceJet,1,6987,1257,8244
2026-08-01,2026-08-02,BLR-HYD,SpiceJet,1,6088,1095,7183
2026-08-01,2026-08-02,BLR-HYD,SpiceJet,1,6108,1099,7207
2026-08-01,2026-08-02,BLR-HYD,SpiceJet,1,6367,1146,7513
2026-08-02,2026-09-16,DEL-BOM,IndiGo,45,3787,681,4468
2026-08-02,2026-09-16,DEL-BOM,IndiGo,45,4588,825,5413
2026-08-02,2026-09-16,DEL-BOM,IndiGo,45,3959,712,4671
2026-08-02,2026-09-16,DEL-BOM,IndiGo,45,3966,713,4679
2026-08-02,2026-09-16,DEL-BOM,IndiGo,45,4496,809,5305
2026-08-02,2026-09-01,DEL-BOM,IndiGo,30,5199,935,6134
2026-08-02,2026-09-01,DEL-BOM,IndiGo,30,5271,948,6219
2026-08-02,2026-09-01,DEL-BOM,IndiGo,30,4638,834,5472
2026-08-02,2026-09-01,DEL-BOM,IndiGo,30,5053,909,5962
2026-08-02,2026-09-01,DEL-BOM,IndiGo,30,5202,936,6138
2026-08-02,2026-08-17,DEL-BOM,IndiGo,15,5593,1006,6599
2026-08-02,2026-08-17,DEL-BOM,IndiGo,15,5295,953,6248
2026-08-02,2026-08-17,DEL-BOM,IndiGo,15,6257,1126,7383
2026-08-02,2026-08-17,DEL-BOM,IndiGo,15,6035,1086,7121
2026-08-02,2026-08-17,DEL-BOM,IndiGo,15,6067,1092,7159
2026-08-02,2026-08-09,DEL-BOM,IndiGo,7,7634,1374,9008
2026-08-02,2026-08-09,DEL-BOM,IndiGo,7,7183,1292,8475
2026-08-02,2026-08-09,DEL-BOM,IndiGo,7,7134,1284,8418
2026-08-02,2026-08-09,DEL-BOM,IndiGo,7,6891,1240,8131
2026-08-02,2026-08-09,DEL-BOM,IndiGo,7,8189,1474,9663
2026-08-02,2026-08-03,DEL-BOM,IndiGo,1,12530,2255,14785
2026-08-02,2026-08-03,DEL-BOM,IndiGo,1,12558,2260,14818
2026-08-02,2026-08-03,DEL-BOM,IndiGo,1,12032,2165,14197
2026-08-02,2026-08-03,DEL-BOM,IndiGo,1,12331,2219,14550
2026-08-02,2026-08-03,DEL-BOM,IndiGo,1,11480,2066,13546
2026-08-02,2026-09-16,DEL-BOM,Air India,45,4736,852,5588
2026-08-02,2026-09-16,DEL-BOM,Air India,45,4415,794,5209
2026-08-02,2026-09-16,DEL-BOM,Air India,45,4682,842,5524
2026-08-02,2026-09-16,DEL-BOM,Air India,45,5483,986,6469
2026-08-02,2026-09-16,DEL-BOM,Air India,45,5182,932,6114
2026-08-02,2026-09-01,DEL-BOM,Air India,30,5174,931,6105
2026-08-02,2026-09-01,DEL-BOM,Air India,30,5657,1018,6675
2026-08-02,2026-09-01,DEL-BOM,Air India,30,5332,959,6291
2026-08-02,2026-09-01,DEL-BOM,Air India,30,6090,1096,7186
2026-08-02,2026-09-01,DEL-BOM,Air India,30,5032,905,5937
2026-08-02,2026-08-17,DEL-BOM,Air India,15,7043,1267,8310
2026-08-02,2026-08-17,DEL-BOM,Air India,15,5942,1069,7011
2026-08-02,2026-08-17,DEL-BOM,Air India,15,6442,1159,7601
2026-08-02,2026-08-17,DEL-BOM,Air India,15,6721,1209,7930
2026-08-02,2026-08-17,DEL-BOM,Air India,15,7132,1283,8415
2026-08-02,2026-08-09,DEL-BOM,Air India,7,8903,1602,10505
2026-08-02,2026-08-09,DEL-BOM,Air India,7,8844,1591,10435
2026-08-02,2026-08-09,DEL-BOM,Air India,7,8592,1546,10138
2026-08-02,2026-08-09,DEL-BOM,Air India,7,9292,1672,10964
2026-08-02,2026-08-09,DEL-BOM,Air India,7,8805,1584,10389
2026-08-02,2026-08-03,DEL-BOM,Air India,1,12306,2215,14521
2026-08-02,2026-08-03,DEL-BOM,Air India,1,12274,2209,14483
2026-08-02,2026-08-03,DEL-BOM,Air India,1,11775,2119,13894
2026-08-02,2026-08-03,DEL-BOM,Air India,1,12801,2304,15105
2026-08-02,2026-08-03,DEL-BOM,Air India,1,12128,2183,14311
2026-08-02,2026-09-16,DEL-BOM,Akasa,45,4063,731,4794
2026-08-02,2026-09-16,DEL-BOM,Akasa,45,4089,736,4825
2026-08-02,2026-09-16,DEL-BOM,Akasa,45,3962,713,4675
2026-08-02,2026-09-16,DEL-BOM,Akasa,45,3833,689,4522
2026-08-02,2026-09-16,DEL-BOM,Akasa,45,3952,711,4663
2026-08-02,2026-09-01,DEL-BOM,Akasa,30,4811,865,5676
2026-08-02,2026-09-01,DEL-BOM,Akasa,30,4370,786,5156
2026-08-02,2026-09-01,DEL-BOM,Akasa,30,5012,902,5914
2026-08-02,2026-09-01,DEL-BOM,Akasa,30,4259,766,5025
2026-08-02,2026-09-01,DEL-BOM,Akasa,30,4081,734,4815
2026-08-02,2026-08-17,DEL-BOM,Akasa,15,5598,1007,6605
2026-08-02,2026-08-17,DEL-BOM,Akasa,15,5445,980,6425
2026-08-02,2026-08-17,DEL-BOM,Akasa,15,5904,1062,6966
2026-08-02,2026-08-17,DEL-BOM,Akasa,15,5717,1029,6746
2026-08-02,2026-08-17,DEL-BOM,Akasa,15,4907,883,5790
2026-08-02,2026-08-09,DEL-BOM,Akasa,7,6785,1221,8006
2026-08-02,2026-08-09,DEL-BOM,Akasa,7,6997,1259,8256
2026-08-02,2026-08-09,DEL-BOM,Akasa,7,7156,1288,8444
2026-08-02,2026-08-09,DEL-BOM,Akasa,7,7093,1276,8369
2026-08-02,2026-08-09,DEL-BOM,Akasa,7,7516,1352,8868
2026-08-02,2026-08-03,DEL-BOM,Akasa,1,11001,1980,12981
2026-08-02,2026-08-03,DEL-BOM,Akasa,1,12107,2179,14286
2026-08-02,2026-08-03,DEL-BOM,Akasa,1,11801,2124,13925
2026-08-02,2026-08-03,DEL-BOM,Akasa,1,10241,1843,12084
2026-08-02,2026-08-03,DEL-BOM,Akasa,1,11396,2051,13447
2026-08-02,2026-09-16,DEL-BOM,SpiceJet,45,3789,682,4471
2026-08-02,2026-09-16,DEL-BOM,SpiceJet,45,3877,697,4574
2026-08-02,2026-09-16,DEL-BOM,SpiceJet,45,4295,773,5068
2026-08-02,2026-09-16,DEL-BOM,SpiceJet,45,3737,672,4409
2026-08-02,2026-09-16,DEL-BOM,SpiceJet,45,3686,663,4349
2026-08-02,2026-09-01,DEL-BOM,SpiceJet,30,4481,806,5287
2026-08-02,2026-09-01,DEL-BOM,SpiceJet,30,4542,817,5359
2026-08-02,2026-09-01,DEL-BOM,SpiceJet,30,4463,803,5266
2026-08-02,2026-09-01,DEL-BOM,SpiceJet,30,4650,837,5487
2026-08-02,2026-09-01,DEL-BOM,SpiceJet,30,4221,759,4980
2026-08-02,2026-08-17,DEL-BOM,SpiceJet,15,5489,988,6477
2026-08-02,2026-08-17,DEL-BOM,SpiceJet,15,5459,982,6441
2026-08-02,2026-08-17,DEL-BOM,SpiceJet,15,5007,901,5908
2026-08-02,2026-08-17,DEL-BOM,SpiceJet,15,5861,1054,6915
2026-08-02,2026-08-17,DEL-BOM,SpiceJet,15,5830,1049,6879
2026-08-02,2026-08-09,DEL-BOM,SpiceJet,7,6131,1103,7234
2026-08-02,2026-08-09,DEL-BOM,SpiceJet,7,6131,1103,7234
2026-08-02,2026-08-09,DEL-BOM,SpiceJet,7,7725,1390,9115
2026-08-02,2026-08-09,DEL-BOM,SpiceJet,7,7493,1348,8841
2026-08-02,2026-08-09,DEL-BOM,SpiceJet,7,6205,1116,7321
2026-08-02,2026-08-03,DEL-BOM,SpiceJet,1,10213,1838,12051
2026-08-02,2026-08-03,DEL-BOM,SpiceJet,1,9672,1740,11412
2026-08-02,2026-08-03,DEL-BOM,SpiceJet,1,10208,1837,12045
2026-08-02,2026-08-03,DEL-BOM,SpiceJet,1,10767,1938,12705
2026-08-02,2026-08-03,DEL-BOM,SpiceJet,1,9159,1648,10807
2026-08-02,2026-09-16,DEL-BLR,IndiGo,45,5932,1067,6999
2026-08-02,2026-09-16,DEL-BLR,IndiGo,45,5957,1072,7029
2026-08-02,2026-09-16,DEL-BLR,IndiGo,45,6227,1120,7347
2026-08-02,2026-09-16,DEL-BLR,IndiGo,45,6084,1095,7179
2026-08-02,2026-09-16,DEL-BLR,IndiGo,45,5835,1050,6885
2026-08-02,2026-09-01,DEL-BLR,IndiGo,30,5469,984,6453
2026-08-02,2026-09-01,DEL-BLR,IndiGo,30,6435,1158,7593
2026-08-02,2026-09-01,DEL-BLR,IndiGo,30,6408,1153,7561
2026-08-02,2026-09-01,DEL-BLR,IndiGo,30,6422,1155,7577
2026-08-02,2026-09-01,DEL-BLR,IndiGo,30,6923,1246,8169
2026-08-02,2026-08-17,DEL-BLR,IndiGo,15,6869,1236,8105
2026-08-02,2026-08-17,DEL-BLR,IndiGo,15,8454,1521,9975
2026-08-02,2026-08-17,DEL-BLR,IndiGo,15,8225,1480,9705
2026-08-02,2026-08-17,DEL-BLR,IndiGo,15,7392,1330,8722
2026-08-02,2026-08-17,DEL-BLR,IndiGo,15,7669,1380,9049
2026-08-02,2026-08-09,DEL-BLR,IndiGo,7,9886,1779,11665
2026-08-02,2026-08-09,DEL-BLR,IndiGo,7,10554,1899,12453
2026-08-02,2026-08-09,DEL-BLR,IndiGo,7,8948,1610,10558
2026-08-02,2026-08-09,DEL-BLR,IndiGo,7,10776,1939,12715
2026-08-02,2026-08-09,DEL-BLR,IndiGo,7,9315,1676,10991
2026-08-02,2026-08-03,DEL-BLR,IndiGo,1,15917,2865,18782
2026-08-02,2026-08-03,DEL-BLR,IndiGo,1,16453,2961,19414
2026-08-02,2026-08-03,DEL-BLR,IndiGo,1,15626,2812,18438
2026-08-02,2026-08-03,DEL-BLR,IndiGo,1,15525,2794,18319
2026-08-02,2026-08-03,DEL-BLR,IndiGo,1,15571,2802,18373
2026-08-02,2026-09-16,DEL-BLR,Air India,45,6381,1148,7529
2026-08-02,2026-09-16,DEL-BLR,Air India,45,6773,1219,7992
2026-08-02,2026-09-16,DEL-BLR,Air India,45,6884,1239,8123
2026-08-02,2026-09-16,DEL-BLR,Air India,45,6822,1227,8049
2026-08-02,2026-09-16,DEL-BLR,Air India,45,7160,1288,8448
2026-08-02,2026-09-01,DEL-BLR,Air India,30,7834,1410,9244
2026-08-02,2026-09-01,DEL-BLR,Air India,30,6410,1153,7563
2026-08-02,2026-09-01,DEL-BLR,Air India,30,7357,1324,8681
2026-08-02,2026-09-01,DEL-BLR,Air India,30,7324,1318,8642
2026-08-02,2026-09-01,DEL-BLR,Air India,30,7441,1339,8780
2026-08-02,2026-08-17,DEL-BLR,Air India,15,9518,1713,11231
2026-08-02,2026-08-17,DEL-BLR,Air India,15,9518,1713,11231
2026-08-02,2026-08-17,DEL-BLR,Air India,15,9255,1665,10920
2026-08-02,2026-08-17,DEL-BLR,Air India,15,8564,1541,10105
2026-08-02,2026-08-17,DEL-BLR,Air India,15,8443,1519,9962
2026-08-02,2026-08-09,DEL-BLR,Air India,7,12555,2259,14814
2026-08-02,2026-08-09,DEL-BLR,Air India,7,10447,1880,12327
2026-08-02,2026-08-09,DEL-BLR,Air India,7,10820,1947,12767
2026-08-02,2026-08-09,DEL-BLR,Air India,7,12307,2215,14522
2026-08-02,2026-08-09,DEL-BLR,Air India,7,12088,2175,14263
2026-08-02,2026-08-03,DEL-BLR,Air India,1,18828,3389,22217
2026-08-02,2026-08-03,DEL-BLR,Air India,1,18313,3296,21609
2026-08-02,2026-08-03,DEL-BLR,Air India,1,17300,3114,20414
2026-08-02,2026-08-03,DEL-BLR,Air India,1,15587,2805,18392
2026-08-02,2026-08-03,DEL-BLR,Air India,1,16267,2928,19195
2026-08-02,2026-09-16,DEL-BLR,Akasa,45,5164,929,6093
2026-08-02,2026-09-16,DEL-BLR,Akasa,45,5001,900,5901
2026-08-02,2026-09-16,DEL-BLR,Akasa,45,5109,919,6028
2026-08-02,2026-09-16,DEL-BLR,Akasa,45,5447,980,6427
2026-08-02,2026-09-16,DEL-BLR,Akasa,45,5014,902,5916
2026-08-02,2026-09-01,DEL-BLR,Akasa,30,5311,955,6266
2026-08-02,2026-09-01,DEL-BLR,Akasa,30,6115,1100,7215
2026-08-02,2026-09-01,DEL-BLR,Akasa,30,6121,1101,7222
2026-08-02,2026-09-01,DEL-BLR,Akasa,30,5529,995,6524
2026-08-02,2026-09-01,DEL-BLR,Akasa,30,5859,1054,6913
2026-08-02,2026-08-17,DEL-BLR,Akasa,15,7939,1429,9368
2026-08-02,2026-08-17,DEL-BLR,Akasa,15,6680,1202,7882
2026-08-02,2026-08-17,DEL-BLR,Akasa,15,7316,1316,8632
2026-08-02,2026-08-17,DEL-BLR,Akasa,15,7278,1310,8588
2026-08-02,2026-08-17,DEL-BLR,Akasa,15,6404,1152,7556
2026-08-02,2026-08-09,DEL-BLR,Akasa,7,8476,1525,10001
2026-08-02,2026-08-09,DEL-BLR,Akasa,7,9034,1626,10660
2026-08-02,2026-08-09,DEL-BLR,Akasa,7,10559,1900,12459
2026-08-02,2026-08-09,DEL-BLR,Akasa,7,10655,1917,12572
2026-08-02,2026-08-09,DEL-BLR,Akasa,7,10529,1895,12424
2026-08-02,2026-08-03,DEL-BLR,Akasa,1,13197,2375,15572
2026-08-02,2026-08-03,DEL-BLR,Akasa,1,14412,2594,17006
2026-08-02,2026-08-03,DEL-BLR,Akasa,1,14810,2665,17475
2026-08-02,2026-08-03,DEL-BLR,Akasa,1,14371,2586,16957
2026-08-02,2026-08-03,DEL-BLR,Akasa,1,14097,2537,16634
2026-08-02,2026-09-16,DEL-BLR,SpiceJet,45,5417,975,6392
2026-08-02,2026-09-16,DEL-BLR,SpiceJet,45,5015,902,5917
2026-08-02,2026-09-16,DEL-BLR,SpiceJet,45,4974,895,5869
2026-08-02,2026-09-16,DEL-BLR,SpiceJet,45,5080,914,5994
2026-08-02,2026-09-16,DEL-BLR,SpiceJet,45,5149,926,6075
2026-08-02,2026-09-01,DEL-BLR,SpiceJet,30,6119,1101,7220
2026-08-02,2026-09-01,DEL-BLR,SpiceJet,30,5148,926,6074
2026-08-02,2026-09-01,DEL-BLR,SpiceJet,30,5767,1038,6805
2026-08-02,2026-09-01,DEL-BLR,SpiceJet,30,5266,947,6213
2026-08-02,2026-09-01,DEL-BLR,SpiceJet,30,6259,1126,7385
2026-08-02,2026-08-17,DEL-BLR,SpiceJet,15,6446,1160,7606
2026-08-02,2026-08-17,DEL-BLR,SpiceJet,15,6911,1243,8154
2026-08-02,2026-08-17,DEL-BLR,SpiceJet,15,7599,1367,8966
2026-08-02,2026-08-17,DEL-BLR,SpiceJet,15,7138,1284,8422
2026-08-02,2026-08-17,DEL-BLR,SpiceJet,15,7404,1332,8736
2026-08-02,2026-08-09,DEL-BLR,SpiceJet,7,9452,1701,11153
2026-08-02,2026-08-09,DEL-BLR,SpiceJet,7,9495,1709,11204
2026-08-02,2026-08-09,DEL-BLR,SpiceJet,7,9252,1665,10917
2026-08-02,2026-08-09,DEL-BLR,SpiceJet,7,9981,1796,11777
2026-08-02,2026-08-09,DEL-BLR,SpiceJet,7,9133,1643,10776
2026-08-02,2026-08-03,DEL-BLR,SpiceJet,1,13539,2437,15976
2026-08-02,2026-08-03,DEL-BLR,SpiceJet,1,13494,2428,15922
2026-08-02,2026-08-03,DEL-BLR,SpiceJet,1,13202,2376,15578
2026-08-02,2026-08-03,DEL-BLR,SpiceJet,1,13671,2460,16131
2026-08-02,2026-08-03,DEL-BLR,SpiceJet,1,13308,2395,15703
2026-08-02,2026-09-16,BOM-BLR,IndiGo,45,3745,674,4419
2026-08-02,2026-09-16,BOM-BLR,IndiGo,45,3325,598,3923
2026-08-02,2026-09-16,BOM-BLR,IndiGo,45,3173,571,3744
2026-08-02,2026-09-16,BOM-BLR,IndiGo,45,3167,570,3737
2026-08-02,2026-09-16,BOM-BLR,IndiGo,45,3943,709,4652
2026-08-02,2026-09-01,BOM-BLR,IndiGo,30,3915,704,4619
2026-08-02,2026-09-01,BOM-BLR,IndiGo,30,3762,677,4439
2026-08-02,2026-09-01,BOM-BLR,IndiGo,30,3686,663,4349
2026-08-02,2026-09-01,BOM-BLR,IndiGo,30,4271,768,5039
2026-08-02,2026-09-01,BOM-BLR,IndiGo,30,3798,683,4481
2026-08-02,2026-08-17,BOM-BLR,IndiGo,15,4761,856,5617
2026-08-02,2026-08-17,BOM-BLR,IndiGo,15,4831,869,5700
2026-08-02,2026-08-17,BOM-BLR,IndiGo,15,5200,936,6136
2026-08-02,2026-08-17,BOM-BLR,IndiGo,15,4834,870,5704
2026-08-02,2026-08-17,BOM-BLR,IndiGo,15,4595,827,5422
2026-08-02,2026-08-09,BOM-BLR,IndiGo,7,6519,1173,7692
2026-08-02,2026-08-09,BOM-BLR,IndiGo,7,6901,1242,8143
2026-08-02,2026-08-09,BOM-BLR,IndiGo,7,6487,1167,7654
2026-08-02,2026-08-09,BOM-BLR,IndiGo,7,5793,1042,6835
2026-08-02,2026-08-09,BOM-BLR,IndiGo,7,6134,1104,7238
2026-08-02,2026-08-03,BOM-BLR,IndiGo,1,9118,1641,10759
2026-08-02,2026-08-03,BOM-BLR,IndiGo,1,8553,1539,10092
2026-08-02,2026-08-03,BOM-BLR,IndiGo,1,8814,1586,10400
2026-08-02,2026-08-03,BOM-BLR,IndiGo,1,10383,1868,12251
2026-08-02,2026-08-03,BOM-BLR,IndiGo,1,9986,1797,11783
2026-08-02,2026-09-16,BOM-BLR,Air India,45,3939,709,4648
2026-08-02,2026-09-16,BOM-BLR,Air India,45,4568,822,5390
2026-08-02,2026-09-16,BOM-BLR,Air India,45,4472,804,5276
2026-08-02,2026-09-16,BOM-BLR,Air India,45,4410,793,5203
2026-08-02,2026-09-16,BOM-BLR,Air India,45,3710,667,4377
2026-08-02,2026-09-01,BOM-BLR,Air India,30,4569,822,5391
2026-08-02,2026-09-01,BOM-BLR,Air India,30,4093,736,4829
2026-08-02,2026-09-01,BOM-BLR,Air India,30,4057,730,4787
2026-08-02,2026-09-01,BOM-BLR,Air India,30,4355,783,5138
2026-08-02,2026-09-01,BOM-BLR,Air India,30,4529,815,5344
2026-08-02,2026-08-17,BOM-BLR,Air India,15,5102,918,6020
2026-08-02,2026-08-17,BOM-BLR,Air India,15,6192,1114,7306
2026-08-02,2026-08-17,BOM-BLR,Air India,15,6080,1094,7174
2026-08-02,2026-08-17,BOM-BLR,Air India,15,5261,946,6207
2026-08-02,2026-08-17,BOM-BLR,Air India,15,6184,1113,7297
2026-08-02,2026-08-09,BOM-BLR,Air India,7,7910,1423,9333
2026-08-02,2026-08-09,BOM-BLR,Air India,7,8296,1493,9789
2026-08-02,2026-08-09,BOM-BLR,Air India,7,6570,1182,7752
2026-08-02,2026-08-09,BOM-BLR,Air India,7,6689,1204,7893
2026-08-02,2026-08-09,BOM-BLR,Air India,7,6586,1185,7771
2026-08-02,2026-08-03,BOM-BLR,Air India,1,10657,1918,12575
2026-08-02,2026-08-03,BOM-BLR,Air India,1,11738,2112,13850
2026-08-02,2026-08-03,BOM-BLR,Air India,1,11357,2044,13401
2026-08-02,2026-08-03,BOM-BLR,Air India,1,10137,1824,11961
2026-08-02,2026-08-03,BOM-BLR,Air India,1,9612,1730,11342
2026-08-02,2026-09-16,BOM-BLR,Akasa,45,3328,599,3927
2026-08-02,2026-09-16,BOM-BLR,Akasa,45,3559,640,4199
2026-08-02,2026-09-16,BOM-BLR,Akasa,45,3655,657,4312
2026-08-02,2026-09-16,BOM-BLR,Akasa,45,3778,680,4458
2026-08-02,2026-09-16,BOM-BLR,Akasa,45,3248,584,3832
2026-08-02,2026-09-01,BOM-BLR,Akasa,30,4151,747,4898
2026-08-02,2026-09-01,BOM-BLR,Akasa,30,4127,742,4869
2026-08-02,2026-09-01,BOM-BLR,Akasa,30,3675,661,4336
2026-08-02,2026-09-01,BOM-BLR,Akasa,30,3881,698,4579
2026-08-02,2026-09-01,BOM-BLR,Akasa,30,4139,745,4884
2026-08-02,2026-08-17,BOM-BLR,Akasa,15,4658,838,5496
2026-08-02,2026-08-17,BOM-BLR,Akasa,15,5110,919,6029
2026-08-02,2026-08-17,BOM-BLR,Akasa,15,4547,818,5365
2026-08-02,2026-08-17,BOM-BLR,Akasa,15,4263,767,5030
2026-08-02,2026-08-17,BOM-BLR,Akasa,15,4313,776,5089
2026-08-02,2026-08-09,BOM-BLR,Akasa,7,6036,1086,7122
2026-08-02,2026-08-09,BOM-BLR,Akasa,7,5459,982,6441
2026-08-02,2026-08-09,BOM-BLR,Akasa,7,5956,1072,7028
2026-08-02,2026-08-09,BOM-BLR,Akasa,7,6103,1098,7201
2026-08-02,2026-08-09,BOM-BLR,Akasa,7,6193,1114,7307
2026-08-02,2026-08-03,BOM-BLR,Akasa,1,9289,1672,10961
2026-08-02,2026-08-03,BOM-BLR,Akasa,1,8674,1561,10235
2026-08-02,2026-08-03,BOM-BLR,Akasa,1,8426,1516,9942
2026-08-02,2026-08-03,BOM-BLR,Akasa,1,9796,1763,11559
2026-08-02,2026-08-03,BOM-BLR,Akasa,1,9721,1749,11470
2026-08-02,2026-09-16,BOM-BLR,SpiceJet,45,3233,581,3814
2026-08-02,2026-09-16,BOM-BLR,SpiceJet,45,3524,634,4158
2026-08-02,2026-09-16,BOM-BLR,SpiceJet,45,3166,569,3735
2026-08-02,2026-09-16,BOM-BLR,SpiceJet,45,2891,520,3411
2026-08-02,2026-09-16,BOM-BLR,SpiceJet,45,3433,617,4050
2026-08-02,2026-09-01,BOM-BLR,SpiceJet,30,3424,616,4040
2026-08-02,2026-09-01,BOM-BLR,SpiceJet,30,3233,581,3814
2026-08-02,2026-09-01,BOM-BLR,SpiceJet,30,3283,590,3873
2026-08-02,2026-09-01,BOM-BLR,SpiceJet,30,3921,705,4626
2026-08-02,2026-09-01,BOM-BLR,SpiceJet,30,3688,663,4351
2026-08-02,2026-08-17,BOM-BLR,SpiceJet,15,3913,704,4617
2026-08-02,2026-08-17,BOM-BLR,SpiceJet,15,3900,702,4602
2026-08-02,2026-08-17,BOM-BLR,SpiceJet,15,4645,836,5481
2026-08-02,2026-08-17,BOM-BLR,SpiceJet,15,4643,835,5478
2026-08-02,2026-08-17,BOM-BLR,SpiceJet,15,4049,728,4777
2026-08-02,2026-08-09,BOM-BLR,SpiceJet,7,5779,1040,6819
2026-08-02,2026-08-09,BOM-BLR,SpiceJet,7,5472,984,6456
2026-08-02,2026-08-09,BOM-BLR,SpiceJet,7,5219,939,6158
2026-08-02,2026-08-09,BOM-BLR,SpiceJet,7,6084,1095,7179
2026-08-02,2026-08-09,BOM-BLR,SpiceJet,7,5340,961,6301
2026-08-02,2026-08-03,BOM-BLR,SpiceJet,1,8890,1600,10490
2026-08-02,2026-08-03,BOM-BLR,SpiceJet,1,8232,1481,9713
2026-08-02,2026-08-03,BOM-BLR,SpiceJet,1,8130,1463,9593
2026-08-02,2026-08-03,BOM-BLR,SpiceJet,1,8497,1529,10026
2026-08-02,2026-08-03,BOM-BLR,SpiceJet,1,9348,1682,11030
2026-08-02,2026-09-16,DEL-CCU,IndiGo,45,4665,839,5504
2026-08-02,2026-09-16,DEL-CCU,IndiGo,45,5510,991,6501
2026-08-02,2026-09-16,DEL-CCU,IndiGo,45,5133,923,6056
2026-08-02,2026-09-16,DEL-CCU,IndiGo,45,5122,921,6043
2026-08-02,2026-09-16,DEL-CCU,IndiGo,45,4735,852,5587
2026-08-02,2026-09-01,DEL-CCU,IndiGo,30,5995,1079,7074
2026-08-02,2026-09-01,DEL-CCU,IndiGo,30,5731,1031,6762
2026-08-02,2026-09-01,DEL-CCU,IndiGo,30,5462,983,6445
2026-08-02,2026-09-01,DEL-CCU,IndiGo,30,5279,950,6229
2026-08-02,2026-09-01,DEL-CCU,IndiGo,30,5206,937,6143
2026-08-02,2026-08-17,DEL-CCU,IndiGo,15,5843,1051,6894
2026-08-02,2026-08-17,DEL-CCU,IndiGo,15,6323,1138,7461
2026-08-02,2026-08-17,DEL-CCU,IndiGo,15,6720,1209,7929
2026-08-02,2026-08-17,DEL-CCU,IndiGo,15,7110,1279,8389
2026-08-02,2026-08-17,DEL-CCU,IndiGo,15,6962,1253,8215
2026-08-02,2026-08-09,DEL-CCU,IndiGo,7,8651,1557,10208
2026-08-02,2026-08-09,DEL-CCU,IndiGo,7,9662,1739,11401
2026-08-02,2026-08-09,DEL-CCU,IndiGo,7,8599,1547,10146
2026-08-02,2026-08-09,DEL-CCU,IndiGo,7,9342,1681,11023
2026-08-02,2026-08-09,DEL-CCU,IndiGo,7,9596,1727,11323
2026-08-02,2026-08-03,DEL-CCU,IndiGo,1,13308,2395,15703
2026-08-02,2026-08-03,DEL-CCU,IndiGo,1,11640,2095,13735
2026-08-02,2026-08-03,DEL-CCU,IndiGo,1,13495,2429,15924
2026-08-02,2026-08-03,DEL-CCU,IndiGo,1,12905,2322,15227
2026-08-02,2026-08-03,DEL-CCU,IndiGo,1,14266,2567,16833
2026-08-02,2026-09-16,DEL-CCU,Air India,45,5023,904,5927
2026-08-02,2026-09-16,DEL-CCU,Air India,45,5479,986,6465
2026-08-02,2026-09-16,DEL-CCU,Air India,45,5382,968,6350
2026-08-02,2026-09-16,DEL-CCU,Air India,45,5856,1054,6910
2026-08-02,2026-09-16,DEL-CCU,Air India,45,5971,1074,7045
2026-08-02,2026-09-01,DEL-CCU,Air India,30,6579,1184,7763
2026-08-02,2026-09-01,DEL-CCU,Air India,30,6502,1170,7672
2026-08-02,2026-09-01,DEL-CCU,Air India,30,5507,991,6498
2026-08-02,2026-09-01,DEL-CCU,Air India,30,6429,1157,7586
2026-08-02,2026-09-01,DEL-CCU,Air India,30,6134,1104,7238
2026-08-02,2026-08-17,DEL-CCU,Air India,15,7833,1409,9242
2026-08-02,2026-08-17,DEL-CCU,Air India,15,8340,1501,9841
2026-08-02,2026-08-17,DEL-CCU,Air India,15,7305,1314,8619
2026-08-02,2026-08-17,DEL-CCU,Air India,15,8332,1499,9831
2026-08-02,2026-08-17,DEL-CCU,Air India,15,7336,1320,8656
2026-08-02,2026-08-09,DEL-CCU,Air India,7,9296,1673,10969
2026-08-02,2026-08-09,DEL-CCU,Air India,7,10214,1838,12052
2026-08-02,2026-08-09,DEL-CCU,Air India,7,10224,1840,12064
2026-08-02,2026-08-09,DEL-CCU,Air India,7,9750,1755,11505
2026-08-02,2026-08-09,DEL-CCU,Air India,7,9980,1796,11776
2026-08-02,2026-08-03,DEL-CCU,Air India,1,14660,2638,17298
2026-08-02,2026-08-03,DEL-CCU,Air India,1,16466,2963,19429
2026-08-02,2026-08-03,DEL-CCU,Air India,1,13887,2499,16386
2026-08-02,2026-08-03,DEL-CCU,Air India,1,15557,2800,18357
2026-08-02,2026-08-03,DEL-CCU,Air India,1,16593,2986,19579
2026-08-02,2026-09-16,DEL-CCU,Akasa,45,5141,925,6066
2026-08-02,2026-09-16,DEL-CCU,Akasa,45,4758,856,5614
2026-08-02,2026-09-16,DEL-CCU,Akasa,45,5017,903,5920
2026-08-02,2026-09-16,DEL-CCU,Akasa,45,4847,872,5719
2026-08-02,2026-09-16,DEL-CCU,Akasa,45,4725,850,5575
2026-08-02,2026-09-01,DEL-CCU,Akasa,30,4626,832,5458
2026-08-02,2026-09-01,DEL-CCU,Akasa,30,4886,879,5765
2026-08-02,2026-09-01,DEL-CCU,Akasa,30,5447,980,6427
2026-08-02,2026-09-01,DEL-CCU,Akasa,30,5218,939,6157
2026-08-02,2026-09-01,DEL-CCU,Akasa,30,5615,1010,6625
2026-08-02,2026-08-17,DEL-CCU,Akasa,15,6161,1108,7269
2026-08-02,2026-08-17,DEL-CCU,Akasa,15,6720,1209,7929
2026-08-02,2026-08-17,DEL-CCU,Akasa,15,5559,1000,6559
2026-08-02,2026-08-17,DEL-CCU,Akasa,15,6950,1251,8201
2026-08-02,2026-08-17,DEL-CCU,Akasa,15,6848,1232,8080
2026-08-02,2026-08-09,DEL-CCU,Akasa,7,8704,1566,10270
2026-08-02,2026-08-09,DEL-CCU,Akasa,7,7712,1388,9100
2026-08-02,2026-08-09,DEL-CCU,Akasa,7,7496,1349,8845
2026-08-02,2026-08-09,DEL-CCU,Akasa,7,8141,1465,9606
2026-08-02,2026-08-09,DEL-CCU,Akasa,7,8299,1493,9792
2026-08-02,2026-08-03,DEL-CCU,Akasa,1,13284,2391,15675
2026-08-02,2026-08-03,DEL-CCU,Akasa,1,13226,2380,15606
2026-08-02,2026-08-03,DEL-CCU,Akasa,1,12482,2246,14728
2026-08-02,2026-08-03,DEL-CCU,Akasa,1,11620,2091,13711
2026-08-02,2026-08-03,DEL-CCU,Akasa,1,12694,2284,14978
2026-08-02,2026-09-16,DEL-CCU,SpiceJet,45,4580,824,5404
2026-08-02,2026-09-16,DEL-CCU,SpiceJet,45,3954,711,4665
2026-08-02,2026-09-16,DEL-CCU,SpiceJet,45,4953,891,5844
2026-08-02,2026-09-16,DEL-CCU,SpiceJet,45,3960,712,4672
2026-08-02,2026-09-16,DEL-CCU,SpiceJet,45,4471,804,5275
2026-08-02,2026-09-01,DEL-CCU,SpiceJet,30,4618,831,5449
2026-08-02,2026-09-01,DEL-CCU,SpiceJet,30,4909,883,5792
2026-08-02,2026-09-01,DEL-CCU,SpiceJet,30,4424,796,5220
2026-08-02,2026-09-01,DEL-CCU,SpiceJet,30,5451,981,6432
2026-08-02,2026-09-01,DEL-CCU,SpiceJet,30,4573,823,5396
2026-08-02,2026-08-17,DEL-CCU,SpiceJet,15,5496,989,6485
2026-08-02,2026-08-17,DEL-CCU,SpiceJet,15,5762,1037,6799
2026-08-02,2026-08-17,DEL-CCU,SpiceJet,15,5403,972,6375
2026-08-02,2026-08-17,DEL-CCU,SpiceJet,15,6302,1134,7436
2026-08-02,2026-08-17,DEL-CCU,SpiceJet,15,5661,1018,6679
2026-08-02,2026-08-09,DEL-CCU,SpiceJet,7,7123,1282,8405
2026-08-02,2026-08-09,DEL-CCU,SpiceJet,7,8781,1580,10361
2026-08-02,2026-08-09,DEL-CCU,SpiceJet,7,7698,1385,9083
2026-08-02,2026-08-09,DEL-CCU,SpiceJet,7,7705,1386,9091
2026-08-02,2026-08-09,DEL-CCU,SpiceJet,7,8065,1451,9516
2026-08-02,2026-08-03,DEL-CCU,SpiceJet,1,10954,1971,12925
2026-08-02,2026-08-03,DEL-CCU,SpiceJet,1,11215,2018,13233
2026-08-02,2026-08-03,DEL-CCU,SpiceJet,1,11157,2008,13165
2026-08-02,2026-08-03,DEL-CCU,SpiceJet,1,11943,2149,14092
2026-08-02,2026-08-03,DEL-CCU,SpiceJet,1,12878,2318,15196
2026-08-02,2026-09-16,BLR-HYD,IndiGo,45,2630,473,3103
2026-08-02,2026-09-16,BLR-HYD,IndiGo,45,2703,486,3189
2026-08-02,2026-09-16,BLR-HYD,IndiGo,45,2690,484,3174
2026-08-02,2026-09-16,BLR-HYD,IndiGo,45,2736,492,3228
2026-08-02,2026-09-16,BLR-HYD,IndiGo,45,2750,495,3245
2026-08-02,2026-09-01,BLR-HYD,IndiGo,30,3260,586,3846
2026-08-02,2026-09-01,BLR-HYD,IndiGo,30,3391,610,4001
2026-08-02,2026-09-01,BLR-HYD,IndiGo,30,2879,518,3397
2026-08-02,2026-09-01,BLR-HYD,IndiGo,30,3102,558,3660
2026-08-02,2026-09-01,BLR-HYD,IndiGo,30,2986,537,3523
2026-08-02,2026-08-17,BLR-HYD,IndiGo,15,3679,662,4341
2026-08-02,2026-08-17,BLR-HYD,IndiGo,15,3771,678,4449
2026-08-02,2026-08-17,BLR-HYD,IndiGo,15,4292,772,5064
2026-08-02,2026-08-17,BLR-HYD,IndiGo,15,4084,735,4819
2026-08-02,2026-08-17,BLR-HYD,IndiGo,15,4139,745,4884
2026-08-02,2026-08-09,BLR-HYD,IndiGo,7,5179,932,6111
2026-08-02,2026-08-09,BLR-HYD,IndiGo,7,4908,883,5791
2026-08-02,2026-08-09,BLR-HYD,IndiGo,7,5593,1006,6599
2026-08-02,2026-08-09,BLR-HYD,IndiGo,7,5512,992,6504
2026-08-02,2026-08-09,BLR-HYD,IndiGo,7,5374,967,6341
2026-08-02,2026-08-03,BLR-HYD,IndiGo,1,7421,1335,8756
2026-08-02,2026-08-03,BLR-HYD,IndiGo,1,7767,1398,9165
2026-08-02,2026-08-03,BLR-HYD,IndiGo,1,6712,1208,7920
2026-08-02,2026-08-03,BLR-HYD,IndiGo,1,7716,1388,9104
2026-08-02,2026-08-03,BLR-HYD,IndiGo,1,6866,1235,8101
2026-08-02,2026-09-16,BLR-HYD,Air India,45,3280,590,3870
2026-08-02,2026-09-16,BLR-HYD,Air India,45,3277,589,3866
2026-08-02,2026-09-16,BLR-HYD,Air India,45,3283,590,3873
2026-08-02,2026-09-16,BLR-HYD,Air India,45,3371,606,3977
2026-08-02,2026-09-16,BLR-HYD,Air India,45,3117,561,3678
2026-08-02,2026-09-01,BLR-HYD,Air India,30,3926,706,4632
2026-08-02,2026-09-01,BLR-HYD,Air India,30,4030,725,4755
2026-08-02,2026-09-01,BLR-HYD,Air India,30,3839,691,4530
2026-08-02,2026-09-01,BLR-HYD,Air India,30,3572,642,4214
2026-08-02,2026-09-01,BLR-HYD,Air India,30,3777,679,4456
2026-08-02,2026-08-17,BLR-HYD,Air India,15,3991,718,4709
2026-08-02,2026-08-17,BLR-HYD,Air India,15,4364,785,5149
2026-08-02,2026-08-17,BLR-HYD,Air India,15,4945,890,5835
2026-08-02,2026-08-17,BLR-HYD,Air India,15,4058,730,4788
2026-08-02,2026-08-17,BLR-HYD,Air India,15,4596,827,5423
2026-08-02,2026-08-09,BLR-HYD,Air India,7,6463,1163,7626
2026-08-02,2026-08-09,BLR-HYD,Air India,7,5980,1076,7056
2026-08-02,2026-08-09,BLR-HYD,Air India,7,6213,1118,7331
2026-08-02,2026-08-09,BLR-HYD,Air India,7,6384,1149,7533
2026-08-02,2026-08-09,BLR-HYD,Air India,7,6319,1137,7456
2026-08-02,2026-08-03,BLR-HYD,Air India,1,7970,1434,9404
2026-08-02,2026-08-03,BLR-HYD,Air India,1,9627,1732,11359
2026-08-02,2026-08-03,BLR-HYD,Air India,1,8892,1600,10492
2026-08-02,2026-08-03,BLR-HYD,Air India,1,9037,1626,10663
2026-08-02,2026-08-03,BLR-HYD,Air India,1,9215,1658,10873
2026-08-02,2026-09-16,BLR-HYD,Akasa,45,3049,548,3597
2026-08-02,2026-09-16,BLR-HYD,Akasa,45,2846,512,3358
2026-08-02,2026-09-16,BLR-HYD,Akasa,45,2570,462,3032
2026-08-02,2026-09-16,BLR-HYD,Akasa,45,2946,530,3476
2026-08-02,2026-09-16,BLR-HYD,Akasa,45,2847,512,3359
2026-08-02,2026-09-01,BLR-HYD,Akasa,30,3288,591,3879
2026-08-02,2026-09-01,BLR-HYD,Akasa,30,3108,559,3667
2026-08-02,2026-09-01,BLR-HYD,Akasa,30,2678,482,3160
2026-08-02,2026-09-01,BLR-HYD,Akasa,30,3167,570,3737
2026-08-02,2026-09-01,BLR-HYD,Akasa,30,2931,527,3458
2026-08-02,2026-08-17,BLR-HYD,Akasa,15,3406,613,4019
2026-08-02,2026-08-17,BLR-HYD,Akasa,15,4016,722,4738
2026-08-02,2026-08-17,BLR-HYD,Akasa,15,3446,620,4066
2026-08-02,2026-08-17,BLR-HYD,Akasa,15,4120,741,4861
2026-08-02,2026-08-17,BLR-HYD,Akasa,15,3961,712,4673
2026-08-02,2026-08-09,BLR-HYD,Akasa,7,4558,820,5378
2026-08-02,2026-08-09,BLR-HYD,Akasa,7,4882,878,5760
2026-08-02,2026-08-09,BLR-HYD,Akasa,7,4723,850,5573
2026-08-02,2026-08-09,BLR-HYD,Akasa,7,4563,821,5384
2026-08-02,2026-08-09,BLR-HYD,Akasa,7,4857,874,5731
2026-08-02,2026-08-03,BLR-HYD,Akasa,1,7827,1408,9235
2026-08-02,2026-08-03,BLR-HYD,Akasa,1,6783,1220,8003
2026-08-02,2026-08-03,BLR-HYD,Akasa,1,7793,1402,9195
2026-08-02,2026-08-03,BLR-HYD,Akasa,1,6459,1162,7621
2026-08-02,2026-08-03,BLR-HYD,Akasa,1,7412,1334,8746
2026-08-02,2026-09-16,BLR-HYD,SpiceJet,45,2405,432,2837
2026-08-02,2026-09-16,BLR-HYD,SpiceJet,45,2871,516,3387
2026-08-02,2026-09-16,BLR-HYD,SpiceJet,45,2492,448,2940
2026-08-02,2026-09-16,BLR-HYD,SpiceJet,45,2312,416,2728
2026-08-02,2026-09-16,BLR-HYD,SpiceJet,45,2384,429,2813
2026-08-02,2026-09-01,BLR-HYD,SpiceJet,30,2661,478,3139
2026-08-02,2026-09-01,BLR-HYD,SpiceJet,30,3009,541,3550
2026-08-02,2026-09-01,BLR-HYD,SpiceJet,30,2711,487,3198
2026-08-02,2026-09-01,BLR-HYD,SpiceJet,30,2842,511,3353
2026-08-02,2026-09-01,BLR-HYD,SpiceJet,30,2650,477,3127
2026-08-02,2026-08-17,BLR-HYD,SpiceJet,15,3665,659,4324
2026-08-02,2026-08-17,BLR-HYD,SpiceJet,15,3726,670,4396
2026-08-02,2026-08-17,BLR-HYD,SpiceJet,15,3735,672,4407
2026-08-02,2026-08-17,BLR-HYD,SpiceJet,15,3075,553,3628
2026-08-02,2026-08-17,BLR-HYD,SpiceJet,15,3332,599,3931
2026-08-02,2026-08-09,BLR-HYD,SpiceJet,7,4669,840,5509
2026-08-02,2026-08-09,BLR-HYD,SpiceJet,7,4669,840,5509
2026-08-02,2026-08-09,BLR-HYD,SpiceJet,7,4508,811,5319
2026-08-02,2026-08-09,BLR-HYD,SpiceJet,7,5131,923,6054
2026-08-02,2026-08-09,BLR-HYD,SpiceJet,7,4737,852,5589
2026-08-02,2026-08-03,BLR-HYD,SpiceJet,1,6494,1168,7662
2026-08-02,2026-08-03,BLR-HYD,SpiceJet,1,7186,1293,8479
2026-08-02,2026-08-03,BLR-HYD,SpiceJet,1,6804,1224,8028
2026-08-02,2026-08-03,BLR-HYD,SpiceJet,1,6393,1150,7543
2026-08-02,2026-08-03,BLR-HYD,SpiceJet,1,6613,1190,7803
2026-08-03,2026-09-17,DEL-BOM,IndiGo,45,4153,747,4900
2026-08-03,2026-09-17,DEL-BOM,IndiGo,45,4141,745,4886
2026-08-03,2026-09-17,DEL-BOM,IndiGo,45,3933,707,4640
2026-08-03,2026-09-17,DEL-BOM,IndiGo,45,4018,723,4741
2026-08-03,2026-09-17,DEL-BOM,IndiGo,45,4019,723,4742
2026-08-03,2026-09-02,DEL-BOM,IndiGo,30,4512,812,5324
2026-08-03,2026-09-02,DEL-BOM,IndiGo,30,5306,955,6261
2026-08-03,2026-09-02,DEL-BOM,IndiGo,30,4872,876,5748
2026-08-03,2026-09-02,DEL-BOM,IndiGo,30,4182,752,4934
2026-08-03,2026-09-02,DEL-BOM,IndiGo,30,4415,794,5209
2026-08-03,2026-08-18,DEL-BOM,IndiGo,15,5408,973,6381
2026-08-03,2026-08-18,DEL-BOM,IndiGo,15,5597,1007,6604
2026-08-03,2026-08-18,DEL-BOM,IndiGo,15,6094,1096,7190
2026-08-03,2026-08-18,DEL-BOM,IndiGo,15,5946,1070,7016
2026-08-03,2026-08-18,DEL-BOM,IndiGo,15,6172,1110,7282
2026-08-03,2026-08-10,DEL-BOM,IndiGo,7,7189,1294,8483
2026-08-03,2026-08-10,DEL-BOM,IndiGo,7,7172,1290,8462
2026-08-03,2026-08-10,DEL-BOM,IndiGo,7,8114,1460,9574
2026-08-03,2026-08-10,DEL-BOM,IndiGo,7,7239,1303,8542
2026-08-03,2026-08-10,DEL-BOM,IndiGo,7,8420,1515,9935
2026-08-03,2026-08-04,DEL-BOM,IndiGo,1,12359,2224,14583
2026-08-03,2026-08-04,DEL-BOM,IndiGo,1,12692,2284,14976
2026-08-03,2026-08-04,DEL-BOM,IndiGo,1,10296,1853,12149
2026-08-03,2026-08-04,DEL-BOM,IndiGo,1,10470,1884,12354
2026-08-03,2026-08-04,DEL-BOM,IndiGo,1,11831,2129,13960
2026-08-03,2026-09-17,DEL-BOM,Air India,45,4655,837,5492
2026-08-03,2026-09-17,DEL-BOM,Air India,45,5333,959,6292
2026-08-03,2026-09-17,DEL-BOM,Air India,45,4912,884,5796
2026-08-03,2026-09-17,DEL-BOM,Air India,45,5217,939,6156
2026-08-03,2026-09-17,DEL-BOM,Air India,45,5094,916,6010
2026-08-03,2026-09-02,DEL-BOM,Air India,30,5321,957,6278
2026-08-03,2026-09-02,DEL-BOM,Air India,30,5924,1066,6990
2026-08-03,2026-09-02,DEL-BOM,Air India,30,5302,954,6256
2026-08-03,2026-09-02,DEL-BOM,Air India,30,5029,905,5934
2026-08-03,2026-09-02,DEL-BOM,Air India,30,5213,938,6151
2026-08-03,2026-08-18,DEL-BOM,Air India,15,6181,1112,7293
2026-08-03,2026-08-18,DEL-BOM,Air India,15,6536,1176,7712
2026-08-03,2026-08-18,DEL-BOM,Air India,15,7385,1329,8714
2026-08-03,2026-08-18,DEL-BOM,Air India,15,7487,1347,8834
2026-08-03,2026-08-18,DEL-BOM,Air India,15,6658,1198,7856
2026-08-03,2026-08-10,DEL-BOM,Air India,7,9169,1650,10819
2026-08-03,2026-08-10,DEL-BOM,Air India,7,8485,1527,10012
2026-08-03,2026-08-10,DEL-BOM,Air India,7,9996,1799,11795
2026-08-03,2026-08-10,DEL-BOM,Air India,7,9543,1717,11260
2026-08-03,2026-08-10,DEL-BOM,Air India,7,8828,1589,10417
2026-08-03,2026-08-04,DEL-BOM,Air India,1,12774,2299,15073
2026-08-03,2026-08-04,DEL-BOM,Air India,1,12066,2171,14237
2026-08-03,2026-08-04,DEL-BOM,Air India,1,13591,2446,16037
2026-08-03,2026-08-04,DEL-BOM,Air India,1,11757,2116,13873
2026-08-03,2026-08-04,DEL-BOM,Air India,1,11761,2116,13877
2026-08-03,2026-09-17,DEL-BOM,Akasa,45,4302,774,5076
2026-08-03,2026-09-17,DEL-BOM,Akasa,45,3708,667,4375
2026-08-03,2026-09-17,DEL-BOM,Akasa,45,3681,662,4343
2026-08-03,2026-09-17,DEL-BOM,Akasa,45,4310,775,5085
2026-08-03,2026-09-17,DEL-BOM,Akasa,45,3604,648,4252
2026-08-03,2026-09-02,DEL-BOM,Akasa,30,4215,758,4973
2026-08-03,2026-09-02,DEL-BOM,Akasa,30,4376,787,5163
2026-08-03,2026-09-02,DEL-BOM,Akasa,30,4334,780,5114
2026-08-03,2026-09-02,DEL-BOM,Akasa,30,4531,815,5346
2026-08-03,2026-09-02,DEL-BOM,Akasa,30,3959,712,4671
2026-08-03,2026-08-18,DEL-BOM,Akasa,15,5646,1016,6662
2026-08-03,2026-08-18,DEL-BOM,Akasa,15,5708,1027,6735
2026-08-03,2026-08-18,DEL-BOM,Akasa,15,5477,985,6462
2026-08-03,2026-08-18,DEL-BOM,Akasa,15,6055,1089,7144
2026-08-03,2026-08-18,DEL-BOM,Akasa,15,5756,1036,6792
2026-08-03,2026-08-10,DEL-BOM,Akasa,7,7983,1436,9419
2026-08-03,2026-08-10,DEL-BOM,Akasa,7,6477,1165,7642
2026-08-03,2026-08-10,DEL-BOM,Akasa,7,7638,1374,9012
2026-08-03,2026-08-10,DEL-BOM,Akasa,7,6969,1254,8223
2026-08-03,2026-08-10,DEL-BOM,Akasa,7,6504,1170,7674
2026-08-03,2026-08-04,DEL-BOM,Akasa,1,10627,1912,12539
2026-08-03,2026-08-04,DEL-BOM,Akasa,1,10928,1967,12895
2026-08-03,2026-08-04,DEL-BOM,Akasa,1,11638,2094,13732
2026-08-03,2026-08-04,DEL-BOM,Akasa,1,9871,1776,11647
2026-08-03,2026-08-04,DEL-BOM,Akasa,1,11505,2070,13575
2026-08-03,2026-09-17,DEL-BOM,SpiceJet,45,3766,677,4443
2026-08-03,2026-09-17,DEL-BOM,SpiceJet,45,3701,666,4367
2026-08-03,2026-09-17,DEL-BOM,SpiceJet,45,4093,736,4829
2026-08-03,2026-09-17,DEL-BOM,SpiceJet,45,3785,681,4466
2026-08-03,2026-09-17,DEL-BOM,SpiceJet,45,4190,754,4944
2026-08-03,2026-09-02,DEL-BOM,SpiceJet,30,4699,845,5544
2026-08-03,2026-09-02,DEL-BOM,SpiceJet,30,3887,699,4586
2026-08-03,2026-09-02,DEL-BOM,SpiceJet,30,4332,779,5111
2026-08-03,2026-09-02,DEL-BOM,SpiceJet,30,4706,847,5553
2026-08-03,2026-09-02,DEL-BOM,SpiceJet,30,4104,738,4842
2026-08-03,2026-08-18,DEL-BOM,SpiceJet,15,4706,847,5553
2026-08-03,2026-08-18,DEL-BOM,SpiceJet,15,5822,1047,6869
2026-08-03,2026-08-18,DEL-BOM,SpiceJet,15,5478,986,6464
2026-08-03,2026-08-18,DEL-BOM,SpiceJet,15,5695,1025,6720
2026-08-03,2026-08-18,DEL-BOM,SpiceJet,15,5380,968,6348
2026-08-03,2026-08-10,DEL-BOM,SpiceJet,7,6190,1114,7304
2026-08-03,2026-08-10,DEL-BOM,SpiceJet,7,6279,1130,7409
2026-08-03,2026-08-10,DEL-BOM,SpiceJet,7,6931,1247,8178
2026-08-03,2026-08-10,DEL-BOM,SpiceJet,7,7380,1328,8708
2026-08-03,2026-08-10,DEL-BOM,SpiceJet,7,6625,1192,7817
2026-08-03,2026-08-04,DEL-BOM,SpiceJet,1,9729,1751,11480
2026-08-03,2026-08-04,DEL-BOM,SpiceJet,1,9080,1634,10714
2026-08-03,2026-08-04,DEL-BOM,SpiceJet,1,11308,2035,13343
2026-08-03,2026-08-04,DEL-BOM,SpiceJet,1,11051,1989,13040
2026-08-03,2026-08-04,DEL-BOM,SpiceJet,1,9809,1765,11574
2026-08-03,2026-09-17,DEL-BLR,IndiGo,45,5315,956,6271
2026-08-03,2026-09-17,DEL-BLR,IndiGo,45,5317,957,6274
2026-08-03,2026-09-17,DEL-BLR,IndiGo,45,5940,1069,7009
2026-08-03,2026-09-17,DEL-BLR,IndiGo,45,5982,1076,7058
2026-08-03,2026-09-17,DEL-BLR,IndiGo,45,5532,995,6527
2026-08-03,2026-09-02,DEL-BLR,IndiGo,30,6948,1250,8198
2026-08-03,2026-09-02,DEL-BLR,IndiGo,30,6832,1229,8061
2026-08-03,2026-09-02,DEL-BLR,IndiGo,30,6812,1226,8038
2026-08-03,2026-09-02,DEL-BLR,IndiGo,30,6769,1218,7987
2026-08-03,2026-09-02,DEL-BLR,IndiGo,30,6726,1210,7936
2026-08-03,2026-08-18,DEL-BLR,IndiGo,15,6777,1219,7996
2026-08-03,2026-08-18,DEL-BLR,IndiGo,15,8524,1534,10058
2026-08-03,2026-08-18,DEL-BLR,IndiGo,15,7272,1308,8580
2026-08-03,2026-08-18,DEL-BLR,IndiGo,15,8431,1517,9948
2026-08-03,2026-08-18,DEL-BLR,IndiGo,15,8492,1528,10020
2026-08-03,2026-08-10,DEL-BLR,IndiGo,7,9093,1636,10729
2026-08-03,2026-08-10,DEL-BLR,IndiGo,7,10277,1849,12126
2026-08-03,2026-08-10,DEL-BLR,IndiGo,7,11351,2043,13394
2026-08-03,2026-08-10,DEL-BLR,IndiGo,7,10779,1940,12719
2026-08-03,2026-08-10,DEL-BLR,IndiGo,7,10031,1805,11836
2026-08-03,2026-08-04,DEL-BLR,IndiGo,1,15268,2748,18016
2026-08-03,2026-08-04,DEL-BLR,IndiGo,1,16755,3015,19770
2026-08-03,2026-08-04,DEL-BLR,IndiGo,1,16123,2902,19025
2026-08-03,2026-08-04,DEL-BLR,IndiGo,1,14043,2527,16570
2026-08-03,2026-08-04,DEL-BLR,IndiGo,1,15302,2754,18056
2026-08-03,2026-09-17,DEL-BLR,Air India,45,7250,1305,8555
2026-08-03,2026-09-17,DEL-BLR,Air India,45,6813,1226,8039
2026-08-03,2026-09-17,DEL-BLR,Air India,45,5823,1048,6871
2026-08-03,2026-09-17,DEL-BLR,Air India,45,6236,1122,7358
2026-08-03,2026-09-17,DEL-BLR,Air India,45,6601,1188,7789
2026-08-03,2026-09-02,DEL-BLR,Air India,30,7554,1359,8913
2026-08-03,2026-09-02,DEL-BLR,Air India,30,6500,1170,7670
2026-08-03,2026-09-02,DEL-BLR,Air India,30,6797,1223,8020
2026-08-03,2026-09-02,DEL-BLR,Air India,30,7668,1380,9048
2026-08-03,2026-09-02,DEL-BLR,Air India,30,6943,1249,8192
2026-08-03,2026-08-18,DEL-BLR,Air India,15,9753,1755,11508
2026-08-03,2026-08-18,DEL-BLR,Air India,15,9424,1696,11120
2026-08-03,2026-08-18,DEL-BLR,Air India,15,8064,1451,9515
2026-08-03,2026-08-18,DEL-BLR,Air India,15,8820,1587,10407
2026-08-03,2026-08-18,DEL-BLR,Air India,15,8267,1488,9755
2026-08-03,2026-08-10,DEL-BLR,Air India,7,12386,2229,14615
2026-08-03,2026-08-10,DEL-BLR,Air India,7,11527,2074,13601
2026-08-03,2026-08-10,DEL-BLR,Air India,7,12370,2226,14596
2026-08-03,2026-08-10,DEL-BLR,Air India,7,11388,2049,13437
2026-08-03,2026-08-10,DEL-BLR,Air India,7,12242,2203,14445
2026-08-03,2026-08-04,DEL-BLR,Air India,1,16501,2970,19471
2026-08-03,2026-08-04,DEL-BLR,Air India,1,19093,3436,22529
2026-08-03,2026-08-04,DEL-BLR,Air India,1,17035,3066,20101
2026-08-03,2026-08-04,DEL-BLR,Air India,1,16881,3038,19919
2026-08-03,2026-08-04,DEL-BLR,Air India,1,16577,2983,19560
2026-08-03,2026-09-17,DEL-BLR,Akasa,45,5098,917,6015
2026-08-03,2026-09-17,DEL-BLR,Akasa,45,5021,903,5924
2026-08-03,2026-09-17,DEL-BLR,Akasa,45,5182,932,6114
2026-08-03,2026-09-17,DEL-BLR,Akasa,45,4774,859,5633
2026-08-03,2026-09-17,DEL-BLR,Akasa,45,5327,958,6285
2026-08-03,2026-09-02,DEL-BLR,Akasa,30,6217,1119,7336
2026-08-03,2026-09-02,DEL-BLR,Akasa,30,6163,1109,7272
2026-08-03,2026-09-02,DEL-BLR,Akasa,30,5333,959,6292
2026-08-03,2026-09-02,DEL-BLR,Akasa,30,5426,976,6402
2026-08-03,2026-09-02,DEL-BLR,Akasa,30,5933,1067,7000
2026-08-03,2026-08-18,DEL-BLR,Akasa,15,6928,1247,8175
2026-08-03,2026-08-18,DEL-BLR,Akasa,15,7379,1328,8707
2026-08-03,2026-08-18,DEL-BLR,Akasa,15,6375,1147,7522
2026-08-03,2026-08-18,DEL-BLR,Akasa,15,6776,1219,7995
2026-08-03,2026-08-18,DEL-BLR,Akasa,15,6420,1155,7575
2026-08-03,2026-08-10,DEL-BLR,Akasa,7,9118,1641,10759
2026-08-03,2026-08-10,DEL-BLR,Akasa,7,8944,1609,10553
2026-08-03,2026-08-10,DEL-BLR,Akasa,7,9058,1630,10688
2026-08-03,2026-08-10,DEL-BLR,Akasa,7,9517,1713,11230
2026-08-03,2026-08-10,DEL-BLR,Akasa,7,8966,1613,10579
2026-08-03,2026-08-04,DEL-BLR,Akasa,1,15791,2842,18633
2026-08-03,2026-08-04,DEL-BLR,Akasa,1,12500,2250,14750
2026-08-03,2026-08-04,DEL-BLR,Akasa,1,12502,2250,14752
2026-08-03,2026-08-04,DEL-BLR,Akasa,1,14500,2610,17110
2026-08-03,2026-08-04,DEL-BLR,Akasa,1,12967,2334,15301
2026-08-03,2026-09-17,DEL-BLR,SpiceJet,45,4963,893,5856
2026-08-03,2026-09-17,DEL-BLR,SpiceJet,45,4798,863,5661
2026-08-03,2026-09-17,DEL-BLR,SpiceJet,45,4944,889,5833
2026-08-03,2026-09-17,DEL-BLR,SpiceJet,45,5082,914,5996
2026-08-03,2026-09-17,DEL-BLR,SpiceJet,45,4620,831,5451
2026-08-03,2026-09-02,DEL-BLR,SpiceJet,30,5794,1042,6836
2026-08-03,2026-09-02,DEL-BLR,SpiceJet,30,5041,907,5948
2026-08-03,2026-09-02,DEL-BLR,SpiceJet,30,5168,930,6098
2026-08-03,2026-09-02,DEL-BLR,SpiceJet,30,6169,1110,7279
2026-08-03,2026-09-02,DEL-BLR,SpiceJet,30,6049,1088,7137
2026-08-03,2026-08-18,DEL-BLR,SpiceJet,15,6190,1114,7304
2026-08-03,2026-08-18,DEL-BLR,SpiceJet,15,6952,1251,8203
2026-08-03,2026-08-18,DEL-BLR,SpiceJet,15,6354,1143,7497
2026-08-03,2026-08-18,DEL-BLR,SpiceJet,15,6160,1108,7268
2026-08-03,2026-08-18,DEL-BLR,SpiceJet,15,7621,1371,8992
2026-08-03,2026-08-10,DEL-BLR,SpiceJet,7,9343,1681,11024
2026-08-03,2026-08-10,DEL-BLR,SpiceJet,7,8469,1524,9993
2026-08-03,2026-08-10,DEL-BLR,SpiceJet,7,8123,1462,9585
2026-08-03,2026-08-10,DEL-BLR,SpiceJet,7,8464,1523,9987
2026-08-03,2026-08-10,DEL-BLR,SpiceJet,7,9199,1655,10854
2026-08-03,2026-08-04,DEL-BLR,SpiceJet,1,13377,2407,15784
2026-08-03,2026-08-04,DEL-BLR,SpiceJet,1,12655,2277,14932
2026-08-03,2026-08-04,DEL-BLR,SpiceJet,1,12703,2286,14989
2026-08-03,2026-08-04,DEL-BLR,SpiceJet,1,12284,2211,14495
2026-08-03,2026-08-04,DEL-BLR,SpiceJet,1,14186,2553,16739
2026-08-03,2026-09-17,BOM-BLR,IndiGo,45,3914,704,4618
2026-08-03,2026-09-17,BOM-BLR,IndiGo,45,4018,723,4741
2026-08-03,2026-09-17,BOM-BLR,IndiGo,45,3820,687,4507
2026-08-03,2026-09-17,BOM-BLR,IndiGo,45,3314,596,3910
2026-08-03,2026-09-17,BOM-BLR,IndiGo,45,3926,706,4632
2026-08-03,2026-09-02,BOM-BLR,IndiGo,30,3920,705,4625
2026-08-03,2026-09-02,BOM-BLR,IndiGo,30,3907,703,4610
2026-08-03,2026-09-02,BOM-BLR,IndiGo,30,4039,727,4766
2026-08-03,2026-09-02,BOM-BLR,IndiGo,30,4161,748,4909
2026-08-03,2026-09-02,BOM-BLR,IndiGo,30,4216,758,4974
2026-08-03,2026-08-18,BOM-BLR,IndiGo,15,4813,866,5679
2026-08-03,2026-08-18,BOM-BLR,IndiGo,15,4397,791,5188
2026-08-03,2026-08-18,BOM-BLR,IndiGo,15,5321,957,6278
2026-08-03,2026-08-18,BOM-BLR,IndiGo,15,4284,771,5055
2026-08-03,2026-08-18,BOM-BLR,IndiGo,15,5180,932,6112
2026-08-03,2026-08-10,BOM-BLR,IndiGo,7,5883,1058,6941
2026-08-03,2026-08-10,BOM-BLR,IndiGo,7,7121,1281,8402
2026-08-03,2026-08-10,BOM-BLR,IndiGo,7,6450,1161,7611
2026-08-03,2026-08-10,BOM-BLR,IndiGo,7,6655,1197,7852
2026-08-03,2026-08-10,BOM-BLR,IndiGo,7,6102,1098,7200
2026-08-03,2026-08-04,BOM-BLR,IndiGo,1,10023,1804,11827
2026-08-03,2026-08-04,BOM-BLR,IndiGo,1,9735,1752,11487
2026-08-03,2026-08-04,BOM-BLR,IndiGo,1,10166,1829,11995
2026-08-03,2026-08-04,BOM-BLR,IndiGo,1,9018,1623,10641
2026-08-03,2026-08-04,BOM-BLR,IndiGo,1,8498,1529,10027
2026-08-03,2026-09-17,BOM-BLR,Air India,45,4416,794,5210
2026-08-03,2026-09-17,BOM-BLR,Air India,45,4252,765,5017
2026-08-03,2026-09-17,BOM-BLR,Air India,45,4422,795,5217
2026-08-03,2026-09-17,BOM-BLR,Air India,45,4135,744,4879
2026-08-03,2026-09-17,BOM-BLR,Air India,45,4417,795,5212
2026-08-03,2026-09-02,BOM-BLR,Air India,30,4762,857,5619
2026-08-03,2026-09-02,BOM-BLR,Air India,30,4436,798,5234
2026-08-03,2026-09-02,BOM-BLR,Air India,30,4836,870,5706
2026-08-03,2026-09-02,BOM-BLR,Air India,30,4005,720,4725
2026-08-03,2026-09-02,BOM-BLR,Air India,30,4234,762,4996
2026-08-03,2026-08-18,BOM-BLR,Air India,15,5105,918,6023
2026-08-03,2026-08-18,BOM-BLR,Air India,15,6053,1089,7142
2026-08-03,2026-08-18,BOM-BLR,Air India,15,6061,1090,7151
2026-08-03,2026-08-18,BOM-BLR,Air India,15,5663,1019,6682
2026-08-03,2026-08-18,BOM-BLR,Air India,15,5450,981,6431
2026-08-03,2026-08-10,BOM-BLR,Air India,7,7496,1349,8845
2026-08-03,2026-08-10,BOM-BLR,Air India,7,7169,1290,8459
2026-08-03,2026-08-10,BOM-BLR,Air India,7,7400,1332,8732
2026-08-03,2026-08-10,BOM-BLR,Air India,7,6954,1251,8205
2026-08-03,2026-08-10,BOM-BLR,Air India,7,7145,1286,8431
2026-08-03,2026-08-04,BOM-BLR,Air India,1,10371,1866,12237
2026-08-03,2026-08-04,BOM-BLR,Air India,1,10276,1849,12125
2026-08-03,2026-08-04,BOM-BLR,Air India,1,10743,1933,12676
2026-08-03,2026-08-04,BOM-BLR,Air India,1,10100,1818,11918
2026-08-03,2026-08-04,BOM-BLR,Air India,1,11369,2046,13415
2026-08-03,2026-09-17,BOM-BLR,Akasa,45,3372,606,3978
2026-08-03,2026-09-17,BOM-BLR,Akasa,45,3011,541,3552
2026-08-03,2026-09-17,BOM-BLR,Akasa,45,3748,674,4422
2026-08-03,2026-09-17,BOM-BLR,Akasa,45,3271,588,3859
2026-08-03,2026-09-17,BOM-BLR,Akasa,45,3758,676,4434
2026-08-03,2026-09-02,BOM-BLR,Akasa,30,3437,618,4055
2026-08-03,2026-09-02,BOM-BLR,Akasa,30,4050,729,4779
2026-08-03,2026-09-02,BOM-BLR,Akasa,30,4046,728,4774
2026-08-03,2026-09-02,BOM-BLR,Akasa,30,3671,660,4331
2026-08-03,2026-09-02,BOM-BLR,Akasa,30,3940,709,4649
2026-08-03,2026-08-18,BOM-BLR,Akasa,15,4067,732,4799
2026-08-03,2026-08-18,BOM-BLR,Akasa,15,4384,789,5173
2026-08-03,2026-08-18,BOM-BLR,Akasa,15,4291,772,5063
2026-08-03,2026-08-18,BOM-BLR,Akasa,15,4648,836,5484
2026-08-03,2026-08-18,BOM-BLR,Akasa,15,5004,900,5904
2026-08-03,2026-08-10,BOM-BLR,Akasa,7,6598,1187,7785
2026-08-03,2026-08-10,BOM-BLR,Akasa,7,6343,1141,7484
2026-08-03,2026-08-10,BOM-BLR,Akasa,7,5415,974,6389
2026-08-03,2026-08-10,BOM-BLR,Akasa,7,6208,1117,7325
2026-08-03,2026-08-10,BOM-BLR,Akasa,7,5716,1028,6744
2026-08-03,2026-08-04,BOM-BLR,Akasa,1,10075,1813,11888
2026-08-03,2026-08-04,BOM-BLR,Akasa,1,8541,1537,10078
2026-08-03,2026-08-04,BOM-BLR,Akasa,1,8063,1451,9514
2026-08-03,2026-08-04,BOM-BLR,Akasa,1,9478,1706,11184
2026-08-03,2026-08-04,BOM-BLR,Akasa,1,9505,1710,11215
2026-08-03,2026-09-17,BOM-BLR,SpiceJet,45,3194,574,3768
2026-08-03,2026-09-17,BOM-BLR,SpiceJet,45,2873,517,3390
2026-08-03,2026-09-17,BOM-BLR,SpiceJet,45,3106,559,3665
2026-08-03,2026-09-17,BOM-BLR,SpiceJet,45,2863,515,3378
2026-08-03,2026-09-17,BOM-BLR,SpiceJet,45,3258,586,3844
2026-08-03,2026-09-02,BOM-BLR,SpiceJet,30,3485,627,4112
2026-08-03,2026-09-02,BOM-BLR,SpiceJet,30,3757,676,4433
2026-08-03,2026-09-02,BOM-BLR,SpiceJet,30,3628,653,4281
2026-08-03,2026-09-02,BOM-BLR,SpiceJet,30,3791,682,4473
2026-08-03,2026-09-02,BOM-BLR,SpiceJet,30,3673,661,4334
2026-08-03,2026-08-18,BOM-BLR,SpiceJet,15,4295,773,5068
2026-08-03,2026-08-18,BOM-BLR,SpiceJet,15,4546,818,5364
2026-08-03,2026-08-18,BOM-BLR,SpiceJet,15,3905,702,4607
2026-08-03,2026-08-18,BOM-BLR,SpiceJet,15,4128,743,4871
2026-08-03,2026-08-18,BOM-BLR,SpiceJet,15,3875,697,4572
2026-08-03,2026-08-10,BOM-BLR,SpiceJet,7,6301,1134,7435
2026-08-03,2026-08-10,BOM-BLR,SpiceJet,7,5694,1024,6718
2026-08-03,2026-08-10,BOM-BLR,SpiceJet,7,5466,983,6449
2026-08-03,2026-08-10,BOM-BLR,SpiceJet,7,5613,1010,6623
2026-08-03,2026-08-10,BOM-BLR,SpiceJet,7,6470,1164,7634
2026-08-03,2026-08-04,BOM-BLR,SpiceJet,1,8806,1585,10391
2026-08-03,2026-08-04,BOM-BLR,SpiceJet,1,8774,1579,10353
2026-08-03,2026-08-04,BOM-BLR,SpiceJet,1,8017,1443,9460
2026-08-03,2026-08-04,BOM-BLR,SpiceJet,1,8290,1492,9782
2026-08-03,2026-08-04,BOM-BLR,SpiceJet,1,7969,1434,9403
2026-08-03,2026-09-17,DEL-CCU,IndiGo,45,5398,971,6369
2026-08-03,2026-09-17,DEL-CCU,IndiGo,45,4436,798,5234
2026-08-03,2026-09-17,DEL-CCU,IndiGo,45,4452,801,5253
2026-08-03,2026-09-17,DEL-CCU,IndiGo,45,4352,783,5135
2026-08-03,2026-09-17,DEL-CCU,IndiGo,45,4809,865,5674
2026-08-03,2026-09-02,DEL-CCU,IndiGo,30,4975,895,5870
2026-08-03,2026-09-02,DEL-CCU,IndiGo,30,5360,964,6324
2026-08-03,2026-09-02,DEL-CCU,IndiGo,30,5646,1016,6662
2026-08-03,2026-09-02,DEL-CCU,IndiGo,30,5581,1004,6585
2026-08-03,2026-09-02,DEL-CCU,IndiGo,30,5813,1046,6859
2026-08-03,2026-08-18,DEL-CCU,IndiGo,15,6619,1191,7810
2026-08-03,2026-08-18,DEL-CCU,IndiGo,15,7285,1311,8596
2026-08-03,2026-08-18,DEL-CCU,IndiGo,15,6635,1194,7829
2026-08-03,2026-08-18,DEL-CCU,IndiGo,15,6245,1124,7369
2026-08-03,2026-08-18,DEL-CCU,IndiGo,15,5859,1054,6913
2026-08-03,2026-08-10,DEL-CCU,IndiGo,7,8700,1566,10266
2026-08-03,2026-08-10,DEL-CCU,IndiGo,7,8750,1575,10325
2026-08-03,2026-08-10,DEL-CCU,IndiGo,7,9140,1645,10785
2026-08-03,2026-08-10,DEL-CCU,IndiGo,7,8998,1619,10617
2026-08-03,2026-08-10,DEL-CCU,IndiGo,7,9203,1656,10859
2026-08-03,2026-08-04,DEL-CCU,IndiGo,1,14117,2541,16658
2026-08-03,2026-08-04,DEL-CCU,IndiGo,1,12119,2181,14300
2026-08-03,2026-08-04,DEL-CCU,IndiGo,1,11493,2068,13561
2026-08-03,2026-08-04,DEL-CCU,IndiGo,1,14523,2614,17137
2026-08-03,2026-08-04,DEL-CCU,IndiGo,1,12877,2317,15194
2026-08-03,2026-09-17,DEL-CCU,Air India,45,5903,1062,6965
2026-08-03,2026-09-17,DEL-CCU,Air India,45,5979,1076,7055
2026-08-03,2026-09-17,DEL-CCU,Air India,45,5350,963,6313
2026-08-03,2026-09-17,DEL-CCU,Air India,45,6340,1141,7481
2026-08-03,2026-09-17,DEL-CCU,Air India,45,6240,1123,7363
2026-08-03,2026-09-02,DEL-CCU,Air India,30,6587,1185,7772
2026-08-03,2026-09-02,DEL-CCU,Air India,30,5671,1020,6691
2026-08-03,2026-09-02,DEL-CCU,Air India,30,6350,1143,7493
2026-08-03,2026-09-02,DEL-CCU,Air India,30,6663,1199,7862
2026-08-03,2026-09-02,DEL-CCU,Air India,30,6864,1235,8099
2026-08-03,2026-08-18,DEL-CCU,Air India,15,8228,1481,9709
2026-08-03,2026-08-18,DEL-CCU,Air India,15,8143,1465,9608
2026-08-03,2026-08-18,DEL-CCU,Air India,15,7243,1303,8546
2026-08-03,2026-08-18,DEL-CCU,Air India,15,7852,1413,9265
2026-08-03,2026-08-18,DEL-CCU,Air India,15,6877,1237,8114
2026-08-03,2026-08-10,DEL-CCU,Air India,7,10163,1829,11992
2026-08-03,2026-08-10,DEL-CCU,Air India,7,10424,1876,12300
2026-08-03,2026-08-10,DEL-CCU,Air India,7,9010,1621,10631
2026-08-03,2026-08-10,DEL-CCU,Air India,7,10449,1880,12329
2026-08-03,2026-08-10,DEL-CCU,Air India,7,9788,1761,11549
2026-08-03,2026-08-04,DEL-CCU,Air India,1,13715,2468,16183
2026-08-03,2026-08-04,DEL-CCU,Air India,1,15325,2758,18083
2026-08-03,2026-08-04,DEL-CCU,Air India,1,14986,2697,17683
2026-08-03,2026-08-04,DEL-CCU,Air India,1,13536,2436,15972
2026-08-03,2026-08-04,DEL-CCU,Air India,1,14848,2672,17520
2026-08-03,2026-09-17,DEL-CCU,Akasa,45,4363,785,5148
2026-08-03,2026-09-17,DEL-CCU,Akasa,45,4844,871,5715
2026-08-03,2026-09-17,DEL-CCU,Akasa,45,4520,813,5333
2026-08-03,2026-09-17,DEL-CCU,Akasa,45,4229,761,4990
2026-08-03,2026-09-17,DEL-CCU,Akasa,45,4911,883,5794
2026-08-03,2026-09-02,DEL-CCU,Akasa,30,4822,867,5689
2026-08-03,2026-09-02,DEL-CCU,Akasa,30,5429,977,6406
2026-08-03,2026-09-02,DEL-CCU,Akasa,30,5460,982,6442
2026-08-03,2026-09-02,DEL-CCU,Akasa,30,5253,945,6198
2026-08-03,2026-09-02,DEL-CCU,Akasa,30,5047,908,5955
2026-08-03,2026-08-18,DEL-CCU,Akasa,15,6906,1243,8149
2026-08-03,2026-08-18,DEL-CCU,Akasa,15,5718,1029,6747
2026-08-03,2026-08-18,DEL-CCU,Akasa,15,6754,1215,7969
2026-08-03,2026-08-18,DEL-CCU,Akasa,15,6066,1091,7157
2026-08-03,2026-08-18,DEL-CCU,Akasa,15,6318,1137,7455
2026-08-03,2026-08-10,DEL-CCU,Akasa,7,8070,1452,9522
2026-08-03,2026-08-10,DEL-CCU,Akasa,7,8897,1601,10498
2026-08-03,2026-08-10,DEL-CCU,Akasa,7,9399,1691,11090
2026-08-03,2026-08-10,DEL-CCU,Akasa,7,8329,1499,9828
2026-08-03,2026-08-10,DEL-CCU,Akasa,7,9240,1663,10903
2026-08-03,2026-08-04,DEL-CCU,Akasa,1,12048,2168,14216
2026-08-03,2026-08-04,DEL-CCU,Akasa,1,13401,2412,15813
2026-08-03,2026-08-04,DEL-CCU,Akasa,1,11873,2137,14010
2026-08-03,2026-08-04,DEL-CCU,Akasa,1,12289,2212,14501
2026-08-03,2026-08-04,DEL-CCU,Akasa,1,12590,2266,14856
2026-08-03,2026-09-17,DEL-CCU,SpiceJet,45,4276,769,5045
2026-08-03,2026-09-17,DEL-CCU,SpiceJet,45,4115,740,4855
2026-08-03,2026-09-17,DEL-CCU,SpiceJet,45,3984,717,4701
2026-08-03,2026-09-17,DEL-CCU,SpiceJet,45,4715,848,5563
2026-08-03,2026-09-17,DEL-CCU,SpiceJet,45,4190,754,4944
2026-08-03,2026-09-02,DEL-CCU,SpiceJet,30,5207,937,6144
2026-08-03,2026-09-02,DEL-CCU,SpiceJet,30,5088,915,6003
2026-08-03,2026-09-02,DEL-CCU,SpiceJet,30,4766,857,5623
2026-08-03,2026-09-02,DEL-CCU,SpiceJet,30,4965,893,5858
2026-08-03,2026-09-02,DEL-CCU,SpiceJet,30,4959,892,5851
2026-08-03,2026-08-18,DEL-CCU,SpiceJet,15,5769,1038,6807
2026-08-03,2026-08-18,DEL-CCU,SpiceJet,15,5525,994,6519
2026-08-03,2026-08-18,DEL-CCU,SpiceJet,15,6051,1089,7140
2026-08-03,2026-08-18,DEL-CCU,SpiceJet,15,5438,978,6416
2026-08-03,2026-08-18,DEL-CCU,SpiceJet,15,6134,1104,7238
2026-08-03,2026-08-10,DEL-CCU,SpiceJet,7,7659,1378,9037
2026-08-03,2026-08-10,DEL-CCU,SpiceJet,7,7900,1422,9322
2026-08-03,2026-08-10,DEL-CCU,SpiceJet,7,8838,1590,10428
2026-08-03,2026-08-10,DEL-CCU,SpiceJet,7,8384,1509,9893
2026-08-03,2026-08-10,DEL-CCU,SpiceJet,7,7243,1303,8546
2026-08-03,2026-08-04,DEL-CCU,SpiceJet,1,11268,2028,13296
2026-08-03,2026-08-04,DEL-CCU,SpiceJet,1,11699,2105,13804
2026-08-03,2026-08-04,DEL-CCU,SpiceJet,1,10956,1972,12928
2026-08-03,2026-08-04,DEL-CCU,SpiceJet,1,10875,1957,12832
2026-08-03,2026-08-04,DEL-CCU,SpiceJet,1,12617,2271,14888
2026-08-03,2026-09-17,BLR-HYD,IndiGo,45,2843,511,3354
2026-08-03,2026-09-17,BLR-HYD,IndiGo,45,2783,500,3283
2026-08-03,2026-09-17,BLR-HYD,IndiGo,45,2827,508,3335
2026-08-03,2026-09-17,BLR-HYD,IndiGo,45,2696,485,3181
2026-08-03,2026-09-17,BLR-HYD,IndiGo,45,3058,550,3608
2026-08-03,2026-09-02,BLR-HYD,IndiGo,30,2910,523,3433
2026-08-03,2026-09-02,BLR-HYD,IndiGo,30,3484,627,4111
2026-08-03,2026-09-02,BLR-HYD,IndiGo,30,3405,612,4017
2026-08-03,2026-09-02,BLR-HYD,IndiGo,30,2802,504,3306
2026-08-03,2026-09-02,BLR-HYD,IndiGo,30,3537,636,4173
2026-08-03,2026-08-18,BLR-HYD,IndiGo,15,3422,615,4037
2026-08-03,2026-08-18,BLR-HYD,IndiGo,15,3862,695,4557
2026-08-03,2026-08-18,BLR-HYD,IndiGo,15,4333,779,5112
2026-08-03,2026-08-18,BLR-HYD,IndiGo,15,3657,658,4315
2026-08-03,2026-08-18,BLR-HYD,IndiGo,15,3491,628,4119
2026-08-03,2026-08-10,BLR-HYD,IndiGo,7,5512,992,6504
2026-08-03,2026-08-10,BLR-HYD,IndiGo,7,4906,883,5789
2026-08-03,2026-08-10,BLR-HYD,IndiGo,7,4565,821,5386
2026-08-03,2026-08-10,BLR-HYD,IndiGo,7,4685,843,5528
2026-08-03,2026-08-10,BLR-HYD,IndiGo,7,5156,928,6084
2026-08-03,2026-08-04,BLR-HYD,IndiGo,1,8521,1533,10054
2026-08-03,2026-08-04,BLR-HYD,IndiGo,1,7310,1315,8625
2026-08-03,2026-08-04,BLR-HYD,IndiGo,1,8310,1495,9805
2026-08-03,2026-08-04,BLR-HYD,IndiGo,1,7560,1360,8920
2026-08-03,2026-08-04,BLR-HYD,IndiGo,1,7391,1330,8721
2026-08-03,2026-09-17,BLR-HYD,Air India,45,3070,552,3622
2026-08-03,2026-09-17,BLR-HYD,Air India,45,3147,566,3713
2026-08-03,2026-09-17,BLR-HYD,Air India,45,3451,621,4072
2026-08-03,2026-09-17,BLR-HYD,Air India,45,3662,659,4321
2026-08-03,2026-09-17,BLR-HYD,Air India,45,3664,659,4323
2026-08-03,2026-09-02,BLR-HYD,Air India,30,3532,635,4167
2026-08-03,2026-09-02,BLR-HYD,Air India,30,3484,627,4111
2026-08-03,2026-09-02,BLR-HYD,Air India,30,3359,604,3963
2026-08-03,2026-09-02,BLR-HYD,Air India,30,3470,624,4094
2026-08-03,2026-09-02,BLR-HYD,Air India,30,3234,582,3816
2026-08-03,2026-08-18,BLR-HYD,Air India,15,3920,705,4625
2026-08-03,2026-08-18,BLR-HYD,Air India,15,4060,730,4790
2026-08-03,2026-08-18,BLR-HYD,Air India,15,4316,776,5092
2026-08-03,2026-08-18,BLR-HYD,Air India,15,3940,709,4649
2026-08-03,2026-08-18,BLR-HYD,Air India,15,4533,815,5348
2026-08-03,2026-08-10,BLR-HYD,Air India,7,6583,1184,7767
2026-08-03,2026-08-10,BLR-HYD,Air India,7,5229,941,6170
2026-08-03,2026-08-10,BLR-HYD,Air India,7,5999,1079,7078
2026-08-03,2026-08-10,BLR-HYD,Air India,7,6412,1154,7566
2026-08-03,2026-08-10,BLR-HYD,Air India,7,5710,1027,6737
2026-08-03,2026-08-04,BLR-HYD,Air India,1,8878,1598,10476
2026-08-03,2026-08-04,BLR-HYD,Air India,1,9063,1631,10694
2026-08-03,2026-08-04,BLR-HYD,Air India,1,9774,1759,11533
2026-08-03,2026-08-04,BLR-HYD,Air India,1,8600,1548,10148
2026-08-03,2026-08-04,BLR-HYD,Air India,1,9727,1750,11477
2026-08-03,2026-09-17,BLR-HYD,Akasa,45,2611,469,3080
2026-08-03,2026-09-17,BLR-HYD,Akasa,45,2922,525,3447
2026-08-03,2026-09-17,BLR-HYD,Akasa,45,2926,526,3452
2026-08-03,2026-09-17,BLR-HYD,Akasa,45,2940,529,3469
2026-08-03,2026-09-17,BLR-HYD,Akasa,45,2834,510,3344
2026-08-03,2026-09-02,BLR-HYD,Akasa,30,2923,526,3449
2026-08-03,2026-09-02,BLR-HYD,Akasa,30,2883,518,3401
2026-08-03,2026-09-02,BLR-HYD,Akasa,30,3029,545,3574
2026-08-03,2026-09-02,BLR-HYD,Akasa,30,3139,565,3704
2026-08-03,2026-09-02,BLR-HYD,Akasa,30,2754,495,3249
2026-08-03,2026-08-18,BLR-HYD,Akasa,15,3446,620,4066
2026-08-03,2026-08-18,BLR-HYD,Akasa,15,4076,733,4809
2026-08-03,2026-08-18,BLR-HYD,Akasa,15,3554,639,4193
2026-08-03,2026-08-18,BLR-HYD,Akasa,15,4105,738,4843
2026-08-03,2026-08-18,BLR-HYD,Akasa,15,3472,624,4096
2026-08-03,2026-08-10,BLR-HYD,Akasa,7,4802,864,5666
2026-08-03,2026-08-10,BLR-HYD,Akasa,7,4458,802,5260
2026-08-03,2026-08-10,BLR-HYD,Akasa,7,4814,866,5680
2026-08-03,2026-08-10,BLR-HYD,Akasa,7,5057,910,5967
2026-08-03,2026-08-10,BLR-HYD,Akasa,7,4487,807,5294
2026-08-03,2026-08-04,BLR-HYD,Akasa,1,7826,1408,9234
2026-08-03,2026-08-04,BLR-HYD,Akasa,1,7401,1332,8733
2026-08-03,2026-08-04,BLR-HYD,Akasa,1,7180,1292,8472
2026-08-03,2026-08-04,BLR-HYD,Akasa,1,6946,1250,8196
2026-08-03,2026-08-04,BLR-HYD,Akasa,1,6492,1168,7660
2026-08-03,2026-09-17,BLR-HYD,SpiceJet,45,2612,470,3082
2026-08-03,2026-09-17,BLR-HYD,SpiceJet,45,2723,490,3213
2026-08-03,2026-09-17,BLR-HYD,SpiceJet,45,2822,507,3329
2026-08-03,2026-09-17,BLR-HYD,SpiceJet,45,2616,470,3086
2026-08-03,2026-09-17,BLR-HYD,SpiceJet,45,2684,483,3167
2026-08-03,2026-09-02,BLR-HYD,SpiceJet,30,3104,558,3662
2026-08-03,2026-09-02,BLR-HYD,SpiceJet,30,2998,539,3537
2026-08-03,2026-09-02,BLR-HYD,SpiceJet,30,2643,475,3118
2026-08-03,2026-09-02,BLR-HYD,SpiceJet,30,2671,480,3151
2026-08-03,2026-09-02,BLR-HYD,SpiceJet,30,2781,500,3281
2026-08-03,2026-08-18,BLR-HYD,SpiceJet,15,3427,616,4043
2026-08-03,2026-08-18,BLR-HYD,SpiceJet,15,3851,693,4544
2026-08-03,2026-08-18,BLR-HYD,SpiceJet,15,3760,676,4436
2026-08-03,2026-08-18,BLR-HYD,SpiceJet,15,3543,637,4180
2026-08-03,2026-08-18,BLR-HYD,SpiceJet,15,3829,689,4518
2026-08-03,2026-08-10,BLR-HYD,SpiceJet,7,4367,786,5153
2026-08-03,2026-08-10,BLR-HYD,SpiceJet,7,4596,827,5423
2026-08-03,2026-08-10,BLR-HYD,SpiceJet,7,4510,811,5321
2026-08-03,2026-08-10,BLR-HYD,SpiceJet,7,4604,828,5432
2026-08-03,2026-08-10,BLR-HYD,SpiceJet,7,4341,781,5122
2026-08-03,2026-08-04,BLR-HYD,SpiceJet,1,6120,1101,7221
2026-08-03,2026-08-04,BLR-HYD,SpiceJet,1,6766,1217,7983
2026-08-03,2026-08-04,BLR-HYD,SpiceJet,1,6631,1193,7824
2026-08-03,2026-08-04,BLR-HYD,SpiceJet,1,7005,1260,8265
2026-08-03,2026-08-04,BLR-HYD,SpiceJet,1,7062,1271,8333
2026-08-04,2026-09-18,DEL-BOM,IndiGo,45,4243,763,5006
2026-08-04,2026-09-18,DEL-BOM,IndiGo,45,4003,720,4723
2026-08-04,2026-09-18,DEL-BOM,IndiGo,45,3973,715,4688
2026-08-04,2026-09-18,DEL-BOM,IndiGo,45,4073,733,4806
2026-08-04,2026-09-18,DEL-BOM,IndiGo,45,3821,687,4508
2026-08-04,2026-09-03,DEL-BOM,IndiGo,30,4920,885,5805
2026-08-04,2026-09-03,DEL-BOM,IndiGo,30,4574,823,5397
2026-08-04,2026-09-03,DEL-BOM,IndiGo,30,4651,837,5488
2026-08-04,2026-09-03,DEL-BOM,IndiGo,30,4540,817,5357
2026-08-04,2026-09-03,DEL-BOM,IndiGo,30,4675,841,5516
2026-08-04,2026-08-19,DEL-BOM,IndiGo,15,6344,1141,7485
2026-08-04,2026-08-19,DEL-BOM,IndiGo,15,5754,1035,6789
2026-08-04,2026-08-19,DEL-BOM,IndiGo,15,6517,1173,7690
2026-08-04,2026-08-19,DEL-BOM,IndiGo,15,6087,1095,7182
2026-08-04,2026-08-19,DEL-BOM,IndiGo,15,5302,954,6256
2026-08-04,2026-08-11,DEL-BOM,IndiGo,7,8111,1459,9570
2026-08-04,2026-08-11,DEL-BOM,IndiGo,7,7470,1344,8814
2026-08-04,2026-08-11,DEL-BOM,IndiGo,7,7017,1263,8280
2026-08-04,2026-08-11,DEL-BOM,IndiGo,7,7725,1390,9115
2026-08-04,2026-08-11,DEL-BOM,IndiGo,7,7120,1281,8401
2026-08-04,2026-08-05,DEL-BOM,IndiGo,1,11143,2005,13148
2026-08-04,2026-08-05,DEL-BOM,IndiGo,1,10574,1903,12477
2026-08-04,2026-08-05,DEL-BOM,IndiGo,1,10433,1877,12310
2026-08-04,2026-08-05,DEL-BOM,IndiGo,1,12640,2275,14915
2026-08-04,2026-08-05,DEL-BOM,IndiGo,1,11668,2100,13768
2026-08-04,2026-09-18,DEL-BOM,Air India,45,5274,949,6223
2026-08-04,2026-09-18,DEL-BOM,Air India,45,4499,809,5308
2026-08-04,2026-09-18,DEL-BOM,Air India,45,5190,934,6124
2026-08-04,2026-09-18,DEL-BOM,Air India,45,4461,802,5263
2026-08-04,2026-09-18,DEL-BOM,Air India,45,5056,910,5966
2026-08-04,2026-09-03,DEL-BOM,Air India,30,5985,1077,7062
2026-08-04,2026-09-03,DEL-BOM,Air India,30,5681,1022,6703
2026-08-04,2026-09-03,DEL-BOM,Air India,30,5231,941,6172
2026-08-04,2026-09-03,DEL-BOM,Air India,30,4981,896,5877
2026-08-04,2026-09-03,DEL-BOM,Air India,30,5136,924,6060
2026-08-04,2026-08-19,DEL-BOM,Air India,15,6941,1249,8190
2026-08-04,2026-08-19,DEL-BOM,Air India,15,6135,1104,7239
2026-08-04,2026-08-19,DEL-BOM,Air India,15,7127,1282,8409
2026-08-04,2026-08-19,DEL-BOM,Air India,15,6087,1095,7182
2026-08-04,2026-08-19,DEL-BOM,Air India,15,7263,1307,8570
2026-08-04,2026-08-11,DEL-BOM,Air India,7,9322,1677,10999
2026-08-04,2026-08-11,DEL-BOM,Air India,7,9125,1642,10767
2026-08-04,2026-08-11,DEL-BOM,Air India,7,9734,1752,11486
2026-08-04,2026-08-11,DEL-BOM,Air India,7,9215,1658,10873
2026-08-04,2026-08-11,DEL-BOM,Air India,7,8509,1531,10040
2026-08-04,2026-08-05,DEL-BOM,Air India,1,11760,2116,13876
2026-08-04,2026-08-05,DEL-BOM,Air India,1,11648,2096,13744
2026-08-04,2026-08-05,DEL-BOM,Air India,1,14604,2628,17232
2026-08-04,2026-08-05,DEL-BOM,Air India,1,13749,2474,16223
2026-08-04,2026-08-05,DEL-BOM,Air India,1,13031,2345,15376
2026-08-04,2026-09-18,DEL-BOM,Akasa,45,3835,690,4525
2026-08-04,2026-09-18,DEL-BOM,Akasa,45,4530,815,5345
2026-08-04,2026-09-18,DEL-BOM,Akasa,45,4259,766,5025
2026-08-04,2026-09-18,DEL-BOM,Akasa,45,4511,811,5322
2026-08-04,2026-09-18,DEL-BOM,Akasa,45,3615,650,4265
2026-08-04,2026-09-03,DEL-BOM,Akasa,30,4062,731,4793
2026-08-04,2026-09-03,DEL-BOM,Akasa,30,4364,785,5149
2026-08-04,2026-09-03,DEL-BOM,Akasa,30,4910,883,5793
2026-08-04,2026-09-03,DEL-BOM,Akasa,30,5014,902,5916
2026-08-04,2026-09-03,DEL-BOM,Akasa,30,4675,841,5516
2026-08-04,2026-08-19,DEL-BOM,Akasa,15,6186,1113,7299
2026-08-04,2026-08-19,DEL-BOM,Akasa,15,5080,914,5994
2026-08-04,2026-08-19,DEL-BOM,Akasa,15,6038,1086,7124
2026-08-04,2026-08-19,DEL-BOM,Akasa,15,6005,1080,7085
2026-08-04,2026-08-19,DEL-BOM,Akasa,15,5319,957,6276
2026-08-04,2026-08-11,DEL-BOM,Akasa,7,6950,1251,8201
2026-08-04,2026-08-11,DEL-BOM,Akasa,7,6555,1179,7734
2026-08-04,2026-08-11,DEL-BOM,Akasa,7,7637,1374,9011
2026-08-04,2026-08-11,DEL-BOM,Akasa,7,6874,1237,8111
2026-08-04,2026-08-11,DEL-BOM,Akasa,7,7609,1369,8978
2026-08-04,2026-08-05,DEL-BOM,Akasa,1,10398,1871,12269
2026-08-04,2026-08-05,DEL-BOM,Akasa,1,11852,2133,13985
2026-08-04,2026-08-05,DEL-BOM,Akasa,1,11359,2044,13403
2026-08-04,2026-08-05,DEL-BOM,Akasa,1,10868,1956,12824
2026-08-04,2026-08-05,DEL-BOM,Akasa,1,9804,1764,11568
2026-08-04,2026-09-18,DEL-BOM,SpiceJet,45,3555,639,4194
2026-08-04,2026-09-18,DEL-BOM,SpiceJet,45,4234,762,4996
2026-08-04,2026-09-18,DEL-BOM,SpiceJet,45,4026,724,4750
2026-08-04,2026-09-18,DEL-BOM,SpiceJet,45,4292,772,5064
2026-08-04,2026-09-18,DEL-BOM,SpiceJet,45,4308,775,5083
2026-08-04,2026-09-03,DEL-BOM,SpiceJet,30,4758,856,5614
2026-08-04,2026-09-03,DEL-BOM,SpiceJet,30,4625,832,5457
2026-08-04,2026-09-03,DEL-BOM,SpiceJet,30,4374,787,5161
2026-08-04,2026-09-03,DEL-BOM,SpiceJet,30,4370,786,5156
2026-08-04,2026-09-03,DEL-BOM,SpiceJet,30,4322,777,5099
2026-08-04,2026-08-19,DEL-BOM,SpiceJet,15,5009,901,5910
2026-08-04,2026-08-19,DEL-BOM,SpiceJet,15,4887,879,5766
2026-08-04,2026-08-19,DEL-BOM,SpiceJet,15,5598,1007,6605
2026-08-04,2026-08-19,DEL-BOM,SpiceJet,15,5072,912,5984
2026-08-04,2026-08-19,DEL-BOM,SpiceJet,15,5659,1018,6677
2026-08-04,2026-08-11,DEL-BOM,SpiceJet,7,7782,1400,9182
2026-08-04,2026-08-11,DEL-BOM,SpiceJet,7,6753,1215,7968
2026-08-04,2026-08-11,DEL-BOM,SpiceJet,7,7747,1394,9141
2026-08-04,2026-08-11,DEL-BOM,SpiceJet,7,7601,1368,8969
2026-08-04,2026-08-11,DEL-BOM,SpiceJet,7,6935,1248,8183
2026-08-04,2026-08-05,DEL-BOM,SpiceJet,1,11322,2037,13359
2026-08-04,2026-08-05,DEL-BOM,SpiceJet,1,10970,1974,12944
2026-08-04,2026-08-05,DEL-BOM,SpiceJet,1,9364,1685,11049
2026-08-04,2026-08-05,DEL-BOM,SpiceJet,1,11146,2006,13152
2026-08-04,2026-08-05,DEL-BOM,SpiceJet,1,9424,1696,11120
2026-08-04,2026-09-18,DEL-BLR,IndiGo,45,5428,977,6405
2026-08-04,2026-09-18,DEL-BLR,IndiGo,45,6296,1133,7429
2026-08-04,2026-09-18,DEL-BLR,IndiGo,45,5532,995,6527
2026-08-04,2026-09-18,DEL-BLR,IndiGo,45,5665,1019,6684
2026-08-04,2026-09-18,DEL-BLR,IndiGo,45,5328,959,6287
2026-08-04,2026-09-03,DEL-BLR,IndiGo,30,6246,1124,7370
2026-08-04,2026-09-03,DEL-BLR,IndiGo,30,6300,1134,7434
2026-08-04,2026-09-03,DEL-BLR,IndiGo,30,6042,1087,7129
2026-08-04,2026-09-03,DEL-BLR,IndiGo,30,6440,1159,7599
2026-08-04,2026-09-03,DEL-BLR,IndiGo,30,5744,1033,6777
2026-08-04,2026-08-19,DEL-BLR,IndiGo,15,7933,1427,9360
2026-08-04,2026-08-19,DEL-BLR,IndiGo,15,7463,1343,8806
2026-08-04,2026-08-19,DEL-BLR,IndiGo,15,8373,1507,9880
2026-08-04,2026-08-19,DEL-BLR,IndiGo,15,7908,1423,9331
2026-08-04,2026-08-19,DEL-BLR,IndiGo,15,7963,1433,9396
2026-08-04,2026-08-11,DEL-BLR,IndiGo,7,9193,1654,10847
2026-08-04,2026-08-11,DEL-BLR,IndiGo,7,11313,2036,13349
2026-08-04,2026-08-11,DEL-BLR,IndiGo,7,10838,1950,12788
2026-08-04,2026-08-11,DEL-BLR,IndiGo,7,10948,1970,12918
2026-08-04,2026-08-11,DEL-BLR,IndiGo,7,9451,1701,11152
2026-08-04,2026-08-05,DEL-BLR,IndiGo,1,16029,2885,18914
2026-08-04,2026-08-05,DEL-BLR,IndiGo,1,15037,2706,17743
2026-08-04,2026-08-05,DEL-BLR,IndiGo,1,16534,2976,19510
2026-08-04,2026-08-05,DEL-BLR,IndiGo,1,14464,2603,17067
2026-08-04,2026-08-05,DEL-BLR,IndiGo,1,16049,2888,18937
2026-08-04,2026-09-18,DEL-BLR,Air India,45,5786,1041,6827
2026-08-04,2026-09-18,DEL-BLR,Air India,45,6787,1221,8008
2026-08-04,2026-09-18,DEL-BLR,Air India,45,5760,1036,6796
2026-08-04,2026-09-18,DEL-BLR,Air India,45,6754,1215,7969
2026-08-04,2026-09-18,DEL-BLR,Air India,45,7088,1275,8363
2026-08-04,2026-09-03,DEL-BLR,Air India,30,7120,1281,8401
2026-08-04,2026-09-03,DEL-BLR,Air India,30,7059,1270,8329
2026-08-04,2026-09-03,DEL-BLR,Air India,30,7917,1425,9342
2026-08-04,2026-09-03,DEL-BLR,Air India,30,6276,1129,7405
2026-08-04,2026-09-03,DEL-BLR,Air India,30,7599,1367,8966
2026-08-04,2026-08-19,DEL-BLR,Air India,15,9575,1723,11298
2026-08-04,2026-08-19,DEL-BLR,Air India,15,8412,1514,9926
2026-08-04,2026-08-19,DEL-BLR,Air India,15,8445,1520,9965
2026-08-04,2026-08-19,DEL-BLR,Air India,15,8027,1444,9471
2026-08-04,2026-08-19,DEL-BLR,Air India,15,9446,1700,11146
2026-08-04,2026-08-11,DEL-BLR,Air India,7,11349,2042,13391
2026-08-04,2026-08-11,DEL-BLR,Air India,7,10465,1883,12348
2026-08-04,2026-08-11,DEL-BLR,Air India,7,12356,2224,14580
2026-08-04,2026-08-11,DEL-BLR,Air India,7,11686,2103,13789
2026-08-04,2026-08-11,DEL-BLR,Air India,7,10910,1963,12873
2026-08-04,2026-08-05,DEL-BLR,Air India,1,17327,3118,20445
2026-08-04,2026-08-05,DEL-BLR,Air India,1,17727,3190,20917
2026-08-04,2026-08-05,DEL-BLR,Air India,1,17626,3172,20798
2026-08-04,2026-08-05,DEL-BLR,Air India,1,17575,3163,20738
2026-08-04,2026-08-05,DEL-BLR,Air India,1,16568,2982,19550
2026-08-04,2026-09-18,DEL-BLR,Akasa,45,5400,972,6372
2026-08-04,2026-09-18,DEL-BLR,Akasa,45,5633,1013,6646
2026-08-04,2026-09-18,DEL-BLR,Akasa,45,5806,1045,6851
2026-08-04,2026-09-18,DEL-BLR,Akasa,45,5806,1045,6851
2026-08-04,2026-09-18,DEL-BLR,Akasa,45,5344,961,6305
2026-08-04,2026-09-03,DEL-BLR,Akasa,30,5728,1031,6759
2026-08-04,2026-09-03,DEL-BLR,Akasa,30,6373,1147,7520
2026-08-04,2026-09-03,DEL-BLR,Akasa,30,5502,990,6492
2026-08-04,2026-09-03,DEL-BLR,Akasa,30,5753,1035,6788
2026-08-04,2026-09-03,DEL-BLR,Akasa,30,5839,1051,6890
2026-08-04,2026-08-19,DEL-BLR,Akasa,15,6712,1208,7920
2026-08-04,2026-08-19,DEL-BLR,Akasa,15,7626,1372,8998
2026-08-04,2026-08-19,DEL-BLR,Akasa,15,7414,1334,8748
2026-08-04,2026-08-19,DEL-BLR,Akasa,15,7713,1388,9101
2026-08-04,2026-08-19,DEL-BLR,Akasa,15,7023,1264,8287
2026-08-04,2026-08-11,DEL-BLR,Akasa,7,8835,1590,10425
2026-08-04,2026-08-11,DEL-BLR,Akasa,7,8996,1619,10615
2026-08-04,2026-08-11,DEL-BLR,Akasa,7,10754,1935,12689
2026-08-04,2026-08-11,DEL-BLR,Akasa,7,10284,1851,12135
2026-08-04,2026-08-11,DEL-BLR,Akasa,7,10469,1884,12353
2026-08-04,2026-08-05,DEL-BLR,Akasa,1,15655,2817,18472
2026-08-04,2026-08-05,DEL-BLR,Akasa,1,14505,2610,17115
2026-08-04,2026-08-05,DEL-BLR,Akasa,1,13180,2372,15552
2026-08-04,2026-08-05,DEL-BLR,Akasa,1,12834,2310,15144
2026-08-04,2026-08-05,DEL-BLR,Akasa,1,12599,2267,14866
2026-08-04,2026-09-18,DEL-BLR,SpiceJet,45,4716,848,5564
2026-08-04,2026-09-18,DEL-BLR,SpiceJet,45,4888,879,5767
2026-08-04,2026-09-18,DEL-BLR,SpiceJet,45,4753,855,5608
2026-08-04,2026-09-18,DEL-BLR,SpiceJet,45,5514,992,6506
2026-08-04,2026-09-18,DEL-BLR,SpiceJet,45,4754,855,5609
2026-08-04,2026-09-03,DEL-BLR,SpiceJet,30,5838,1050,6888
2026-08-04,2026-09-03,DEL-BLR,SpiceJet,30,6205,1116,7321
2026-08-04,2026-09-03,DEL-BLR,SpiceJet,30,6004,1080,7084
2026-08-04,2026-09-03,DEL-BLR,SpiceJet,30,5806,1045,6851
2026-08-04,2026-09-03,DEL-BLR,SpiceJet,30,5108,919,6027
2026-08-04,2026-08-19,DEL-BLR,SpiceJet,15,7171,1290,8461
2026-08-04,2026-08-19,DEL-BLR,SpiceJet,15,6151,1107,7258
2026-08-04,2026-08-19,DEL-BLR,SpiceJet,15,6608,1189,7797
2026-08-04,2026-08-19,DEL-BLR,SpiceJet,15,6801,1224,8025
2026-08-04,2026-08-19,DEL-BLR,SpiceJet,15,6918,1245,8163
2026-08-04,2026-08-11,DEL-BLR,SpiceJet,7,8282,1490,9772
2026-08-04,2026-08-11,DEL-BLR,SpiceJet,7,8177,1471,9648
2026-08-04,2026-08-11,DEL-BLR,SpiceJet,7,9261,1666,10927
2026-08-04,2026-08-11,DEL-BLR,SpiceJet,7,10177,1831,12008
2026-08-04,2026-08-11,DEL-BLR,SpiceJet,7,9691,1744,11435
2026-08-04,2026-08-05,DEL-BLR,SpiceJet,1,13616,2450,16066
2026-08-04,2026-08-05,DEL-BLR,SpiceJet,1,13042,2347,15389
2026-08-04,2026-08-05,DEL-BLR,SpiceJet,1,11926,2146,14072
2026-08-04,2026-08-05,DEL-BLR,SpiceJet,1,13538,2436,15974
2026-08-04,2026-08-05,DEL-BLR,SpiceJet,1,13615,2450,16065
2026-08-04,2026-09-18,BOM-BLR,IndiGo,45,3178,572,3750
2026-08-04,2026-09-18,BOM-BLR,IndiGo,45,3919,705,4624
2026-08-04,2026-09-18,BOM-BLR,IndiGo,45,4009,721,4730
2026-08-04,2026-09-18,BOM-BLR,IndiGo,45,3847,692,4539
2026-08-04,2026-09-18,BOM-BLR,IndiGo,45,3822,687,4509
2026-08-04,2026-09-03,BOM-BLR,IndiGo,30,3586,645,4231
2026-08-04,2026-09-03,BOM-BLR,IndiGo,30,3934,708,4642
2026-08-04,2026-09-03,BOM-BLR,IndiGo,30,3631,653,4284
2026-08-04,2026-09-03,BOM-BLR,IndiGo,30,3869,696,4565
2026-08-04,2026-09-03,BOM-BLR,IndiGo,30,3820,687,4507
2026-08-04,2026-08-19,BOM-BLR,IndiGo,15,4933,887,5820
2026-08-04,2026-08-19,BOM-BLR,IndiGo,15,5294,952,6246
2026-08-04,2026-08-19,BOM-BLR,IndiGo,15,4828,869,5697
2026-08-04,2026-08-19,BOM-BLR,IndiGo,15,4275,769,5044
2026-08-04,2026-08-19,BOM-BLR,IndiGo,15,5279,950,6229
2026-08-04,2026-08-11,BOM-BLR,IndiGo,7,6575,1183,7758
2026-08-04,2026-08-11,BOM-BLR,IndiGo,7,6867,1236,8103
2026-08-04,2026-08-11,BOM-BLR,IndiGo,7,6841,1231,8072
2026-08-04,2026-08-11,BOM-BLR,IndiGo,7,5771,1038,6809
2026-08-04,2026-08-11,BOM-BLR,IndiGo,7,6474,1165,7639
2026-08-04,2026-08-05,BOM-BLR,IndiGo,1,9694,1744,11438
2026-08-04,2026-08-05,BOM-BLR,IndiGo,1,8808,1585,10393
2026-08-04,2026-08-05,BOM-BLR,IndiGo,1,9074,1633,10707
2026-08-04,2026-08-05,BOM-BLR,IndiGo,1,10232,1841,12073
2026-08-04,2026-08-05,BOM-BLR,IndiGo,1,9591,1726,11317
2026-08-04,2026-09-18,BOM-BLR,Air India,45,4452,801,5253
2026-08-04,2026-09-18,BOM-BLR,Air India,45,4199,755,4954
2026-08-04,2026-09-18,BOM-BLR,Air India,45,3739,673,4412
2026-08-04,2026-09-18,BOM-BLR,Air India,45,4524,814,5338
2026-08-04,2026-09-18,BOM-BLR,Air India,45,3744,673,4417
2026-08-04,2026-09-03,BOM-BLR,Air India,30,5032,905,5937
2026-08-04,2026-09-03,BOM-BLR,Air India,30,4187,753,4940
2026-08-04,2026-09-03,BOM-BLR,Air India,30,4209,757,4966
2026-08-04,2026-09-03,BOM-BLR,Air India,30,4796,863,5659
2026-08-04,2026-09-03,BOM-BLR,Air India,30,4115,740,4855
2026-08-04,2026-08-19,BOM-BLR,Air India,15,5324,958,6282
2026-08-04,2026-08-19,BOM-BLR,Air India,15,5255,945,6200
2026-08-04,2026-08-19,BOM-BLR,Air India,15,5851,1053,6904
2026-08-04,2026-08-19,BOM-BLR,Air India,15,5151,927,6078
2026-08-04,2026-08-19,BOM-BLR,Air India,15,5809,1045,6854
2026-08-04,2026-08-11,BOM-BLR,Air India,7,6798,1223,8021
2026-08-04,2026-08-11,BOM-BLR,Air India,7,7588,1365,8953
2026-08-04,2026-08-11,BOM-BLR,Air India,7,6996,1259,8255
2026-08-04,2026-08-11,BOM-BLR,Air India,7,7329,1319,8648
2026-08-04,2026-08-11,BOM-BLR,Air India,7,7100,1278,8378
2026-08-04,2026-08-05,BOM-BLR,Air India,1,11953,2151,14104
2026-08-04,2026-08-05,BOM-BLR,Air India,1,11892,2140,14032
2026-08-04,2026-08-05,BOM-BLR,Air India,1,9665,1739,11404
2026-08-04,2026-08-05,BOM-BLR,Air India,1,10534,1896,12430
2026-08-04,2026-08-05,BOM-BLR,Air India,1,10592,1906,12498
2026-08-04,2026-09-18,BOM-BLR,Akasa,45,3492,628,4120
2026-08-04,2026-09-18,BOM-BLR,Akasa,45,3754,675,4429
2026-08-04,2026-09-18,BOM-BLR,Akasa,45,3029,545,3574
2026-08-04,2026-09-18,BOM-BLR,Akasa,45,3405,612,4017
2026-08-04,2026-09-18,BOM-BLR,Akasa,45,3433,617,4050
2026-08-04,2026-09-03,BOM-BLR,Akasa,30,3349,602,3951
2026-08-04,2026-09-03,BOM-BLR,Akasa,30,4071,732,4803
2026-08-04,2026-09-03,BOM-BLR,Akasa,30,3335,600,3935
2026-08-04,2026-09-03,BOM-BLR,Akasa,30,4156,748,4904
2026-08-04,2026-09-03,BOM-BLR,Akasa,30,3607,649,4256
2026-08-04,2026-08-19,BOM-BLR,Akasa,15,4393,790,5183
2026-08-04,2026-08-19,BOM-BLR,Akasa,15,4543,817,5360
2026-08-04,2026-08-19,BOM-BLR,Akasa,15,4473,805,5278
2026-08-04,2026-08-19,BOM-BLR,Akasa,15,4247,764,5011
2026-08-04,2026-08-19,BOM-BLR,Akasa,15,4268,768,5036
2026-08-04,2026-08-11,BOM-BLR,Akasa,7,6173,1111,7284
2026-08-04,2026-08-11,BOM-BLR,Akasa,7,5563,1001,6564
2026-08-04,2026-08-11,BOM-BLR,Akasa,7,5734,1032,6766
2026-08-04,2026-08-11,BOM-BLR,Akasa,7,5953,1071,7024
2026-08-04,2026-08-11,BOM-BLR,Akasa,7,5571,1002,6573
2026-08-04,2026-08-05,BOM-BLR,Akasa,1,8073,1453,9526
2026-08-04,2026-08-05,BOM-BLR,Akasa,1,8869,1596,10465
2026-08-04,2026-08-05,BOM-BLR,Akasa,1,8607,1549,10156
2026-08-04,2026-08-05,BOM-BLR,Akasa,1,9041,1627,10668
2026-08-04,2026-08-05,BOM-BLR,Akasa,1,9559,1720,11279
2026-08-04,2026-09-18,BOM-BLR,SpiceJet,45,3131,563,3694
2026-08-04,2026-09-18,BOM-BLR,SpiceJet,45,3165,569,3734
2026-08-04,2026-09-18,BOM-BLR,SpiceJet,45,3315,596,3911
2026-08-04,2026-09-18,BOM-BLR,SpiceJet,45,3403,612,4015
2026-08-04,2026-09-18,BOM-BLR,SpiceJet,45,3114,560,3674
2026-08-04,2026-09-03,BOM-BLR,SpiceJet,30,3829,689,4518
2026-08-04,2026-09-03,BOM-BLR,SpiceJet,30,3891,700,4591
2026-08-04,2026-09-03,BOM-BLR,SpiceJet,30,3814,686,4500
2026-08-04,2026-09-03,BOM-BLR,SpiceJet,30,3954,711,4665
2026-08-04,2026-09-03,BOM-BLR,SpiceJet,30,3235,582,3817
2026-08-04,2026-08-19,BOM-BLR,SpiceJet,15,4128,743,4871
2026-08-04,2026-08-19,BOM-BLR,SpiceJet,15,4479,806,5285
2026-08-04,2026-08-19,BOM-BLR,SpiceJet,15,4803,864,5667
2026-08-04,2026-08-19,BOM-BLR,SpiceJet,15,4608,829,5437
2026-08-04,2026-08-19,BOM-BLR,SpiceJet,15,4741,853,5594
2026-08-04,2026-08-11,BOM-BLR,SpiceJet,7,5348,962,6310
2026-08-04,2026-08-11,BOM-BLR,SpiceJet,7,5618,1011,6629
2026-08-04,2026-08-11,BOM-BLR,SpiceJet,7,5826,1048,6874
2026-08-04,2026-08-11,BOM-BLR,SpiceJet,7,5757,1036,6793
2026-08-04,2026-08-11,BOM-BLR,SpiceJet,7,6242,1123,7365
2026-08-04,2026-08-05,BOM-BLR,SpiceJet,1,8583,1544,10127
2026-08-04,2026-08-05,BOM-BLR,SpiceJet,1,8903,1602,10505
2026-08-04,2026-08-05,BOM-BLR,SpiceJet,1,8841,1591,10432
2026-08-04,2026-08-05,BOM-BLR,SpiceJet,1,8772,1578,10350
2026-08-04,2026-08-05,BOM-BLR,SpiceJet,1,9480,1706,11186
2026-08-04,2026-09-18,DEL-CCU,IndiGo,45,4424,796,5220
2026-08-04,2026-09-18,DEL-CCU,IndiGo,45,4627,832,5459
2026-08-04,2026-09-18,DEL-CCU,IndiGo,45,4915,884,5799
2026-08-04,2026-09-18,DEL-CCU,IndiGo,45,5005,900,5905
2026-08-04,2026-09-18,DEL-CCU,IndiGo,45,4376,787,5163
2026-08-04,2026-09-03,DEL-CCU,IndiGo,30,5213,938,6151
2026-08-04,2026-09-03,DEL-CCU,IndiGo,30,5392,970,6362
2026-08-04,2026-09-03,DEL-CCU,IndiGo,30,5294,952,6246
2026-08-04,2026-09-03,DEL-CCU,IndiGo,30,4904,882,5786
2026-08-04,2026-09-03,DEL-CCU,IndiGo,30,5932,1067,6999
2026-08-04,2026-08-19,DEL-CCU,IndiGo,15,6669,1200,7869
2026-08-04,2026-08-19,DEL-CCU,IndiGo,15,7446,1340,8786
2026-08-04,2026-08-19,DEL-CCU,IndiGo,15,6396,1151,7547
2026-08-04,2026-08-19,DEL-CCU,IndiGo,15,6728,1211,7939
2026-08-04,2026-08-19,DEL-CCU,IndiGo,15,6223,1120,7343
2026-08-04,2026-08-11,DEL-CCU,IndiGo,7,8681,1562,10243
2026-08-04,2026-08-11,DEL-CCU,IndiGo,7,8378,1508,9886
2026-08-04,2026-08-11,DEL-CCU,IndiGo,7,9554,1719,11273
2026-08-04,2026-08-11,DEL-CCU,IndiGo,7,8221,1479,9700
2026-08-04,2026-08-11,DEL-CCU,IndiGo,7,7929,1427,9356
2026-08-04,2026-08-05,DEL-CCU,IndiGo,1,12376,2227,14603
2026-08-04,2026-08-05,DEL-CCU,IndiGo,1,11662,2099,13761
2026-08-04,2026-08-05,DEL-CCU,IndiGo,1,13883,2498,16381
2026-08-04,2026-08-05,DEL-CCU,IndiGo,1,12910,2323,15233
2026-08-04,2026-08-05,DEL-CCU,IndiGo,1,13148,2366,15514
2026-08-04,2026-09-18,DEL-CCU,Air India,45,5743,1033,6776
2026-08-04,2026-09-18,DEL-CCU,Air India,45,5987,1077,7064
2026-08-04,2026-09-18,DEL-CCU,Air India,45,5882,1058,6940
2026-08-04,2026-09-18,DEL-CCU,Air India,45,5014,902,5916
2026-08-04,2026-09-18,DEL-CCU,Air India,45,5008,901,5909
2026-08-04,2026-09-03,DEL-CCU,Air India,30,6775,1219,7994
2026-08-04,2026-09-03,DEL-CCU,Air India,30,5839,1051,6890
2026-08-04,2026-09-03,DEL-CCU,Air India,30,6221,1119,7340
2026-08-04,2026-09-03,DEL-CCU,Air India,30,6870,1236,8106
2026-08-04,2026-09-03,DEL-CCU,Air India,30,6528,1175,7703
2026-08-04,2026-08-19,DEL-CCU,Air India,15,6716,1208,7924
2026-08-04,2026-08-19,DEL-CCU,Air India,15,7195,1295,8490
2026-08-04,2026-08-19,DEL-CCU,Air India,15,7236,1302,8538
2026-08-04,2026-08-19,DEL-CCU,Air India,15,6960,1252,8212
2026-08-04,2026-08-19,DEL-CCU,Air India,15,7811,1405,9216
2026-08-04,2026-08-11,DEL-CCU,Air India,7,10236,1842,12078
2026-08-04,2026-08-11,DEL-CCU,Air India,7,10906,1963,12869
2026-08-04,2026-08-11,DEL-CCU,Air India,7,9235,1662,10897
2026-08-04,2026-08-11,DEL-CCU,Air India,7,8973,1615,10588
2026-08-04,2026-08-11,DEL-CCU,Air India,7,9241,1663,10904
2026-08-04,2026-08-05,DEL-CCU,Air India,1,14186,2553,16739
2026-08-04,2026-08-05,DEL-CCU,Air India,1,16320,2937,19257
2026-08-04,2026-08-05,DEL-CCU,Air India,1,14762,2657,17419
2026-08-04,2026-08-05,DEL-CCU,Air India,1,15385,2769,18154
2026-08-04,2026-08-05,DEL-CCU,Air India,1,14918,2685,17603
2026-08-04,2026-09-18,DEL-CCU,Akasa,45,4927,886,5813
2026-08-04,2026-09-18,DEL-CCU,Akasa,45,5148,926,6074
2026-08-04,2026-09-18,DEL-CCU,Akasa,45,4958,892,5850
2026-08-04,2026-09-18,DEL-CCU,Akasa,45,4298,773,5071
2026-08-04,2026-09-18,DEL-CCU,Akasa,45,4461,802,5263
2026-08-04,2026-09-03,DEL-CCU,Akasa,30,5356,964,6320
2026-08-04,2026-09-03,DEL-CCU,Akasa,30,5079,914,5993
2026-08-04,2026-09-03,DEL-CCU,Akasa,30,5299,953,6252
2026-08-04,2026-09-03,DEL-CCU,Akasa,30,5656,1018,6674
2026-08-04,2026-09-03,DEL-CCU,Akasa,30,4563,821,5384
2026-08-04,2026-08-19,DEL-CCU,Akasa,15,6346,1142,7488
2026-08-04,2026-08-19,DEL-CCU,Akasa,15,5930,1067,6997
2026-08-04,2026-08-19,DEL-CCU,Akasa,15,6889,1240,8129
2026-08-04,2026-08-19,DEL-CCU,Akasa,15,6599,1187,7786
2026-08-04,2026-08-19,DEL-CCU,Akasa,15,6422,1155,7577
2026-08-04,2026-08-11,DEL-CCU,Akasa,7,8954,1611,10565
2026-08-04,2026-08-11,DEL-CCU,Akasa,7,9023,1624,10647
2026-08-04,2026-08-11,DEL-CCU,Akasa,7,9384,1689,11073
2026-08-04,2026-08-11,DEL-CCU,Akasa,7,8505,1530,10035
2026-08-04,2026-08-11,DEL-CCU,Akasa,7,9412,1694,11106
2026-08-04,2026-08-05,DEL-CCU,Akasa,1,11398,2051,13449
2026-08-04,2026-08-05,DEL-CCU,Akasa,1,13552,2439,15991
2026-08-04,2026-08-05,DEL-CCU,Akasa,1,11932,2147,14079
2026-08-04,2026-08-05,DEL-CCU,Akasa,1,11066,1991,13057
2026-08-04,2026-08-05,DEL-CCU,Akasa,1,12165,2189,14354
2026-08-04,2026-09-18,DEL-CCU,SpiceJet,45,4809,865,5674
2026-08-04,2026-09-18,DEL-CCU,SpiceJet,45,4356,784,5140
2026-08-04,2026-09-18,DEL-CCU,SpiceJet,45,4151,747,4898
2026-08-04,2026-09-18,DEL-CCU,SpiceJet,45,4700,846,5546
2026-08-04,2026-09-18,DEL-CCU,SpiceJet,45,4930,887,5817
2026-08-04,2026-09-03,DEL-CCU,SpiceJet,30,4429,797,5226
2026-08-04,2026-09-03,DEL-CCU,SpiceJet,30,4359,784,5143
2026-08-04,2026-09-03,DEL-CCU,SpiceJet,30,4716,848,5564
2026-08-04,2026-09-03,DEL-CCU,SpiceJet,30,5189,934,6123
2026-08-04,2026-09-03,DEL-CCU,SpiceJet,30,4382,788,5170
2026-08-04,2026-08-19,DEL-CCU,SpiceJet,15,6411,1153,7564
2026-08-04,2026-08-19,DEL-CCU,SpiceJet,15,6416,1154,7570
2026-08-04,2026-08-19,DEL-CCU,SpiceJet,15,5319,957,6276
2026-08-04,2026-08-19,DEL-CCU,SpiceJet,15,6410,1153,7563
2026-08-04,2026-08-19,DEL-CCU,SpiceJet,15,5462,983,6445
2026-08-04,2026-08-11,DEL-CCU,SpiceJet,7,7616,1370,8986
2026-08-04,2026-08-11,DEL-CCU,SpiceJet,7,8483,1526,10009
2026-08-04,2026-08-11,DEL-CCU,SpiceJet,7,7023,1264,8287
2026-08-04,2026-08-11,DEL-CCU,SpiceJet,7,7025,1264,8289
2026-08-04,2026-08-11,DEL-CCU,SpiceJet,7,8576,1543,10119
2026-08-04,2026-08-05,DEL-CCU,SpiceJet,1,11500,2070,13570
2026-08-04,2026-08-05,DEL-CCU,SpiceJet,1,12267,2208,14475
2026-08-04,2026-08-05,DEL-CCU,SpiceJet,1,12746,2294,15040
2026-08-04,2026-08-05,DEL-CCU,SpiceJet,1,11069,1992,13061
2026-08-04,2026-08-05,DEL-CCU,SpiceJet,1,11578,2084,13662
2026-08-04,2026-09-18,BLR-HYD,IndiGo,45,2560,460,3020
2026-08-04,2026-09-18,BLR-HYD,IndiGo,45,3108,559,3667
2026-08-04,2026-09-18,BLR-HYD,IndiGo,45,2913,524,3437
2026-08-04,2026-09-18,BLR-HYD,IndiGo,45,2658,478,3136
2026-08-04,2026-09-18,BLR-HYD,IndiGo,45,3186,573,3759
2026-08-04,2026-09-03,BLR-HYD,IndiGo,30,3285,591,3876
2026-08-04,2026-09-03,BLR-HYD,IndiGo,30,3337,600,3937
2026-08-04,2026-09-03,BLR-HYD,IndiGo,30,3500,630,4130
2026-08-04,2026-09-03,BLR-HYD,IndiGo,30,3372,606,3978
2026-08-04,2026-09-03,BLR-HYD,IndiGo,30,3464,623,4087
2026-08-04,2026-08-19,BLR-HYD,IndiGo,15,4017,723,4740
2026-08-04,2026-08-19,BLR-HYD,IndiGo,15,3477,625,4102
2026-08-04,2026-08-19,BLR-HYD,IndiGo,15,4097,737,4834
2026-08-04,2026-08-19,BLR-HYD,IndiGo,15,3438,618,4056
2026-08-04,2026-08-19,BLR-HYD,IndiGo,15,3838,690,4528
2026-08-04,2026-08-11,BLR-HYD,IndiGo,7,4542,817,5359
2026-08-04,2026-08-11,BLR-HYD,IndiGo,7,5281,950,6231
2026-08-04,2026-08-11,BLR-HYD,IndiGo,7,5794,1042,6836
2026-08-04,2026-08-11,BLR-HYD,IndiGo,7,5061,910,5971
2026-08-04,2026-08-11,BLR-HYD,IndiGo,7,5057,910,5967
2026-08-04,2026-08-05,BLR-HYD,IndiGo,1,8331,1499,9830
2026-08-04,2026-08-05,BLR-HYD,IndiGo,1,6724,1210,7934
2026-08-04,2026-08-05,BLR-HYD,IndiGo,1,8029,1445,9474
2026-08-04,2026-08-05,BLR-HYD,IndiGo,1,7307,1315,8622
2026-08-04,2026-08-05,BLR-HYD,IndiGo,1,7108,1279,8387
2026-08-04,2026-09-18,BLR-HYD,Air India,45,3672,660,4332
2026-08-04,2026-09-18,BLR-HYD,Air India,45,3434,618,4052
2026-08-04,2026-09-18,BLR-HYD,Air India,45,3265,587,3852
2026-08-04,2026-09-18,BLR-HYD,Air India,45,3216,578,3794
2026-08-04,2026-09-18,BLR-HYD,Air India,45,3287,591,3878
2026-08-04,2026-09-03,BLR-HYD,Air India,30,3638,654,4292
2026-08-04,2026-09-03,BLR-HYD,Air India,30,4011,721,4732
2026-08-04,2026-09-03,BLR-HYD,Air India,30,3468,624,4092
2026-08-04,2026-09-03,BLR-HYD,Air India,30,3485,627,4112
2026-08-04,2026-09-03,BLR-HYD,Air India,30,3240,583,3823
2026-08-04,2026-08-19,BLR-HYD,Air India,15,4245,764,5009
2026-08-04,2026-08-19,BLR-HYD,Air India,15,3947,710,4657
2026-08-04,2026-08-19,BLR-HYD,Air India,15,4129,743,4872
2026-08-04,2026-08-19,BLR-HYD,Air India,15,4758,856,5614
2026-08-04,2026-08-19,BLR-HYD,Air India,15,4051,729,4780
2026-08-04,2026-08-11,BLR-HYD,Air India,7,5544,997,6541
2026-08-04,2026-08-11,BLR-HYD,Air India,7,5659,1018,6677
2026-08-04,2026-08-11,BLR-HYD,Air India,7,5433,977,6410
2026-08-04,2026-08-11,BLR-HYD,Air India,7,6416,1154,7570
2026-08-04,2026-08-11,BLR-HYD,Air India,7,6037,1086,7123
2026-08-04,2026-08-05,BLR-HYD,Air India,1,9798,1763,11561
2026-08-04,2026-08-05,BLR-HYD,Air India,1,9519,1713,11232
2026-08-04,2026-08-05,BLR-HYD,Air India,1,8800,1584,10384
2026-08-04,2026-08-05,BLR-HYD,Air India,1,8332,1499,9831
2026-08-04,2026-08-05,BLR-HYD,Air India,1,8234,1482,9716
2026-08-04,2026-09-18,BLR-HYD,Akasa,45,2798,503,3301
2026-08-04,2026-09-18,BLR-HYD,Akasa,45,2739,493,3232
2026-08-04,2026-09-18,BLR-HYD,Akasa,45,2713,488,3201
2026-08-04,2026-09-18,BLR-HYD,Akasa,45,2913,524,3437
2026-08-04,2026-09-18,BLR-HYD,Akasa,45,2418,435,2853
2026-08-04,2026-09-03,BLR-HYD,Akasa,30,2776,499,3275
2026-08-04,2026-09-03,BLR-HYD,Akasa,30,2895,521,3416
2026-08-04,2026-09-03,BLR-HYD,Akasa,30,3124,562,3686
2026-08-04,2026-09-03,BLR-HYD,Akasa,30,2949,530,3479
2026-08-04,2026-09-03,BLR-HYD,Akasa,30,3090,556,3646
2026-08-04,2026-08-19,BLR-HYD,Akasa,15,4066,731,4797
2026-08-04,2026-08-19,BLR-HYD,Akasa,15,3939,709,4648
2026-08-04,2026-08-19,BLR-HYD,Akasa,15,3495,629,4124
2026-08-04,2026-08-19,BLR-HYD,Akasa,15,3889,700,4589
2026-08-04,2026-08-19,BLR-HYD,Akasa,15,3613,650,4263
2026-08-04,2026-08-11,BLR-HYD,Akasa,7,5161,928,6089
2026-08-04,2026-08-11,BLR-HYD,Akasa,7,4566,821,5387
2026-08-04,2026-08-11,BLR-HYD,Akasa,7,4719,849,5568
2026-08-04,2026-08-11,BLR-HYD,Akasa,7,4681,842,5523
2026-08-04,2026-08-11,BLR-HYD,Akasa,7,4355,783,5138
2026-08-04,2026-08-05,BLR-HYD,Akasa,1,7865,1415,9280
2026-08-04,2026-08-05,BLR-HYD,Akasa,1,7731,1391,9122
2026-08-04,2026-08-05,BLR-HYD,Akasa,1,6680,1202,7882
2026-08-04,2026-08-05,BLR-HYD,Akasa,1,6805,1224,8029
2026-08-04,2026-08-05,BLR-HYD,Akasa,1,6603,1188,7791
2026-08-04,2026-09-18,BLR-HYD,SpiceJet,45,2781,500,3281
2026-08-04,2026-09-18,BLR-HYD,SpiceJet,45,2390,430,2820
2026-08-04,2026-09-18,BLR-HYD,SpiceJet,45,2854,513,3367
2026-08-04,2026-09-18,BLR-HYD,SpiceJet,45,2733,491,3224
2026-08-04,2026-09-18,BLR-HYD,SpiceJet,45,2447,440,2887
2026-08-04,2026-09-03,BLR-HYD,SpiceJet,30,2766,497,3263
2026-08-04,2026-09-03,BLR-HYD,SpiceJet,30,2847,512,3359
2026-08-04,2026-09-03,BLR-HYD,SpiceJet,30,3071,552,3623
2026-08-04,2026-09-03,BLR-HYD,SpiceJet,30,2906,523,3429
2026-08-04,2026-09-03,BLR-HYD,SpiceJet,30,3132,563,3695
2026-08-04,2026-08-19,BLR-HYD,SpiceJet,15,3757,676,4433
2026-08-04,2026-08-19,BLR-HYD,SpiceJet,15,3724,670,4394
2026-08-04,2026-08-19,BLR-HYD,SpiceJet,15,3884,699,4583
2026-08-04,2026-08-19,BLR-HYD,SpiceJet,15,3336,600,3936
2026-08-04,2026-08-19,BLR-HYD,SpiceJet,15,3420,615,4035
2026-08-04,2026-08-11,BLR-HYD,SpiceJet,7,4234,762,4996
2026-08-04,2026-08-11,BLR-HYD,SpiceJet,7,4731,851,5582
2026-08-04,2026-08-11,BLR-HYD,SpiceJet,7,4203,756,4959
2026-08-04,2026-08-11,BLR-HYD,SpiceJet,7,5096,917,6013
2026-08-04,2026-08-11,BLR-HYD,SpiceJet,7,4295,773,5068
2026-08-04,2026-08-05,BLR-HYD,SpiceJet,1,6680,1202,7882
2026-08-04,2026-08-05,BLR-HYD,SpiceJet,1,6259,1126,7385
2026-08-04,2026-08-05,BLR-HYD,SpiceJet,1,6179,1112,7291
2026-08-04,2026-08-05,BLR-HYD,SpiceJet,1,6575,1183,7758
2026-08-04,2026-08-05,BLR-HYD,SpiceJet,1,7156,1288,8444
2026-08-05,2026-09-19,DEL-BOM,IndiGo,45,4003,720,4723
2026-08-05,2026-09-19,DEL-BOM,IndiGo,45,4711,847,5558
2026-08-05,2026-09-19,DEL-BOM,IndiGo,45,4597,827,5424
2026-08-05,2026-09-19,DEL-BOM,IndiGo,45,4673,841,5514
2026-08-05,2026-09-19,DEL-BOM,IndiGo,45,3782,680,4462
2026-08-05,2026-09-04,DEL-BOM,IndiGo,30,5106,919,6025
2026-08-05,2026-09-04,DEL-BOM,IndiGo,30,4394,790,5184
2026-08-05,2026-09-04,DEL-BOM,IndiGo,30,4704,846,5550
2026-08-05,2026-09-04,DEL-BOM,IndiGo,30,5094,916,6010
2026-08-05,2026-09-04,DEL-BOM,IndiGo,30,4370,786,5156
2026-08-05,2026-08-20,DEL-BOM,IndiGo,15,5511,991,6502
2026-08-05,2026-08-20,DEL-BOM,IndiGo,15,5509,991,6500
2026-08-05,2026-08-20,DEL-BOM,IndiGo,15,5771,1038,6809
2026-08-05,2026-08-20,DEL-BOM,IndiGo,15,6223,1120,7343
2026-08-05,2026-08-20,DEL-BOM,IndiGo,15,5317,957,6274
2026-08-05,2026-08-12,DEL-BOM,IndiGo,7,7329,1319,8648
2026-08-05,2026-08-12,DEL-BOM,IndiGo,7,8421,1515,9936
2026-08-05,2026-08-12,DEL-BOM,IndiGo,7,7168,1290,8458
2026-08-05,2026-08-12,DEL-BOM,IndiGo,7,7861,1414,9275
2026-08-05,2026-08-12,DEL-BOM,IndiGo,7,8568,1542,10110
2026-08-05,2026-08-06,DEL-BOM,IndiGo,1,11870,2136,14006
2026-08-05,2026-08-06,DEL-BOM,IndiGo,1,11898,2141,14039
2026-08-05,2026-08-06,DEL-BOM,IndiGo,1,12311,2215,14526
2026-08-05,2026-08-06,DEL-BOM,IndiGo,1,11806,2125,13931
2026-08-05,2026-08-06,DEL-BOM,IndiGo,1,10127,1822,11949
2026-08-05,2026-09-19,DEL-BOM,Air India,45,4668,840,5508
2026-08-05,2026-09-19,DEL-BOM,Air India,45,5057,910,5967
2026-08-05,2026-09-19,DEL-BOM,Air India,45,5094,916,6010
2026-08-05,2026-09-19,DEL-BOM,Air India,45,4944,889,5833
2026-08-05,2026-09-19,DEL-BOM,Air India,45,5209,937,6146
2026-08-05,2026-09-04,DEL-BOM,Air India,30,5321,957,6278
2026-08-05,2026-09-04,DEL-BOM,Air India,30,5516,992,6508
2026-08-05,2026-09-04,DEL-BOM,Air India,30,5594,1006,6600
2026-08-05,2026-09-04,DEL-BOM,Air India,30,5783,1040,6823
2026-08-05,2026-09-04,DEL-BOM,Air India,30,5349,962,6311
2026-08-05,2026-08-20,DEL-BOM,Air India,15,7451,1341,8792
2026-08-05,2026-08-20,DEL-BOM,Air India,15,7093,1276,8369
2026-08-05,2026-08-20,DEL-BOM,Air India,15,6727,1210,7937
2026-08-05,2026-08-20,DEL-BOM,Air India,15,7490,1348,8838
2026-08-05,2026-08-20,DEL-BOM,Air India,15,6179,1112,7291
2026-08-05,2026-08-12,DEL-BOM,Air India,7,8697,1565,10262
2026-08-05,2026-08-12,DEL-BOM,Air India,7,8005,1440,9445
2026-08-05,2026-08-12,DEL-BOM,Air India,7,9644,1735,11379
2026-08-05,2026-08-12,DEL-BOM,Air India,7,9798,1763,11561
2026-08-05,2026-08-12,DEL-BOM,Air India,7,8772,1578,10350
2026-08-05,2026-08-06,DEL-BOM,Air India,1,12560,2260,14820
2026-08-05,2026-08-06,DEL-BOM,Air India,1,12630,2273,14903
2026-08-05,2026-08-06,DEL-BOM,Air India,1,12668,2280,14948
2026-08-05,2026-08-06,DEL-BOM,Air India,1,14057,2530,16587
2026-08-05,2026-08-06,DEL-BOM,Air India,1,14034,2526,16560
2026-08-05,2026-09-19,DEL-BOM,Akasa,45,3629,653,4282
2026-08-05,2026-09-19,DEL-BOM,Akasa,45,4485,807,5292
2026-08-05,2026-09-19,DEL-BOM,Akasa,45,3787,681,4468
2026-08-05,2026-09-19,DEL-BOM,Akasa,45,4129,743,4872
2026-08-05,2026-09-19,DEL-BOM,Akasa,45,3873,697,4570
2026-08-05,2026-09-04,DEL-BOM,Akasa,30,4504,810,5314
2026-08-05,2026-09-04,DEL-BOM,Akasa,30,4331,779,5110
2026-08-05,2026-09-04,DEL-BOM,Akasa,30,4139,745,4884
2026-08-05,2026-09-04,DEL-BOM,Akasa,30,4323,778,5101
2026-08-05,2026-09-04,DEL-BOM,Akasa,30,4124,742,4866
2026-08-05,2026-08-20,DEL-BOM,Akasa,15,5050,909,5959
2026-08-05,2026-08-20,DEL-BOM,Akasa,15,5868,1056,6924
2026-08-05,2026-08-20,DEL-BOM,Akasa,15,5790,1042,6832
2026-08-05,2026-08-20,DEL-BOM,Akasa,15,5972,1074,7046
2026-08-05,2026-08-20,DEL-BOM,Akasa,15,5176,931,6107
2026-08-05,2026-08-12,DEL-BOM,Akasa,7,6560,1180,7740
2026-08-05,2026-08-12,DEL-BOM,Akasa,7,6917,1245,8162
2026-08-05,2026-08-12,DEL-BOM,Akasa,7,7374,1327,8701
2026-08-05,2026-08-12,DEL-BOM,Akasa,7,6498,1169,7667
2026-08-05,2026-08-12,DEL-BOM,Akasa,7,6779,1220,7999
2026-08-05,2026-08-06,DEL-BOM,Akasa,1,9810,1765,11575
2026-08-05,2026-08-06,DEL-BOM,Akasa,1,9522,1713,11235
2026-08-05,2026-08-06,DEL-BOM,Akasa,1,9873,1777,11650
2026-08-05,2026-08-06,DEL-BOM,Akasa,1,10430,1877,12307
2026-08-05,2026-08-06,DEL-BOM,Akasa,1,11102,1998,13100
2026-08-05,2026-09-19,DEL-BOM,SpiceJet,45,3913,704,4617
2026-08-05,2026-09-19,DEL-BOM,SpiceJet,45,3706,667,4373
2026-08-05,2026-09-19,DEL-BOM,SpiceJet,45,3632,653,4285
2026-08-05,2026-09-19,DEL-BOM,SpiceJet,45,3991,718,4709
2026-08-05,2026-09-19,DEL-BOM,SpiceJet,45,3885,699,4584
2026-08-05,2026-09-04,DEL-BOM,SpiceJet,30,3823,688,4511
2026-08-05,2026-09-04,DEL-BOM,SpiceJet,30,4052,729,4781
2026-08-05,2026-09-04,DEL-BOM,SpiceJet,30,3979,716,4695
2026-08-05,2026-09-04,DEL-BOM,SpiceJet,30,4190,754,4944
2026-08-05,2026-09-04,DEL-BOM,SpiceJet,30,4192,754,4946
2026-08-05,2026-08-20,DEL-BOM,SpiceJet,15,5682,1022,6704
2026-08-05,2026-08-20,DEL-BOM,SpiceJet,15,5733,1031,6764
2026-08-05,2026-08-20,DEL-BOM,SpiceJet,15,5101,918,6019
2026-08-05,2026-08-20,DEL-BOM,SpiceJet,15,4988,897,5885
2026-08-05,2026-08-20,DEL-BOM,SpiceJet,15,4890,880,5770
2026-08-05,2026-08-12,DEL-BOM,SpiceJet,7,6301,1134,7435
2026-08-05,2026-08-12,DEL-BOM,SpiceJet,7,7018,1263,8281
2026-08-05,2026-08-12,DEL-BOM,SpiceJet,7,6682,1202,7884
2026-08-05,2026-08-12,DEL-BOM,SpiceJet,7,7645,1376,9021
2026-08-05,2026-08-12,DEL-BOM,SpiceJet,7,7451,1341,8792
2026-08-05,2026-08-06,DEL-BOM,SpiceJet,1,9834,1770,11604
2026-08-05,2026-08-06,DEL-BOM,SpiceJet,1,9294,1672,10966
2026-08-05,2026-08-06,DEL-BOM,SpiceJet,1,10641,1915,12556
2026-08-05,2026-08-06,DEL-BOM,SpiceJet,1,9506,1711,11217
2026-08-05,2026-08-06,DEL-BOM,SpiceJet,1,10274,1849,12123
2026-08-05,2026-09-19,DEL-BLR,IndiGo,45,6038,1086,7124
2026-08-05,2026-09-19,DEL-BLR,IndiGo,45,5398,971,6369
2026-08-05,2026-09-19,DEL-BLR,IndiGo,45,5119,921,6040
2026-08-05,2026-09-19,DEL-BLR,IndiGo,45,6179,1112,7291
2026-08-05,2026-09-19,DEL-BLR,IndiGo,45,5453,981,6434
2026-08-05,2026-09-04,DEL-BLR,IndiGo,30,5946,1070,7016
2026-08-05,2026-09-04,DEL-BLR,IndiGo,30,6774,1219,7993
2026-08-05,2026-09-04,DEL-BLR,IndiGo,30,5504,990,6494
2026-08-05,2026-09-04,DEL-BLR,IndiGo,30,5644,1015,6659
2026-08-05,2026-09-04,DEL-BLR,IndiGo,30,5626,1012,6638
2026-08-05,2026-08-20,DEL-BLR,IndiGo,15,6978,1256,8234
2026-08-05,2026-08-20,DEL-BLR,IndiGo,15,8254,1485,9739
2026-08-05,2026-08-20,DEL-BLR,IndiGo,15,7318,1317,8635
2026-08-05,2026-08-20,DEL-BLR,IndiGo,15,6864,1235,8099
2026-08-05,2026-08-20,DEL-BLR,IndiGo,15,8164,1469,9633
2026-08-05,2026-08-12,DEL-BLR,IndiGo,7,9610,1729,11339
2026-08-05,2026-08-12,DEL-BLR,IndiGo,7,9811,1765,11576
2026-08-05,2026-08-12,DEL-BLR,IndiGo,7,9239,1663,10902
2026-08-05,2026-08-12,DEL-BLR,IndiGo,7,9918,1785,11703
2026-08-05,2026-08-12,DEL-BLR,IndiGo,7,10432,1877,12309
2026-08-05,2026-08-06,DEL-BLR,IndiGo,1,13839,2491,16330
2026-08-05,2026-08-06,DEL-BLR,IndiGo,1,14624,2632,17256
2026-08-05,2026-08-06,DEL-BLR,IndiGo,1,13684,2463,16147
2026-08-05,2026-08-06,DEL-BLR,IndiGo,1,13488,2427,15915
2026-08-05,2026-08-06,DEL-BLR,IndiGo,1,15656,2818,18474
2026-08-05,2026-09-19,DEL-BLR,Air India,45,6466,1163,7629
2026-08-05,2026-09-19,DEL-BLR,Air India,45,6512,1172,7684
2026-08-05,2026-09-19,DEL-BLR,Air India,45,6436,1158,7594
2026-08-05,2026-09-19,DEL-BLR,Air India,45,6569,1182,7751
2026-08-05,2026-09-19,DEL-BLR,Air India,45,5839,1051,6890
2026-08-05,2026-09-04,DEL-BLR,Air India,30,7824,1408,9232
2026-08-05,2026-09-04,DEL-BLR,Air India,30,6411,1153,7564
2026-08-05,2026-09-04,DEL-BLR,Air India,30,6632,1193,7825
2026-08-05,2026-09-04,DEL-BLR,Air India,30,6418,1155,7573
2026-08-05,2026-09-04,DEL-BLR,Air India,30,6472,1164,7636
2026-08-05,2026-08-20,DEL-BLR,Air India,15,9439,1699,11138
2026-08-05,2026-08-20,DEL-BLR,Air India,15,8254,1485,9739
2026-08-05,2026-08-20,DEL-BLR,Air India,15,8937,1608,10545
2026-08-05,2026-08-20,DEL-BLR,Air India,15,9778,1760,11538
2026-08-05,2026-08-20,DEL-BLR,Air India,15,9189,1654,10843
2026-08-05,2026-08-12,DEL-BLR,Air India,7,11618,2091,13709
2026-08-05,2026-08-12,DEL-BLR,Air India,7,12629,2273,14902
2026-08-05,2026-08-12,DEL-BLR,Air India,7,11140,2005,13145
2026-08-05,2026-08-12,DEL-BLR,Air India,7,10621,1911,12532
2026-08-05,2026-08-12,DEL-BLR,Air India,7,10855,1953,12808
2026-08-05,2026-08-06,DEL-BLR,Air India,1,17183,3092,20275
2026-08-05,2026-08-06,DEL-BLR,Air India,1,17794,3202,20996
2026-08-05,2026-08-06,DEL-BLR,Air India,1,17831,3209,21040
2026-08-05,2026-08-06,DEL-BLR,Air India,1,17065,3071,20136
2026-08-05,2026-08-06,DEL-BLR,Air India,1,18458,3322,21780
2026-08-05,2026-09-19,DEL-BLR,Akasa,45,5772,1038,6810
2026-08-05,2026-09-19,DEL-BLR,Akasa,45,4851,873,5724
2026-08-05,2026-09-19,DEL-BLR,Akasa,45,5931,1067,6998
2026-08-05,2026-09-19,DEL-BLR,Akasa,45,5900,1062,6962
2026-08-05,2026-09-19,DEL-BLR,Akasa,45,5425,976,6401
2026-08-05,2026-09-04,DEL-BLR,Akasa,30,5629,1013,6642
2026-08-05,2026-09-04,DEL-BLR,Akasa,30,5351,963,6314
2026-08-05,2026-09-04,DEL-BLR,Akasa,30,5392,970,6362
2026-08-05,2026-09-04,DEL-BLR,Akasa,30,6510,1171,7681
2026-08-05,2026-09-04,DEL-BLR,Akasa,30,6330,1139,7469
2026-08-05,2026-08-20,DEL-BLR,Akasa,15,7463,1343,8806
2026-08-05,2026-08-20,DEL-BLR,Akasa,15,6780,1220,8000
2026-08-05,2026-08-20,DEL-BLR,Akasa,15,7059,1270,8329
2026-08-05,2026-08-20,DEL-BLR,Akasa,15,7926,1426,9352
2026-08-05,2026-08-20,DEL-BLR,Akasa,15,7742,1393,9135
2026-08-05,2026-08-12,DEL-BLR,Akasa,7,9150,1647,10797
2026-08-05,2026-08-12,DEL-BLR,Akasa,7,9250,1665,10915
2026-08-05,2026-08-12,DEL-BLR,Akasa,7,10749,1934,12683
2026-08-05,2026-08-12,DEL-BLR,Akasa,7,10694,1924,12618
2026-08-05,2026-08-12,DEL-BLR,Akasa,7,8467,1524,9991
2026-08-05,2026-08-06,DEL-BLR,Akasa,1,13126,2362,15488
2026-08-05,2026-08-06,DEL-BLR,Akasa,1,13369,2406,15775
2026-08-05,2026-08-06,DEL-BLR,Akasa,1,14814,2666,17480
2026-08-05,2026-08-06,DEL-BLR,Akasa,1,14900,2682,17582
2026-08-05,2026-08-06,DEL-BLR,Akasa,1,14902,2682,17584
2026-08-05,2026-09-19,DEL-BLR,SpiceJet,45,5486,987,6473
2026-08-05,2026-09-19,DEL-BLR,SpiceJet,45,5239,943,6182
2026-08-05,2026-09-19,DEL-BLR,SpiceJet,45,5292,952,6244
2026-08-05,2026-09-19,DEL-BLR,SpiceJet,45,4615,830,5445
2026-08-05,2026-09-19,DEL-BLR,SpiceJet,45,5468,984,6452
2026-08-05,2026-09-04,DEL-BLR,SpiceJet,30,5486,987,6473
2026-08-05,2026-09-04,DEL-BLR,SpiceJet,30,6046,1088,7134
2026-08-05,2026-09-04,DEL-BLR,SpiceJet,30,6035,1086,7121
2026-08-05,2026-09-04,DEL-BLR,SpiceJet,30,5798,1043,6841
2026-08-05,2026-09-04,DEL-BLR,SpiceJet,30,5303,954,6257
2026-08-05,2026-08-20,DEL-BLR,SpiceJet,15,7271,1308,8579
2026-08-05,2026-08-20,DEL-BLR,SpiceJet,15,7355,1323,8678
2026-08-05,2026-08-20,DEL-BLR,SpiceJet,15,6612,1190,7802
2026-08-05,2026-08-20,DEL-BLR,SpiceJet,15,6135,1104,7239
2026-08-05,2026-08-20,DEL-BLR,SpiceJet,15,7282,1310,8592
2026-08-05,2026-08-12,DEL-BLR,SpiceJet,7,9943,1789,11732
2026-08-05,2026-08-12,DEL-BLR,SpiceJet,7,8173,1471,9644
2026-08-05,2026-08-12,DEL-BLR,SpiceJet,7,9072,1632,10704
2026-08-05,2026-08-12,DEL-BLR,SpiceJet,7,8749,1574,10323
2026-08-05,2026-08-12,DEL-BLR,SpiceJet,7,9973,1795,11768
2026-08-05,2026-08-06,DEL-BLR,SpiceJet,1,14791,2662,17453
2026-08-05,2026-08-06,DEL-BLR,SpiceJet,1,12279,2210,14489
2026-08-05,2026-08-06,DEL-BLR,SpiceJet,1,14894,2680,17574
2026-08-05,2026-08-06,DEL-BLR,SpiceJet,1,12865,2315,15180
2026-08-05,2026-08-06,DEL-BLR,SpiceJet,1,12077,2173,14250
2026-08-05,2026-09-19,BOM-BLR,IndiGo,45,3253,585,3838
2026-08-05,2026-09-19,BOM-BLR,IndiGo,45,3313,596,3909
2026-08-05,2026-09-19,BOM-BLR,IndiGo,45,3732,671,4403
2026-08-05,2026-09-19,BOM-BLR,IndiGo,45,3941,709,4650
2026-08-05,2026-09-19,BOM-BLR,IndiGo,45,3266,587,3853
2026-08-05,2026-09-04,BOM-BLR,IndiGo,30,4426,796,5222
2026-08-05,2026-09-04,BOM-BLR,IndiGo,30,3651,657,4308
2026-08-05,2026-09-04,BOM-BLR,IndiGo,30,3670,660,4330
2026-08-05,2026-09-04,BOM-BLR,IndiGo,30,4066,731,4797
2026-08-05,2026-09-04,BOM-BLR,IndiGo,30,3690,664,4354
2026-08-05,2026-08-20,BOM-BLR,IndiGo,15,4776,859,5635
2026-08-05,2026-08-20,BOM-BLR,IndiGo,15,4451,801,5252
2026-08-05,2026-08-20,BOM-BLR,IndiGo,15,5064,911,5975
2026-08-05,2026-08-20,BOM-BLR,IndiGo,15,5149,926,6075
2026-08-05,2026-08-20,BOM-BLR,IndiGo,15,5062,911,5973
2026-08-05,2026-08-12,BOM-BLR,IndiGo,7,6757,1216,7973
2026-08-05,2026-08-12,BOM-BLR,IndiGo,7,6999,1259,8258
2026-08-05,2026-08-12,BOM-BLR,IndiGo,7,6420,1155,7575
2026-08-05,2026-08-12,BOM-BLR,IndiGo,7,6556,1180,7736
2026-08-05,2026-08-12,BOM-BLR,IndiGo,7,5673,1021,6694
2026-08-05,2026-08-06,BOM-BLR,IndiGo,1,10634,1914,12548
2026-08-05,2026-08-06,BOM-BLR,IndiGo,1,10154,1827,11981
2026-08-05,2026-08-06,BOM-BLR,IndiGo,1,8637,1554,10191
2026-08-05,2026-08-06,BOM-BLR,IndiGo,1,8437,1518,9955
2026-08-05,2026-08-06,BOM-BLR,IndiGo,1,9833,1769,11602
2026-08-05,2026-09-19,BOM-BLR,Air India,45,4137,744,4881
2026-08-05,2026-09-19,BOM-BLR,Air India,45,4237,762,4999
2026-08-05,2026-09-19,BOM-BLR,Air India,45,4047,728,4775
2026-08-05,2026-09-19,BOM-BLR,Air India,45,4019,723,4742
2026-08-05,2026-09-19,BOM-BLR,Air India,45,3649,656,4305
2026-08-05,2026-09-04,BOM-BLR,Air India,30,4247,764,5011
2026-08-05,2026-09-04,BOM-BLR,Air India,30,4373,787,5160
2026-08-05,2026-09-04,BOM-BLR,Air India,30,4309,775,5084
2026-08-05,2026-09-04,BOM-BLR,Air India,30,4518,813,5331
2026-08-05,2026-09-04,BOM-BLR,Air India,30,4585,825,5410
2026-08-05,2026-08-20,BOM-BLR,Air India,15,4907,883,5790
2026-08-05,2026-08-20,BOM-BLR,Air India,15,6169,1110,7279
2026-08-05,2026-08-20,BOM-BLR,Air India,15,5810,1045,6855
2026-08-05,2026-08-20,BOM-BLR,Air India,15,5970,1074,7044
2026-08-05,2026-08-20,BOM-BLR,Air India,15,4974,895,5869
2026-08-05,2026-08-12,BOM-BLR,Air India,7,7092,1276,8368
2026-08-05,2026-08-12,BOM-BLR,Air India,7,7296,1313,8609
2026-08-05,2026-08-12,BOM-BLR,Air India,7,6963,1253,8216
2026-08-05,2026-08-12,BOM-BLR,Air India,7,8155,1467,9622
2026-08-05,2026-08-12,BOM-BLR,Air India,7,7142,1285,8427
2026-08-05,2026-08-06,BOM-BLR,Air India,1,10909,1963,12872
2026-08-05,2026-08-06,BOM-BLR,Air India,1,10331,1859,12190
2026-08-05,2026-08-06,BOM-BLR,Air India,1,11778,2120,13898
2026-08-05,2026-08-06,BOM-BLR,Air India,1,11331,2039,13370
2026-08-05,2026-08-06,BOM-BLR,Air India,1,11772,2118,13890
2026-08-05,2026-09-19,BOM-BLR,Akasa,45,3228,581,3809
2026-08-05,2026-09-19,BOM-BLR,Akasa,45,3326,598,3924
2026-08-05,2026-09-19,BOM-BLR,Akasa,45,3725,670,4395
2026-08-05,2026-09-19,BOM-BLR,Akasa,45,3036,546,3582
2026-08-05,2026-09-19,BOM-BLR,Akasa,45,3392,610,4002
2026-08-05,2026-09-04,BOM-BLR,Akasa,30,3393,610,4003
2026-08-05,2026-09-04,BOM-BLR,Akasa,30,3328,599,3927
2026-08-05,2026-09-04,BOM-BLR,Akasa,30,4199,755,4954
2026-08-05,2026-09-04,BOM-BLR,Akasa,30,3416,614,4030
2026-08-05,2026-09-04,BOM-BLR,Akasa,30,3377,607,3984
2026-08-05,2026-08-20,BOM-BLR,Akasa,15,4661,838,5499
2026-08-05,2026-08-20,BOM-BLR,Akasa,15,4622,831,5453
2026-08-05,2026-08-20,BOM-BLR,Akasa,15,4610,829,5439
2026-08-05,2026-08-20,BOM-BLR,Akasa,15,4424,796,5220
2026-08-05,2026-08-20,BOM-BLR,Akasa,15,4078,734,4812
2026-08-05,2026-08-12,BOM-BLR,Akasa,7,6651,1197,7848
2026-08-05,2026-08-12,BOM-BLR,Akasa,7,6529,1175,7704
2026-08-05,2026-08-12,BOM-BLR,Akasa,7,5682,1022,6704
2026-08-05,2026-08-12,BOM-BLR,Akasa,7,5970,1074,7044
2026-08-05,2026-08-12,BOM-BLR,Akasa,7,5560,1000,6560
2026-08-05,2026-08-06,BOM-BLR,Akasa,1,8974,1615,10589
2026-08-05,2026-08-06,BOM-BLR,Akasa,1,8772,1578,10350
2026-08-05,2026-08-06,BOM-BLR,Akasa,1,8516,1532,10048
2026-08-05,2026-08-06,BOM-BLR,Akasa,1,8291,1492,9783
2026-08-05,2026-08-06,BOM-BLR,Akasa,1,8600,1548,10148
2026-08-05,2026-09-19,BOM-BLR,SpiceJet,45,2996,539,3535
2026-08-05,2026-09-19,BOM-BLR,SpiceJet,45,3058,550,3608
2026-08-05,2026-09-19,BOM-BLR,SpiceJet,45,3335,600,3935
2026-08-05,2026-09-19,BOM-BLR,SpiceJet,45,3568,642,4210
2026-08-05,2026-09-19,BOM-BLR,SpiceJet,45,2957,532,3489
2026-08-05,2026-09-04,BOM-BLR,SpiceJet,30,3678,662,4340
2026-08-05,2026-09-04,BOM-BLR,SpiceJet,30,3178,572,3750
2026-08-05,2026-09-04,BOM-BLR,SpiceJet,30,3742,673,4415
2026-08-05,2026-09-04,BOM-BLR,SpiceJet,30,3897,701,4598
2026-08-05,2026-09-04,BOM-BLR,SpiceJet,30,3146,566,3712
2026-08-05,2026-08-20,BOM-BLR,SpiceJet,15,4418,795,5213
2026-08-05,2026-08-20,BOM-BLR,SpiceJet,15,4600,828,5428
2026-08-05,2026-08-20,BOM-BLR,SpiceJet,15,4412,794,5206
2026-08-05,2026-08-20,BOM-BLR,SpiceJet,15,3901,702,4603
2026-08-05,2026-08-20,BOM-BLR,SpiceJet,15,4791,862,5653
2026-08-05,2026-08-12,BOM-BLR,SpiceJet,7,5731,1031,6762
2026-08-05,2026-08-12,BOM-BLR,SpiceJet,7,5109,919,6028
2026-08-05,2026-08-12,BOM-BLR,SpiceJet,7,5900,1062,6962
2026-08-05,2026-08-12,BOM-BLR,SpiceJet,7,6256,1126,7382
2026-08-05,2026-08-12,BOM-BLR,SpiceJet,7,6172,1110,7282
2026-08-05,2026-08-06,BOM-BLR,SpiceJet,1,8777,1579,10356
2026-08-05,2026-08-06,BOM-BLR,SpiceJet,1,8938,1608,10546
2026-08-05,2026-08-06,BOM-BLR,SpiceJet,1,7528,1355,8883
2026-08-05,2026-08-06,BOM-BLR,SpiceJet,1,9146,1646,10792
2026-08-05,2026-08-06,BOM-BLR,SpiceJet,1,9504,1710,11214
2026-08-05,2026-09-19,DEL-CCU,IndiGo,45,5268,948,6216
2026-08-05,2026-09-19,DEL-CCU,IndiGo,45,4930,887,5817
2026-08-05,2026-09-19,DEL-CCU,IndiGo,45,4760,856,5616
2026-08-05,2026-09-19,DEL-CCU,IndiGo,45,4555,819,5374
2026-08-05,2026-09-19,DEL-CCU,IndiGo,45,5058,910,5968
2026-08-05,2026-09-04,DEL-CCU,IndiGo,30,5811,1045,6856
2026-08-05,2026-09-04,DEL-CCU,IndiGo,30,5373,967,6340
2026-08-05,2026-09-04,DEL-CCU,IndiGo,30,4899,881,5780
2026-08-05,2026-09-04,DEL-CCU,IndiGo,30,5501,990,6491
2026-08-05,2026-09-04,DEL-CCU,IndiGo,30,6020,1083,7103
2026-08-05,2026-08-20,DEL-CCU,IndiGo,15,6426,1156,7582
2026-08-05,2026-08-20,DEL-CCU,IndiGo,15,7326,1318,8644
2026-08-05,2026-08-20,DEL-CCU,IndiGo,15,7334,1320,8654
2026-08-05,2026-08-20,DEL-CCU,IndiGo,15,6299,1133,7432
2026-08-05,2026-08-20,DEL-CCU,IndiGo,15,7419,1335,8754
2026-08-05,2026-08-12,DEL-CCU,IndiGo,7,8373,1507,9880
2026-08-05,2026-08-12,DEL-CCU,IndiGo,7,8503,1530,10033
2026-08-05,2026-08-12,DEL-CCU,IndiGo,7,9697,1745,11442
2026-08-05,2026-08-12,DEL-CCU,IndiGo,7,9661,1738,11399
2026-08-05,2026-08-12,DEL-CCU,IndiGo,7,8908,1603,10511
2026-08-05,2026-08-06,DEL-CCU,IndiGo,1,12496,2249,14745
2026-08-05,2026-08-06,DEL-CCU,IndiGo,1,13982,2516,16498
2026-08-05,2026-08-06,DEL-CCU,IndiGo,1,12595,2267,14862
2026-08-05,2026-08-06,DEL-CCU,IndiGo,1,12013,2162,14175
2026-08-05,2026-08-06,DEL-CCU,IndiGo,1,12161,2188,14349
2026-08-05,2026-09-19,DEL-CCU,Air India,45,5185,933,6118
2026-08-05,2026-09-19,DEL-CCU,Air India,45,5839,1051,6890
2026-08-05,2026-09-19,DEL-CCU,Air India,45,5310,955,6265
2026-08-05,2026-09-19,DEL-CCU,Air India,45,5286,951,6237
2026-08-05,2026-09-19,DEL-CCU,Air India,45,5993,1078,7071
2026-08-05,2026-09-04,DEL-CCU,Air India,30,6302,1134,7436
2026-08-05,2026-09-04,DEL-CCU,Air India,30,5754,1035,6789
2026-08-05,2026-09-04,DEL-CCU,Air India,30,6905,1242,8147
2026-08-05,2026-09-04,DEL-CCU,Air India,30,5635,1014,6649
2026-08-05,2026-09-04,DEL-CCU,Air India,30,5546,998,6544
2026-08-05,2026-08-20,DEL-CCU,Air India,15,8391,1510,9901
2026-08-05,2026-08-20,DEL-CCU,Air India,15,8097,1457,9554
2026-08-05,2026-08-20,DEL-CCU,Air India,15,7706,1387,9093
2026-08-05,2026-08-20,DEL-CCU,Air India,15,7892,1420,9312
2026-08-05,2026-08-20,DEL-CCU,Air India,15,8343,1501,9844
2026-08-05,2026-08-12,DEL-CCU,Air India,7,9935,1788,11723
2026-08-05,2026-08-12,DEL-CCU,Air India,7,11020,1983,13003
2026-08-05,2026-08-12,DEL-CCU,Air India,7,10762,1937,12699
2026-08-05,2026-08-12,DEL-CCU,Air India,7,11367,2046,13413
2026-08-05,2026-08-12,DEL-CCU,Air India,7,10014,1802,11816
2026-08-05,2026-08-06,DEL-CCU,Air India,1,14969,2694,17663
2026-08-05,2026-08-06,DEL-CCU,Air India,1,15020,2703,17723
2026-08-05,2026-08-06,DEL-CCU,Air India,1,13172,2370,15542
2026-08-05,2026-08-06,DEL-CCU,Air India,1,16779,3020,19799
2026-08-05,2026-08-06,DEL-CCU,Air India,1,13808,2485,16293
2026-08-05,2026-09-19,DEL-CCU,Akasa,45,5154,927,6081
2026-08-05,2026-09-19,DEL-CCU,Akasa,45,4632,833,5465
2026-08-05,2026-09-19,DEL-CCU,Akasa,45,4273,769,5042
2026-08-05,2026-09-19,DEL-CCU,Akasa,45,5223,940,6163
2026-08-05,2026-09-19,DEL-CCU,Akasa,45,4445,800,5245
2026-08-05,2026-09-04,DEL-CCU,Akasa,30,5131,923,6054
2026-08-05,2026-09-04,DEL-CCU,Akasa,30,4603,828,5431
2026-08-05,2026-09-04,DEL-CCU,Akasa,30,5522,993,6515
2026-08-05,2026-09-04,DEL-CCU,Akasa,30,5285,951,6236
2026-08-05,2026-09-04,DEL-CCU,Akasa,30,5566,1001,6567
2026-08-05,2026-08-20,DEL-CCU,Akasa,15,6844,1231,8075
2026-08-05,2026-08-20,DEL-CCU,Akasa,15,6850,1233,8083
2026-08-05,2026-08-20,DEL-CCU,Akasa,15,6476,1165,7641
2026-08-05,2026-08-20,DEL-CCU,Akasa,15,6441,1159,7600
2026-08-05,2026-08-20,DEL-CCU,Akasa,15,5885,1059,6944
2026-08-05,2026-08-12,DEL-CCU,Akasa,7,8409,1513,9922
2026-08-05,2026-08-12,DEL-CCU,Akasa,7,8365,1505,9870
2026-08-05,2026-08-12,DEL-CCU,Akasa,7,8057,1450,9507
2026-08-05,2026-08-12,DEL-CCU,Akasa,7,8330,1499,9829
2026-08-05,2026-08-12,DEL-CCU,Akasa,7,8947,1610,10557
2026-08-05,2026-08-06,DEL-CCU,Akasa,1,12612,2270,14882
2026-08-05,2026-08-06,DEL-CCU,Akasa,1,13418,2415,15833
2026-08-05,2026-08-06,DEL-CCU,Akasa,1,12897,2321,15218
2026-08-05,2026-08-06,DEL-CCU,Akasa,1,11950,2151,14101
2026-08-05,2026-08-06,DEL-CCU,Akasa,1,12634,2274,14908
2026-08-05,2026-09-19,DEL-CCU,SpiceJet,45,3984,717,4701
2026-08-05,2026-09-19,DEL-CCU,SpiceJet,45,4882,878,5760
2026-08-05,2026-09-19,DEL-CCU,SpiceJet,45,4835,870,5705
2026-08-05,2026-09-19,DEL-CCU,SpiceJet,45,4573,823,5396
2026-08-05,2026-09-19,DEL-CCU,SpiceJet,45,4766,857,5623
2026-08-05,2026-09-04,DEL-CCU,SpiceJet,30,5103,918,6021
2026-08-05,2026-09-04,DEL-CCU,SpiceJet,30,4773,859,5632
2026-08-05,2026-09-04,DEL-CCU,SpiceJet,30,4601,828,5429
2026-08-05,2026-09-04,DEL-CCU,SpiceJet,30,5008,901,5909
2026-08-05,2026-09-04,DEL-CCU,SpiceJet,30,4915,884,5799
2026-08-05,2026-08-20,DEL-CCU,SpiceJet,15,6180,1112,7292
2026-08-05,2026-08-20,DEL-CCU,SpiceJet,15,5792,1042,6834
2026-08-05,2026-08-20,DEL-CCU,SpiceJet,15,6309,1135,7444
2026-08-05,2026-08-20,DEL-CCU,SpiceJet,15,6590,1186,7776
2026-08-05,2026-08-20,DEL-CCU,SpiceJet,15,6636,1194,7830
2026-08-05,2026-08-12,DEL-CCU,SpiceJet,7,8693,1564,10257
2026-08-05,2026-08-12,DEL-CCU,SpiceJet,7,7525,1354,8879
2026-08-05,2026-08-12,DEL-CCU,SpiceJet,7,8942,1609,10551
2026-08-05,2026-08-12,DEL-CCU,SpiceJet,7,7217,1299,8516
2026-08-05,2026-08-12,DEL-CCU,SpiceJet,7,7987,1437,9424
2026-08-05,2026-08-06,DEL-CCU,SpiceJet,1,10801,1944,12745
2026-08-05,2026-08-06,DEL-CCU,SpiceJet,1,11468,2064,13532
2026-08-05,2026-08-06,DEL-CCU,SpiceJet,1,11824,2128,13952
2026-08-05,2026-08-06,DEL-CCU,SpiceJet,1,11268,2028,13296
2026-08-05,2026-08-06,DEL-CCU,SpiceJet,1,10614,1910,12524
2026-08-05,2026-09-19,BLR-HYD,IndiGo,45,2558,460,3018
2026-08-05,2026-09-19,BLR-HYD,IndiGo,45,2949,530,3479
2026-08-05,2026-09-19,BLR-HYD,IndiGo,45,2958,532,3490
2026-08-05,2026-09-19,BLR-HYD,IndiGo,45,3164,569,3733
2026-08-05,2026-09-19,BLR-HYD,IndiGo,45,2914,524,3438
2026-08-05,2026-09-04,BLR-HYD,IndiGo,30,3144,565,3709
2026-08-05,2026-09-04,BLR-HYD,IndiGo,30,3312,596,3908
2026-08-05,2026-09-04,BLR-HYD,IndiGo,30,3500,630,4130
2026-08-05,2026-09-04,BLR-HYD,IndiGo,30,3143,565,3708
2026-08-05,2026-09-04,BLR-HYD,IndiGo,30,3238,582,3820
2026-08-05,2026-08-20,BLR-HYD,IndiGo,15,3925,706,4631
2026-08-05,2026-08-20,BLR-HYD,IndiGo,15,4315,776,5091
2026-08-05,2026-08-20,BLR-HYD,IndiGo,15,3911,703,4614
2026-08-05,2026-08-20,BLR-HYD,IndiGo,15,4149,746,4895
2026-08-05,2026-08-20,BLR-HYD,IndiGo,15,4130,743,4873
2026-08-05,2026-08-12,BLR-HYD,IndiGo,7,4924,886,5810
2026-08-05,2026-08-12,BLR-HYD,IndiGo,7,4730,851,5581
2026-08-05,2026-08-12,BLR-HYD,IndiGo,7,5723,1030,6753
2026-08-05,2026-08-12,BLR-HYD,IndiGo,7,5379,968,6347
2026-08-05,2026-08-12,BLR-HYD,IndiGo,7,4575,823,5398
2026-08-05,2026-08-06,BLR-HYD,IndiGo,1,6913,1244,8157
2026-08-05,2026-08-06,BLR-HYD,IndiGo,1,7006,1261,8267
2026-08-05,2026-08-06,BLR-HYD,IndiGo,1,8216,1478,9694
2026-08-05,2026-08-06,BLR-HYD,IndiGo,1,6713,1208,7921
2026-08-05,2026-08-06,BLR-HYD,IndiGo,1,7205,1296,8501
2026-08-05,2026-09-19,BLR-HYD,Air India,45,3159,568,3727
2026-08-05,2026-09-19,BLR-HYD,Air India,45,2898,521,3419
2026-08-05,2026-09-19,BLR-HYD,Air India,45,3550,639,4189
2026-08-05,2026-09-19,BLR-HYD,Air India,45,3470,624,4094
2026-08-05,2026-09-19,BLR-HYD,Air India,45,3408,613,4021
2026-08-05,2026-09-04,BLR-HYD,Air India,30,3232,581,3813
2026-08-05,2026-09-04,BLR-HYD,Air India,30,3476,625,4101
2026-08-05,2026-09-04,BLR-HYD,Air India,30,3249,584,3833
2026-08-05,2026-09-04,BLR-HYD,Air India,30,3358,604,3962
2026-08-05,2026-09-04,BLR-HYD,Air India,30,3405,612,4017
2026-08-05,2026-08-20,BLR-HYD,Air India,15,4638,834,5472
2026-08-05,2026-08-20,BLR-HYD,Air India,15,4587,825,5412
2026-08-05,2026-08-20,BLR-HYD,Air India,15,4875,877,5752
2026-08-05,2026-08-20,BLR-HYD,Air India,15,4041,727,4768
2026-08-05,2026-08-20,BLR-HYD,Air India,15,4449,800,5249
2026-08-05,2026-08-12,BLR-HYD,Air India,7,5395,971,6366
2026-08-05,2026-08-12,BLR-HYD,Air India,7,5688,1023,6711
2026-08-05,2026-08-12,BLR-HYD,Air India,7,5383,968,6351
2026-08-05,2026-08-12,BLR-HYD,Air India,7,5405,972,6377
2026-08-05,2026-08-12,BLR-HYD,Air India,7,5479,986,6465
2026-08-05,2026-08-06,BLR-HYD,Air India,1,8751,1575,10326
2026-08-05,2026-08-06,BLR-HYD,Air India,1,9134,1644,10778
2026-08-05,2026-08-06,BLR-HYD,Air India,1,9463,1703,11166
2026-08-05,2026-08-06,BLR-HYD,Air India,1,8411,1513,9924
2026-08-05,2026-08-06,BLR-HYD,Air India,1,7892,1420,9312
2026-08-05,2026-09-19,BLR-HYD,Akasa,45,2600,468,3068
2026-08-05,2026-09-19,BLR-HYD,Akasa,45,2688,483,3171
2026-08-05,2026-09-19,BLR-HYD,Akasa,45,3035,546,3581
2026-08-05,2026-09-19,BLR-HYD,Akasa,45,2460,442,2902
2026-08-05,2026-09-19,BLR-HYD,Akasa,45,2825,508,3333
2026-08-05,2026-09-04,BLR-HYD,Akasa,30,2681,482,3163
2026-08-05,2026-09-04,BLR-HYD,Akasa,30,3192,574,3766
2026-08-05,2026-09-04,BLR-HYD,Akasa,30,3300,594,3894
2026-08-05,2026-09-04,BLR-HYD,Akasa,30,3269,588,3857
2026-08-05,2026-09-04,BLR-HYD,Akasa,30,2871,516,3387
2026-08-05,2026-08-20,BLR-HYD,Akasa,15,3469,624,4093
2026-08-05,2026-08-20,BLR-HYD,Akasa,15,3901,702,4603
2026-08-05,2026-08-20,BLR-HYD,Akasa,15,3547,638,4185
2026-08-05,2026-08-20,BLR-HYD,Akasa,15,3807,685,4492
2026-08-05,2026-08-20,BLR-HYD,Akasa,15,4002,720,4722
2026-08-05,2026-08-12,BLR-HYD,Akasa,7,5228,941,6169
2026-08-05,2026-08-12,BLR-HYD,Akasa,7,4454,801,5255
2026-08-05,2026-08-12,BLR-HYD,Akasa,7,4537,816,5353
2026-08-05,2026-08-12,BLR-HYD,Akasa,7,4907,883,5790
2026-08-05,2026-08-12,BLR-HYD,Akasa,7,4982,896,5878
2026-08-05,2026-08-06,BLR-HYD,Akasa,1,7047,1268,8315
2026-08-05,2026-08-06,BLR-HYD,Akasa,1,6705,1206,7911
2026-08-05,2026-08-06,BLR-HYD,Akasa,1,6920,1245,8165
2026-08-05,2026-08-06,BLR-HYD,Akasa,1,6562,1181,7743
2026-08-05,2026-08-06,BLR-HYD,Akasa,1,7711,1387,9098
2026-08-05,2026-09-19,BLR-HYD,SpiceJet,45,2735,492,3227
2026-08-05,2026-09-19,BLR-HYD,SpiceJet,45,2271,408,2679
2026-08-05,2026-09-19,BLR-HYD,SpiceJet,45,2592,466,3058
2026-08-05,2026-09-19,BLR-HYD,SpiceJet,45,2626,472,3098
2026-08-05,2026-09-19,BLR-HYD,SpiceJet,45,2757,496,3253
2026-08-05,2026-09-04,BLR-HYD,SpiceJet,30,3097,557,3654
2026-08-05,2026-09-04,BLR-HYD,SpiceJet,30,3010,541,3551
2026-08-05,2026-09-04,BLR-HYD,SpiceJet,30,3043,547,3590
2026-08-05,2026-09-04,BLR-HYD,SpiceJet,30,3184,573,3757
2026-08-05,2026-09-04,BLR-HYD,SpiceJet,30,2745,494,3239
2026-08-05,2026-08-20,BLR-HYD,SpiceJet,15,3906,703,4609
2026-08-05,2026-08-20,BLR-HYD,SpiceJet,15,3895,701,4596
2026-08-05,2026-08-20,BLR-HYD,SpiceJet,15,3327,598,3925
2026-08-05,2026-08-20,BLR-HYD,SpiceJet,15,3158,568,3726
2026-08-05,2026-08-20,BLR-HYD,SpiceJet,15,3136,564,3700
2026-08-05,2026-08-12,BLR-HYD,SpiceJet,7,4946,890,5836
2026-08-05,2026-08-12,BLR-HYD,SpiceJet,7,4407,793,5200
2026-08-05,2026-08-12,BLR-HYD,SpiceJet,7,4315,776,5091
2026-08-05,2026-08-12,BLR-HYD,SpiceJet,7,4904,882,5786
2026-08-05,2026-08-12,BLR-HYD,SpiceJet,7,4810,865,5675
2026-08-05,2026-08-06,BLR-HYD,SpiceJet,1,7048,1268,8316
2026-08-05,2026-08-06,BLR-HYD,SpiceJet,1,7436,1338,8774
2026-08-05,2026-08-06,BLR-HYD,SpiceJet,1,7286,1311,8597
2026-08-05,2026-08-06,BLR-HYD,SpiceJet,1,6305,1134,7439
2026-08-05,2026-08-06,BLR-HYD,SpiceJet,1,7047,1268,8315
2026-08-06,2026-09-20,DEL-BOM,IndiGo,45,4251,765,5016
2026-08-06,2026-09-20,DEL-BOM,IndiGo,45,3955,711,4666
2026-08-06,2026-09-20,DEL-BOM,IndiGo,45,4043,727,4770
2026-08-06,2026-09-20,DEL-BOM,IndiGo,45,3822,687,4509
2026-08-06,2026-09-20,DEL-BOM,IndiGo,45,4083,734,4817
2026-08-06,2026-09-05,DEL-BOM,IndiGo,30,4222,759,4981
2026-08-06,2026-09-05,DEL-BOM,IndiGo,30,4838,870,5708
2026-08-06,2026-09-05,DEL-BOM,IndiGo,30,5157,928,6085
2026-08-06,2026-09-05,DEL-BOM,IndiGo,30,4385,789,5174
2026-08-06,2026-09-05,DEL-BOM,IndiGo,30,4428,797,5225
2026-08-06,2026-08-21,DEL-BOM,IndiGo,15,5211,937,6148
2026-08-06,2026-08-21,DEL-BOM,IndiGo,15,5220,939,6159
2026-08-06,2026-08-21,DEL-BOM,IndiGo,15,5638,1014,6652
2026-08-06,2026-08-21,DEL-BOM,IndiGo,15,5913,1064,6977
2026-08-06,2026-08-21,DEL-BOM,IndiGo,15,5390,970,6360
2026-08-06,2026-08-13,DEL-BOM,IndiGo,7,6915,1244,8159
2026-08-06,2026-08-13,DEL-BOM,IndiGo,7,7528,1355,8883
2026-08-06,2026-08-13,DEL-BOM,IndiGo,7,7153,1287,8440
2026-08-06,2026-08-13,DEL-BOM,IndiGo,7,7166,1289,8455
2026-08-06,2026-08-13,DEL-BOM,IndiGo,7,7879,1418,9297
2026-08-06,2026-08-07,DEL-BOM,IndiGo,1,10393,1870,12263
2026-08-06,2026-08-07,DEL-BOM,IndiGo,1,11141,2005,13146
2026-08-06,2026-08-07,DEL-BOM,IndiGo,1,11594,2086,13680
2026-08-06,2026-08-07,DEL-BOM,IndiGo,1,10242,1843,12085
2026-08-06,2026-08-07,DEL-BOM,IndiGo,1,11878,2138,14016
2026-08-06,2026-09-20,DEL-BOM,Air India,45,4988,897,5885
2026-08-06,2026-09-20,DEL-BOM,Air India,45,5172,930,6102
2026-08-06,2026-09-20,DEL-BOM,Air India,45,4455,801,5256
2026-08-06,2026-09-20,DEL-BOM,Air India,45,4925,886,5811
2026-08-06,2026-09-20,DEL-BOM,Air India,45,4637,834,5471
2026-08-06,2026-09-05,DEL-BOM,Air India,30,5126,922,6048
2026-08-06,2026-09-05,DEL-BOM,Air India,30,5282,950,6232
2026-08-06,2026-09-05,DEL-BOM,Air India,30,5599,1007,6606
2026-08-06,2026-09-05,DEL-BOM,Air India,30,6007,1081,7088
2026-08-06,2026-09-05,DEL-BOM,Air India,30,5153,927,6080
2026-08-06,2026-08-21,DEL-BOM,Air India,15,7152,1287,8439
2026-08-06,2026-08-21,DEL-BOM,Air India,15,7318,1317,8635
2026-08-06,2026-08-21,DEL-BOM,Air India,15,7034,1266,8300
2026-08-06,2026-08-21,DEL-BOM,Air India,15,6518,1173,7691
2026-08-06,2026-08-21,DEL-BOM,Air India,15,7136,1284,8420
2026-08-06,2026-08-13,DEL-BOM,Air India,7,9177,1651,10828
2026-08-06,2026-08-13,DEL-BOM,Air India,7,9632,1733,11365
2026-08-06,2026-08-13,DEL-BOM,Air India,7,8012,1442,9454
2026-08-06,2026-08-13,DEL-BOM,Air India,7,9394,1690,11084
2026-08-06,2026-08-13,DEL-BOM,Air India,7,7971,1434,9405
2026-08-06,2026-08-07,DEL-BOM,Air India,1,13046,2348,15394
2026-08-06,2026-08-07,DEL-BOM,Air India,1,13325,2398,15723
2026-08-06,2026-08-07,DEL-BOM,Air India,1,11787,2121,13908
2026-08-06,2026-08-07,DEL-BOM,Air India,1,13389,2410,15799
2026-08-06,2026-08-07,DEL-BOM,Air India,1,13918,2505,16423
2026-08-06,2026-09-20,DEL-BOM,Akasa,45,4032,725,4757
2026-08-06,2026-09-20,DEL-BOM,Akasa,45,4285,771,5056
2026-08-06,2026-09-20,DEL-BOM,Akasa,45,4076,733,4809
2026-08-06,2026-09-20,DEL-BOM,Akasa,45,4199,755,4954
2026-08-06,2026-09-20,DEL-BOM,Akasa,45,4286,771,5057
2026-08-06,2026-09-05,DEL-BOM,Akasa,30,4535,816,5351
2026-08-06,2026-09-05,DEL-BOM,Akasa,30,4635,834,5469
2026-08-06,2026-09-05,DEL-BOM,Akasa,30,4900,882,5782
2026-08-06,2026-09-05,DEL-BOM,Akasa,30,4026,724,4750
2026-08-06,2026-09-05,DEL-BOM,Akasa,30,4286,771,5057
2026-08-06,2026-08-21,DEL-BOM,Akasa,15,4962,893,5855
2026-08-06,2026-08-21,DEL-BOM,Akasa,15,5823,1048,6871
2026-08-06,2026-08-21,DEL-BOM,Akasa,15,5151,927,6078
2026-08-06,2026-08-21,DEL-BOM,Akasa,15,5145,926,6071
2026-08-06,2026-08-21,DEL-BOM,Akasa,15,5630,1013,6643
2026-08-06,2026-08-13,DEL-BOM,Akasa,7,7872,1416,9288
2026-08-06,2026-08-13,DEL-BOM,Akasa,7,7895,1421,9316
2026-08-06,2026-08-13,DEL-BOM,Akasa,7,6628,1193,7821
2026-08-06,2026-08-13,DEL-BOM,Akasa,7,6640,1195,7835
2026-08-06,2026-08-13,DEL-BOM,Akasa,7,7445,1340,8785
2026-08-06,2026-08-07,DEL-BOM,Akasa,1,11669,2100,13769
2026-08-06,2026-08-07,DEL-BOM,Akasa,1,10581,1904,12485
2026-08-06,2026-08-07,DEL-BOM,Akasa,1,9602,1728,11330
2026-08-06,2026-08-07,DEL-BOM,Akasa,1,9921,1785,11706
2026-08-06,2026-08-07,DEL-BOM,Akasa,1,9668,1740,11408
2026-08-06,2026-09-20,DEL-BOM,SpiceJet,45,3845,692,4537
2026-08-06,2026-09-20,DEL-BOM,SpiceJet,45,3549,638,4187
2026-08-06,2026-09-20,DEL-BOM,SpiceJet,45,4234,762,4996
2026-08-06,2026-09-20,DEL-BOM,SpiceJet,45,4008,721,4729
2026-08-06,2026-09-20,DEL-BOM,SpiceJet,45,3621,651,4272
2026-08-06,2026-09-05,DEL-BOM,SpiceJet,30,4593,826,5419
2026-08-06,2026-09-05,DEL-BOM,SpiceJet,30,3795,683,4478
2026-08-06,2026-09-05,DEL-BOM,SpiceJet,30,4174,751,4925
2026-08-06,2026-09-05,DEL-BOM,SpiceJet,30,4726,850,5576
2026-08-06,2026-09-05,DEL-BOM,SpiceJet,30,3804,684,4488
2026-08-06,2026-08-21,DEL-BOM,SpiceJet,15,5647,1016,6663
2026-08-06,2026-08-21,DEL-BOM,SpiceJet,15,5463,983,6446
2026-08-06,2026-08-21,DEL-BOM,SpiceJet,15,5816,1046,6862
2026-08-06,2026-08-21,DEL-BOM,SpiceJet,15,5470,984,6454
2026-08-06,2026-08-21,DEL-BOM,SpiceJet,15,5233,941,6174
2026-08-06,2026-08-13,DEL-BOM,SpiceJet,7,7443,1339,8782
2026-08-06,2026-08-13,DEL-BOM,SpiceJet,7,6794,1222,8016
2026-08-06,2026-08-13,DEL-BOM,SpiceJet,7,6925,1246,8171
2026-08-06,2026-08-13,DEL-BOM,SpiceJet,7,7437,1338,8775
2026-08-06,2026-08-13,DEL-BOM,SpiceJet,7,7085,1275,8360
2026-08-06,2026-08-07,DEL-BOM,SpiceJet,1,9994,1798,11792
2026-08-06,2026-08-07,DEL-BOM,SpiceJet,1,10608,1909,12517
2026-08-06,2026-08-07,DEL-BOM,SpiceJet,1,9199,1655,10854
2026-08-06,2026-08-07,DEL-BOM,SpiceJet,1,9568,1722,11290
2026-08-06,2026-08-07,DEL-BOM,SpiceJet,1,9127,1642,10769
2026-08-06,2026-09-20,DEL-BLR,IndiGo,45,6095,1097,7192
2026-08-06,2026-09-20,DEL-BLR,IndiGo,45,6182,1112,7294
2026-08-06,2026-09-20,DEL-BLR,IndiGo,45,5737,1032,6769
2026-08-06,2026-09-20,DEL-BLR,IndiGo,45,5358,964,6322
2026-08-06,2026-09-20,DEL-BLR,IndiGo,45,5062,911,5973
2026-08-06,2026-09-05,DEL-BLR,IndiGo,30,5778,1040,6818
2026-08-06,2026-09-05,DEL-BLR,IndiGo,30,6431,1157,7588
2026-08-06,2026-09-05,DEL-BLR,IndiGo,30,6844,1231,8075
2026-08-06,2026-09-05,DEL-BLR,IndiGo,30,5979,1076,7055
2026-08-06,2026-09-05,DEL-BLR,IndiGo,30,6886,1239,8125
2026-08-06,2026-08-21,DEL-BLR,IndiGo,15,8227,1480,9707
2026-08-06,2026-08-21,DEL-BLR,IndiGo,15,8239,1483,9722
2026-08-06,2026-08-21,DEL-BLR,IndiGo,15,7165,1289,8454
2026-08-06,2026-08-21,DEL-BLR,IndiGo,15,7254,1305,8559
2026-08-06,2026-08-21,DEL-BLR,IndiGo,15,8529,1535,10064
2026-08-06,2026-08-13,DEL-BLR,IndiGo,7,10478,1886,12364
2026-08-06,2026-08-13,DEL-BLR,IndiGo,7,10315,1856,12171
2026-08-06,2026-08-13,DEL-BLR,IndiGo,7,9789,1762,11551
2026-08-06,2026-08-13,DEL-BLR,IndiGo,7,10668,1920,12588
2026-08-06,2026-08-13,DEL-BLR,IndiGo,7,9673,1741,11414
2026-08-06,2026-08-07,DEL-BLR,IndiGo,1,15357,2764,18121
2026-08-06,2026-08-07,DEL-BLR,IndiGo,1,16397,2951,19348
2026-08-06,2026-08-07,DEL-BLR,IndiGo,1,16427,2956,19383
2026-08-06,2026-08-07,DEL-BLR,IndiGo,1,15829,2849,18678
2026-08-06,2026-08-07,DEL-BLR,IndiGo,1,14246,2564,16810
2026-08-06,2026-09-20,DEL-BLR,Air India,45,6593,1186,7779
2026-08-06,2026-09-20,DEL-BLR,Air India,45,6852,1233,8085
2026-08-06,2026-09-20,DEL-BLR,Air India,45,7236,1302,8538
2026-08-06,2026-09-20,DEL-BLR,Air India,45,6698,1205,7903
2026-08-06,2026-09-20,DEL-BLR,Air India,45,5891,1060,6951
2026-08-06,2026-09-05,DEL-BLR,Air India,30,6505,1170,7675
2026-08-06,2026-09-05,DEL-BLR,Air India,30,7847,1412,9259
2026-08-06,2026-09-05,DEL-BLR,Air India,30,6601,1188,7789
2026-08-06,2026-09-05,DEL-BLR,Air India,30,6631,1193,7824
2026-08-06,2026-09-05,DEL-BLR,Air India,30,7998,1439,9437
2026-08-06,2026-08-21,DEL-BLR,Air India,15,8360,1504,9864
2026-08-06,2026-08-21,DEL-BLR,Air India,15,8926,1606,10532
2026-08-06,2026-08-21,DEL-BLR,Air India,15,8698,1565,10263
2026-08-06,2026-08-21,DEL-BLR,Air India,15,7888,1419,9307
2026-08-06,2026-08-21,DEL-BLR,Air India,15,8890,1600,10490
2026-08-06,2026-08-13,DEL-BLR,Air India,7,12180,2192,14372
2026-08-06,2026-08-13,DEL-BLR,Air India,7,12536,2256,14792
2026-08-06,2026-08-13,DEL-BLR,Air India,7,11163,2009,13172
2026-08-06,2026-08-13,DEL-BLR,Air India,7,12543,2257,14800
2026-08-06,2026-08-13,DEL-BLR,Air India,7,13007,2341,15348
2026-08-06,2026-08-07,DEL-BLR,Air India,1,16668,3000,19668
2026-08-06,2026-08-07,DEL-BLR,Air India,1,16437,2958,19395
2026-08-06,2026-08-07,DEL-BLR,Air India,1,15660,2818,18478
2026-08-06,2026-08-07,DEL-BLR,Air India,1,15438,2778,18216
2026-08-06,2026-08-07,DEL-BLR,Air India,1,17623,3172,20795
2026-08-06,2026-09-20,DEL-BLR,Akasa,45,5566,1001,6567
2026-08-06,2026-09-20,DEL-BLR,Akasa,45,4751,855,5606
2026-08-06,2026-09-20,DEL-BLR,Akasa,45,5705,1026,6731
2026-08-06,2026-09-20,DEL-BLR,Akasa,45,4737,852,5589
2026-08-06,2026-09-20,DEL-BLR,Akasa,45,4789,862,5651
2026-08-06,2026-09-05,DEL-BLR,Akasa,30,5306,955,6261
2026-08-06,2026-09-05,DEL-BLR,Akasa,30,5515,992,6507
2026-08-06,2026-09-05,DEL-BLR,Akasa,30,5866,1055,6921
2026-08-06,2026-09-05,DEL-BLR,Akasa,30,5392,970,6362
2026-08-06,2026-09-05,DEL-BLR,Akasa,30,5329,959,6288
2026-08-06,2026-08-21,DEL-BLR,Akasa,15,7688,1383,9071
2026-08-06,2026-08-21,DEL-BLR,Akasa,15,7941,1429,9370
2026-08-06,2026-08-21,DEL-BLR,Akasa,15,7041,1267,8308
2026-08-06,2026-08-21,DEL-BLR,Akasa,15,7931,1427,9358
2026-08-06,2026-08-21,DEL-BLR,Akasa,15,6837,1230,8067
2026-08-06,2026-08-13,DEL-BLR,Akasa,7,9733,1751,11484
2026-08-06,2026-08-13,DEL-BLR,Akasa,7,9991,1798,11789
2026-08-06,2026-08-13,DEL-BLR,Akasa,7,10812,1946,12758
2026-08-06,2026-08-13,DEL-BLR,Akasa,7,8938,1608,10546
2026-08-06,2026-08-13,DEL-BLR,Akasa,7,8700,1566,10266
2026-08-06,2026-08-07,DEL-BLR,Akasa,1,15450,2781,18231
2026-08-06,2026-08-07,DEL-BLR,Akasa,1,15787,2841,18628
2026-08-06,2026-08-07,DEL-BLR,Akasa,1,13062,2351,15413
2026-08-06,2026-08-07,DEL-BLR,Akasa,1,13893,2500,16393
2026-08-06,2026-08-07,DEL-BLR,Akasa,1,15800,2844,18644
2026-08-06,2026-09-20,DEL-BLR,SpiceJet,45,4534,816,5350
2026-08-06,2026-09-20,DEL-BLR,SpiceJet,45,4877,877,5754
2026-08-06,2026-09-20,DEL-BLR,SpiceJet,45,4817,867,5684
2026-08-06,2026-09-20,DEL-BLR,SpiceJet,45,4542,817,5359
2026-08-06,2026-09-20,DEL-BLR,SpiceJet,45,4888,879,5767
2026-08-06,2026-09-05,DEL-BLR,SpiceJet,30,6209,1117,7326
2026-08-06,2026-09-05,DEL-BLR,SpiceJet,30,5215,938,6153
2026-08-06,2026-09-05,DEL-BLR,SpiceJet,30,5020,903,5923
2026-08-06,2026-09-05,DEL-BLR,SpiceJet,30,5404,972,6376
2026-08-06,2026-09-05,DEL-BLR,SpiceJet,30,5801,1044,6845
2026-08-06,2026-08-21,DEL-BLR,SpiceJet,15,6692,1204,7896
2026-08-06,2026-08-21,DEL-BLR,SpiceJet,15,6747,1214,7961
2026-08-06,2026-08-21,DEL-BLR,SpiceJet,15,6442,1159,7601
2026-08-06,2026-08-21,DEL-BLR,SpiceJet,15,6792,1222,8014
2026-08-06,2026-08-21,DEL-BLR,SpiceJet,15,6258,1126,7384
2026-08-06,2026-08-13,DEL-BLR,SpiceJet,7,8589,1546,10135
2026-08-06,2026-08-13,DEL-BLR,SpiceJet,7,9429,1697,11126
2026-08-06,2026-08-13,DEL-BLR,SpiceJet,7,9494,1708,11202
2026-08-06,2026-08-13,DEL-BLR,SpiceJet,7,9889,1780,11669
2026-08-06,2026-08-13,DEL-BLR,SpiceJet,7,9155,1647,10802
2026-08-06,2026-08-07,DEL-BLR,SpiceJet,1,12982,2336,15318
2026-08-06,2026-08-07,DEL-BLR,SpiceJet,1,14304,2574,16878
2026-08-06,2026-08-07,DEL-BLR,SpiceJet,1,13703,2466,16169
2026-08-06,2026-08-07,DEL-BLR,SpiceJet,1,13914,2504,16418
2026-08-06,2026-08-07,DEL-BLR,SpiceJet,1,11824,2128,13952
2026-08-06,2026-09-20,BOM-BLR,IndiGo,45,3316,596,3912
2026-08-06,2026-09-20,BOM-BLR,IndiGo,45,3694,664,4358
2026-08-06,2026-09-20,BOM-BLR,IndiGo,45,3362,605,3967
2026-08-06,2026-09-20,BOM-BLR,IndiGo,45,3744,673,4417
2026-08-06,2026-09-20,BOM-BLR,IndiGo,45,3327,598,3925
2026-08-06,2026-09-05,BOM-BLR,IndiGo,30,4333,779,5112
2026-08-06,2026-09-05,BOM-BLR,IndiGo,30,3599,647,4246
2026-08-06,2026-09-05,BOM-BLR,IndiGo,30,3504,630,4134
2026-08-06,2026-09-05,BOM-BLR,IndiGo,30,4377,787,5164
2026-08-06,2026-09-05,BOM-BLR,IndiGo,30,3752,675,4427
2026-08-06,2026-08-21,BOM-BLR,IndiGo,15,4915,884,5799
2026-08-06,2026-08-21,BOM-BLR,IndiGo,15,4839,871,5710
2026-08-06,2026-08-21,BOM-BLR,IndiGo,15,4757,856,5613
2026-08-06,2026-08-21,BOM-BLR,IndiGo,15,4388,789,5177
2026-08-06,2026-08-21,BOM-BLR,IndiGo,15,5304,954,6258
2026-08-06,2026-08-13,BOM-BLR,IndiGo,7,6828,1229,8057
2026-08-06,2026-08-13,BOM-BLR,IndiGo,7,6184,1113,7297
2026-08-06,2026-08-13,BOM-BLR,IndiGo,7,6530,1175,7705
2026-08-06,2026-08-13,BOM-BLR,IndiGo,7,5993,1078,7071
2026-08-06,2026-08-13,BOM-BLR,IndiGo,7,6126,1102,7228
2026-08-06,2026-08-07,BOM-BLR,IndiGo,1,9259,1666,10925
2026-08-06,2026-08-07,BOM-BLR,IndiGo,1,8451,1521,9972
2026-08-06,2026-08-07,BOM-BLR,IndiGo,1,9344,1681,11025
2026-08-06,2026-08-07,BOM-BLR,IndiGo,1,8614,1550,10164
2026-08-06,2026-08-07,BOM-BLR,IndiGo,1,8884,1599,10483
2026-08-06,2026-09-20,BOM-BLR,Air India,45,4336,780,5116
2026-08-06,2026-09-20,BOM-BLR,Air India,45,4236,762,4998
2026-08-06,2026-09-20,BOM-BLR,Air India,45,4543,817,5360
2026-08-06,2026-09-20,BOM-BLR,Air India,45,4527,814,5341
2026-08-06,2026-09-20,BOM-BLR,Air India,45,4227,760,4987
2026-08-06,2026-09-05,BOM-BLR,Air India,30,4431,797,5228
2026-08-06,2026-09-05,BOM-BLR,Air India,30,4862,875,5737
2026-08-06,2026-09-05,BOM-BLR,Air India,30,4000,720,4720
2026-08-06,2026-09-05,BOM-BLR,Air India,30,4988,897,5885
2026-08-06,2026-09-05,BOM-BLR,Air India,30,4185,753,4938
2026-08-06,2026-08-21,BOM-BLR,Air India,15,6093,1096,7189
2026-08-06,2026-08-21,BOM-BLR,Air India,15,5705,1026,6731
2026-08-06,2026-08-21,BOM-BLR,Air India,15,5327,958,6285
2026-08-06,2026-08-21,BOM-BLR,Air India,15,5719,1029,6748
2026-08-06,2026-08-21,BOM-BLR,Air India,15,5153,927,6080
2026-08-06,2026-08-13,BOM-BLR,Air India,7,6741,1213,7954
2026-08-06,2026-08-13,BOM-BLR,Air India,7,7570,1362,8932
2026-08-06,2026-08-13,BOM-BLR,Air India,7,8326,1498,9824
2026-08-06,2026-08-13,BOM-BLR,Air India,7,7141,1285,8426
2026-08-06,2026-08-13,BOM-BLR,Air India,7,6902,1242,8144
2026-08-06,2026-08-07,BOM-BLR,Air India,1,11389,2050,13439
2026-08-06,2026-08-07,BOM-BLR,Air India,1,12096,2177,14273
2026-08-06,2026-08-07,BOM-BLR,Air India,1,10159,1828,11987
2026-08-06,2026-08-07,BOM-BLR,Air India,1,9965,1793,11758
2026-08-06,2026-08-07,BOM-BLR,Air India,1,11618,2091,13709
2026-08-06,2026-09-20,BOM-BLR,Akasa,45,3343,601,3944
2026-08-06,2026-09-20,BOM-BLR,Akasa,45,3211,577,3788
2026-08-06,2026-09-20,BOM-BLR,Akasa,45,3319,597,3916
2026-08-06,2026-09-20,BOM-BLR,Akasa,45,3669,660,4329
2026-08-06,2026-09-20,BOM-BLR,Akasa,45,3562,641,4203
2026-08-06,2026-09-05,BOM-BLR,Akasa,30,3900,702,4602
2026-08-06,2026-09-05,BOM-BLR,Akasa,30,3865,695,4560
2026-08-06,2026-09-05,BOM-BLR,Akasa,30,4057,730,4787
2026-08-06,2026-09-05,BOM-BLR,Akasa,30,4127,742,4869
2026-08-06,2026-09-05,BOM-BLR,Akasa,30,3715,668,4383
2026-08-06,2026-08-21,BOM-BLR,Akasa,15,4078,734,4812
2026-08-06,2026-08-21,BOM-BLR,Akasa,15,4917,885,5802
2026-08-06,2026-08-21,BOM-BLR,Akasa,15,4616,830,5446
2026-08-06,2026-08-21,BOM-BLR,Akasa,15,4249,764,5013
2026-08-06,2026-08-21,BOM-BLR,Akasa,15,4968,894,5862
2026-08-06,2026-08-13,BOM-BLR,Akasa,7,5963,1073,7036
2026-08-06,2026-08-13,BOM-BLR,Akasa,7,6764,1217,7981
2026-08-06,2026-08-13,BOM-BLR,Akasa,7,5850,1053,6903
2026-08-06,2026-08-13,BOM-BLR,Akasa,7,6321,1137,7458
2026-08-06,2026-08-13,BOM-BLR,Akasa,7,6627,1192,7819
2026-08-06,2026-08-07,BOM-BLR,Akasa,1,9888,1779,11667
2026-08-06,2026-08-07,BOM-BLR,Akasa,1,8702,1566,10268
2026-08-06,2026-08-07,BOM-BLR,Akasa,1,8383,1508,9891
2026-08-06,2026-08-07,BOM-BLR,Akasa,1,8872,1596,10468
2026-08-06,2026-08-07,BOM-BLR,Akasa,1,8067,1452,9519
2026-08-06,2026-09-20,BOM-BLR,SpiceJet,45,3497,629,4126
2026-08-06,2026-09-20,BOM-BLR,SpiceJet,45,3257,586,3843
2026-08-06,2026-09-20,BOM-BLR,SpiceJet,45,3307,595,3902
2026-08-06,2026-09-20,BOM-BLR,SpiceJet,45,3347,602,3949
2026-08-06,2026-09-20,BOM-BLR,SpiceJet,45,2968,534,3502
2026-08-06,2026-09-05,BOM-BLR,SpiceJet,30,3230,581,3811
2026-08-06,2026-09-05,BOM-BLR,SpiceJet,30,3830,689,4519
2026-08-06,2026-09-05,BOM-BLR,SpiceJet,30,3549,638,4187
2026-08-06,2026-09-05,BOM-BLR,SpiceJet,30,3540,637,4177
2026-08-06,2026-09-05,BOM-BLR,SpiceJet,30,3753,675,4428
2026-08-06,2026-08-21,BOM-BLR,SpiceJet,15,4684,843,5527
2026-08-06,2026-08-21,BOM-BLR,SpiceJet,15,3959,712,4671
2026-08-06,2026-08-21,BOM-BLR,SpiceJet,15,4353,783,5136
2026-08-06,2026-08-21,BOM-BLR,SpiceJet,15,4301,774,5075
2026-08-06,2026-08-21,BOM-BLR,SpiceJet,15,4409,793,5202
2026-08-06,2026-08-13,BOM-BLR,SpiceJet,7,6093,1096,7189
2026-08-06,2026-08-13,BOM-BLR,SpiceJet,7,5234,942,6176
2026-08-06,2026-08-13,BOM-BLR,SpiceJet,7,5149,926,6075
2026-08-06,2026-08-13,BOM-BLR,SpiceJet,7,6402,1152,7554
2026-08-06,2026-08-13,BOM-BLR,SpiceJet,7,6363,1145,7508
2026-08-06,2026-08-07,BOM-BLR,SpiceJet,1,9006,1621,10627
2026-08-06,2026-08-07,BOM-BLR,SpiceJet,1,8486,1527,10013
2026-08-06,2026-08-07,BOM-BLR,SpiceJet,1,9283,1670,10953
2026-08-06,2026-08-07,BOM-BLR,SpiceJet,1,7793,1402,9195
2026-08-06,2026-08-07,BOM-BLR,SpiceJet,1,8816,1586,10402
2026-08-06,2026-09-20,DEL-CCU,IndiGo,45,4583,824,5407
2026-08-06,2026-09-20,DEL-CCU,IndiGo,45,4860,874,5734
2026-08-06,2026-09-20,DEL-CCU,IndiGo,45,4789,862,5651
2026-08-06,2026-09-20,DEL-CCU,IndiGo,45,4851,873,5724
2026-08-06,2026-09-20,DEL-CCU,IndiGo,45,5393,970,6363
2026-08-06,2026-09-05,DEL-CCU,IndiGo,30,5129,923,6052
2026-08-06,2026-09-05,DEL-CCU,IndiGo,30,5482,986,6468
2026-08-06,2026-09-05,DEL-CCU,IndiGo,30,5834,1050,6884
2026-08-06,2026-09-05,DEL-CCU,IndiGo,30,5488,987,6475
2026-08-06,2026-09-05,DEL-CCU,IndiGo,30,5470,984,6454
2026-08-06,2026-08-21,DEL-CCU,IndiGo,15,6801,1224,8025
2026-08-06,2026-08-21,DEL-CCU,IndiGo,15,7356,1324,8680
2026-08-06,2026-08-21,DEL-CCU,IndiGo,15,6176,1111,7287
2026-08-06,2026-08-21,DEL-CCU,IndiGo,15,6986,1257,8243
2026-08-06,2026-08-21,DEL-CCU,IndiGo,15,7045,1268,8313
2026-08-06,2026-08-13,DEL-CCU,IndiGo,7,9331,1679,11010
2026-08-06,2026-08-13,DEL-CCU,IndiGo,7,8512,1532,10044
2026-08-06,2026-08-13,DEL-CCU,IndiGo,7,8079,1454,9533
2026-08-06,2026-08-13,DEL-CCU,IndiGo,7,8139,1465,9604
2026-08-06,2026-08-13,DEL-CCU,IndiGo,7,9653,1737,11390
2026-08-06,2026-08-07,DEL-CCU,IndiGo,1,11811,2125,13936
2026-08-06,2026-08-07,DEL-CCU,IndiGo,1,13021,2343,15364
2026-08-06,2026-08-07,DEL-CCU,IndiGo,1,11624,2092,13716
2026-08-06,2026-08-07,DEL-CCU,IndiGo,1,11734,2112,13846
2026-08-06,2026-08-07,DEL-CCU,IndiGo,1,12406,2233,14639
2026-08-06,2026-09-20,DEL-CCU,Air India,45,5236,942,6178
2026-08-06,2026-09-20,DEL-CCU,Air India,45,5166,929,6095
2026-08-06,2026-09-20,DEL-CCU,Air India,45,5826,1048,6874
2026-08-06,2026-09-20,DEL-CCU,Air India,45,5546,998,6544
2026-08-06,2026-09-20,DEL-CCU,Air India,45,6129,1103,7232
2026-08-06,2026-09-05,DEL-CCU,Air India,30,5522,993,6515
2026-08-06,2026-09-05,DEL-CCU,Air India,30,6277,1129,7406
2026-08-06,2026-09-05,DEL-CCU,Air India,30,5692,1024,6716
2026-08-06,2026-09-05,DEL-CCU,Air India,30,6726,1210,7936
2026-08-06,2026-09-05,DEL-CCU,Air India,30,6912,1244,8156
2026-08-06,2026-08-21,DEL-CCU,Air India,15,7504,1350,8854
2026-08-06,2026-08-21,DEL-CCU,Air India,15,7022,1263,8285
2026-08-06,2026-08-21,DEL-CCU,Air India,15,8156,1468,9624
2026-08-06,2026-08-21,DEL-CCU,Air India,15,8232,1481,9713
2026-08-06,2026-08-21,DEL-CCU,Air India,15,7515,1352,8867
2026-08-06,2026-08-13,DEL-CCU,Air India,7,9156,1648,10804
2026-08-06,2026-08-13,DEL-CCU,Air India,7,10132,1823,11955
2026-08-06,2026-08-13,DEL-CCU,Air India,7,10379,1868,12247
2026-08-06,2026-08-13,DEL-CCU,Air India,7,9816,1766,11582
2026-08-06,2026-08-13,DEL-CCU,Air India,7,10286,1851,12137
2026-08-06,2026-08-07,DEL-CCU,Air India,1,16023,2884,18907
2026-08-06,2026-08-07,DEL-CCU,Air India,1,15082,2714,17796
2026-08-06,2026-08-07,DEL-CCU,Air India,1,15252,2745,17997
2026-08-06,2026-08-07,DEL-CCU,Air India,1,15251,2745,17996
2026-08-06,2026-08-07,DEL-CCU,Air India,1,13964,2513,16477
2026-08-06,2026-09-20,DEL-CCU,Akasa,45,4884,879,5763
2026-08-06,2026-09-20,DEL-CCU,Akasa,45,4326,778,5104
2026-08-06,2026-09-20,DEL-CCU,Akasa,45,4440,799,5239
2026-08-06,2026-09-20,DEL-CCU,Akasa,45,4586,825,5411
2026-08-06,2026-09-20,DEL-CCU,Akasa,45,4336,780,5116
2026-08-06,2026-09-05,DEL-CCU,Akasa,30,4671,840,5511
2026-08-06,2026-09-05,DEL-CCU,Akasa,30,4544,817,5361
2026-08-06,2026-09-05,DEL-CCU,Akasa,30,5601,1008,6609
2026-08-06,2026-09-05,DEL-CCU,Akasa,30,5323,958,6281
2026-08-06,2026-09-05,DEL-CCU,Akasa,30,5592,1006,6598
2026-08-06,2026-08-21,DEL-CCU,Akasa,15,6042,1087,7129
2026-08-06,2026-08-21,DEL-CCU,Akasa,15,6897,1241,8138
2026-08-06,2026-08-21,DEL-CCU,Akasa,15,6149,1106,7255
2026-08-06,2026-08-21,DEL-CCU,Akasa,15,6623,1192,7815
2026-08-06,2026-08-21,DEL-CCU,Akasa,15,5981,1076,7057
2026-08-06,2026-08-13,DEL-CCU,Akasa,7,8659,1558,10217
2026-08-06,2026-08-13,DEL-CCU,Akasa,7,8556,1540,10096
2026-08-06,2026-08-13,DEL-CCU,Akasa,7,7885,1419,9304
2026-08-06,2026-08-13,DEL-CCU,Akasa,7,7711,1387,9098
2026-08-06,2026-08-13,DEL-CCU,Akasa,7,8667,1560,10227
2026-08-06,2026-08-07,DEL-CCU,Akasa,1,12935,2328,15263
2026-08-06,2026-08-07,DEL-CCU,Akasa,1,13012,2342,15354
2026-08-06,2026-08-07,DEL-CCU,Akasa,1,13857,2494,16351
2026-08-06,2026-08-07,DEL-CCU,Akasa,1,12897,2321,15218
2026-08-06,2026-08-07,DEL-CCU,Akasa,1,12194,2194,14388
2026-08-06,2026-09-20,DEL-CCU,SpiceJet,45,4582,824,5406
2026-08-06,2026-09-20,DEL-CCU,SpiceJet,45,4709,847,5556
2026-08-06,2026-09-20,DEL-CCU,SpiceJet,45,4507,811,5318
2026-08-06,2026-09-20,DEL-CCU,SpiceJet,45,4283,770,5053
2026-08-06,2026-09-20,DEL-CCU,SpiceJet,45,4842,871,5713
2026-08-06,2026-09-05,DEL-CCU,SpiceJet,30,5127,922,6049
2026-08-06,2026-09-05,DEL-CCU,SpiceJet,30,4733,851,5584
2026-08-06,2026-09-05,DEL-CCU,SpiceJet,30,4404,792,5196
2026-08-06,2026-09-05,DEL-CCU,SpiceJet,30,4594,826,5420
2026-08-06,2026-09-05,DEL-CCU,SpiceJet,30,5199,935,6134
2026-08-06,2026-08-21,DEL-CCU,SpiceJet,15,5919,1065,6984
2026-08-06,2026-08-21,DEL-CCU,SpiceJet,15,6418,1155,7573
2026-08-06,2026-08-21,DEL-CCU,SpiceJet,15,6690,1204,7894
2026-08-06,2026-08-21,DEL-CCU,SpiceJet,15,5269,948,6217
2026-08-06,2026-08-21,DEL-CCU,SpiceJet,15,6083,1094,7177
2026-08-06,2026-08-13,DEL-CCU,SpiceJet,7,8558,1540,10098
2026-08-06,2026-08-13,DEL-CCU,SpiceJet,7,8774,1579,10353
2026-08-06,2026-08-13,DEL-CCU,SpiceJet,7,8744,1573,10317
2026-08-06,2026-08-13,DEL-CCU,SpiceJet,7,8407,1513,9920
2026-08-06,2026-08-13,DEL-CCU,SpiceJet,7,7052,1269,8321
2026-08-06,2026-08-07,DEL-CCU,SpiceJet,1,11442,2059,13501
2026-08-06,2026-08-07,DEL-CCU,SpiceJet,1,11359,2044,13403
2026-08-06,2026-08-07,DEL-CCU,SpiceJet,1,12603,2268,14871
2026-08-06,2026-08-07,DEL-CCU,SpiceJet,1,12912,2324,15236
2026-08-06,2026-08-07,DEL-CCU,SpiceJet,1,10899,1961,12860
2026-08-06,2026-09-20,BLR-HYD,IndiGo,45,3122,561,3683
2026-08-06,2026-09-20,BLR-HYD,IndiGo,45,3029,545,3574
2026-08-06,2026-09-20,BLR-HYD,IndiGo,45,2898,521,3419
2026-08-06,2026-09-20,BLR-HYD,IndiGo,45,2683,482,3165
2026-08-06,2026-09-20,BLR-HYD,IndiGo,45,3132,563,3695
2026-08-06,2026-09-05,BLR-HYD,IndiGo,30,3411,613,4024
2026-08-06,2026-09-05,BLR-HYD,IndiGo,30,3333,599,3932
2026-08-06,2026-09-05,BLR-HYD,IndiGo,30,3138,564,3702
2026-08-06,2026-09-05,BLR-HYD,IndiGo,30,3089,556,3645
2026-08-06,2026-09-05,BLR-HYD,IndiGo,30,2862,515,3377
2026-08-06,2026-08-21,BLR-HYD,IndiGo,15,3837,690,4527
2026-08-06,2026-08-21,BLR-HYD,IndiGo,15,4019,723,4742
2026-08-06,2026-08-21,BLR-HYD,IndiGo,15,4209,757,4966
2026-08-06,2026-08-21,BLR-HYD,IndiGo,15,3838,690,4528
2026-08-06,2026-08-21,BLR-HYD,IndiGo,15,3772,678,4450
2026-08-06,2026-08-13,BLR-HYD,IndiGo,7,5226,940,6166
2026-08-06,2026-08-13,BLR-HYD,IndiGo,7,5011,901,5912
2026-08-06,2026-08-13,BLR-HYD,IndiGo,7,5064,911,5975
2026-08-06,2026-08-13,BLR-HYD,IndiGo,7,4563,821,5384
2026-08-06,2026-08-13,BLR-HYD,IndiGo,7,4603,828,5431
2026-08-06,2026-08-07,BLR-HYD,IndiGo,1,7611,1369,8980
2026-08-06,2026-08-07,BLR-HYD,IndiGo,1,7287,1311,8598
2026-08-06,2026-08-07,BLR-HYD,IndiGo,1,7815,1406,9221
2026-08-06,2026-08-07,BLR-HYD,IndiGo,1,8497,1529,10026
2026-08-06,2026-08-07,BLR-HYD,IndiGo,1,7094,1276,8370
2026-08-06,2026-09-20,BLR-HYD,Air India,45,3070,552,3622
2026-08-06,2026-09-20,BLR-HYD,Air India,45,3310,595,3905
2026-08-06,2026-09-20,BLR-HYD,Air India,45,2944,529,3473
2026-08-06,2026-09-20,BLR-HYD,Air India,45,3123,562,3685
2026-08-06,2026-09-20,BLR-HYD,Air India,45,2998,539,3537
2026-08-06,2026-09-05,BLR-HYD,Air India,30,3357,604,3961
2026-08-06,2026-09-05,BLR-HYD,Air India,30,3707,667,4374
2026-08-06,2026-09-05,BLR-HYD,Air India,30,3341,601,3942
2026-08-06,2026-09-05,BLR-HYD,Air India,30,4051,729,4780
2026-08-06,2026-09-05,BLR-HYD,Air India,30,3322,597,3919
2026-08-06,2026-08-21,BLR-HYD,Air India,15,4609,829,5438
2026-08-06,2026-08-21,BLR-HYD,Air India,15,4892,880,5772
2026-08-06,2026-08-21,BLR-HYD,Air India,15,4172,750,4922
2026-08-06,2026-08-21,BLR-HYD,Air India,15,4467,804,5271
2026-08-06,2026-08-21,BLR-HYD,Air India,15,4768,858,5626
2026-08-06,2026-08-13,BLR-HYD,Air India,7,6367,1146,7513
2026-08-06,2026-08-13,BLR-HYD,Air India,7,6442,1159,7601
2026-08-06,2026-08-13,BLR-HYD,Air India,7,6475,1165,7640
2026-08-06,2026-08-13,BLR-HYD,Air India,7,6398,1151,7549
2026-08-06,2026-08-13,BLR-HYD,Air India,7,5949,1070,7019
2026-08-06,2026-08-07,BLR-HYD,Air India,1,8504,1530,10034
2026-08-06,2026-08-07,BLR-HYD,Air India,1,8343,1501,9844
2026-08-06,2026-08-07,BLR-HYD,Air India,1,9502,1710,11212
2026-08-06,2026-08-07,BLR-HYD,Air India,1,7919,1425,9344
2026-08-06,2026-08-07,BLR-HYD,Air India,1,7833,1409,9242
2026-08-06,2026-09-20,BLR-HYD,Akasa,45,2998,539,3537
2026-08-06,2026-09-20,BLR-HYD,Akasa,45,2803,504,3307
2026-08-06,2026-09-20,BLR-HYD,Akasa,45,2991,538,3529
2026-08-06,2026-09-20,BLR-HYD,Akasa,45,2730,491,3221
2026-08-06,2026-09-20,BLR-HYD,Akasa,45,2953,531,3484
2026-08-06,2026-09-05,BLR-HYD,Akasa,30,2810,505,3315
2026-08-06,2026-09-05,BLR-HYD,Akasa,30,3071,552,3623
2026-08-06,2026-09-05,BLR-HYD,Akasa,30,2671,480,3151
2026-08-06,2026-09-05,BLR-HYD,Akasa,30,3081,554,3635
2026-08-06,2026-09-05,BLR-HYD,Akasa,30,2720,489,3209
2026-08-06,2026-08-21,BLR-HYD,Akasa,15,3670,660,4330
2026-08-06,2026-08-21,BLR-HYD,Akasa,15,3621,651,4272
2026-08-06,2026-08-21,BLR-HYD,Akasa,15,3976,715,4691
2026-08-06,2026-08-21,BLR-HYD,Akasa,15,3411,613,4024
2026-08-06,2026-08-21,BLR-HYD,Akasa,15,3556,640,4196
2026-08-06,2026-08-13,BLR-HYD,Akasa,7,4621,831,5452
2026-08-06,2026-08-13,BLR-HYD,Akasa,7,4535,816,5351
2026-08-06,2026-08-13,BLR-HYD,Akasa,7,4828,869,5697
2026-08-06,2026-08-13,BLR-HYD,Akasa,7,4647,836,5483
2026-08-06,2026-08-13,BLR-HYD,Akasa,7,4428,797,5225
2026-08-06,2026-08-07,BLR-HYD,Akasa,1,7833,1409,9242
2026-08-06,2026-08-07,BLR-HYD,Akasa,1,7283,1310,8593
2026-08-06,2026-08-07,BLR-HYD,Akasa,1,6831,1229,8060
2026-08-06,2026-08-07,BLR-HYD,Akasa,1,6966,1253,8219
2026-08-06,2026-08-07,BLR-HYD,Akasa,1,7298,1313,8611
2026-08-06,2026-09-20,BLR-HYD,SpiceJet,45,2573,463,3036
2026-08-06,2026-09-20,BLR-HYD,SpiceJet,45,2406,433,2839
2026-08-06,2026-09-20,BLR-HYD,SpiceJet,45,2536,456,2992
2026-08-06,2026-09-20,BLR-HYD,SpiceJet,45,2831,509,3340
2026-08-06,2026-09-20,BLR-HYD,SpiceJet,45,2670,480,3150
2026-08-06,2026-09-05,BLR-HYD,SpiceJet,30,3023,544,3567
2026-08-06,2026-09-05,BLR-HYD,SpiceJet,30,2840,511,3351
2026-08-06,2026-09-05,BLR-HYD,SpiceJet,30,2693,484,3177
2026-08-06,2026-09-05,BLR-HYD,SpiceJet,30,3071,552,3623
2026-08-06,2026-09-05,BLR-HYD,SpiceJet,30,3088,555,3643
2026-08-06,2026-08-21,BLR-HYD,SpiceJet,15,3477,625,4102
2026-08-06,2026-08-21,BLR-HYD,SpiceJet,15,3373,607,3980
2026-08-06,2026-08-21,BLR-HYD,SpiceJet,15,3748,674,4422
2026-08-06,2026-08-21,BLR-HYD,SpiceJet,15,3266,587,3853
2026-08-06,2026-08-21,BLR-HYD,SpiceJet,15,3590,646,4236
2026-08-06,2026-08-13,BLR-HYD,SpiceJet,7,4086,735,4821
2026-08-06,2026-08-13,BLR-HYD,SpiceJet,7,4712,848,5560
2026-08-06,2026-08-13,BLR-HYD,SpiceJet,7,5177,931,6108
2026-08-06,2026-08-13,BLR-HYD,SpiceJet,7,4627,832,5459
2026-08-06,2026-08-13,BLR-HYD,SpiceJet,7,4419,795,5214
2026-08-06,2026-08-07,BLR-HYD,SpiceJet,1,7589,1366,8955
2026-08-06,2026-08-07,BLR-HYD,SpiceJet,1,6695,1205,7900
2026-08-06,2026-08-07,BLR-HYD,SpiceJet,1,6577,1183,7760
2026-08-06,2026-08-07,BLR-HYD,SpiceJet,1,6496,1169,7665
2026-08-06,2026-08-07,BLR-HYD,SpiceJet,1,7433,1337,8770
2026-08-07,2026-09-21,DEL-BOM,IndiGo,45,4826,868,5694
2026-08-07,2026-09-21,DEL-BOM,IndiGo,45,3999,719,4718
2026-08-07,2026-09-21,DEL-BOM,IndiGo,45,4720,849,5569
2026-08-07,2026-09-21,DEL-BOM,IndiGo,45,3865,695,4560
2026-08-07,2026-09-21,DEL-BOM,IndiGo,45,4453,801,5254
2026-08-07,2026-09-06,DEL-BOM,IndiGo,30,4509,811,5320
2026-08-07,2026-09-06,DEL-BOM,IndiGo,30,4352,783,5135
2026-08-07,2026-09-06,DEL-BOM,IndiGo,30,4589,826,5415
2026-08-07,2026-09-06,DEL-BOM,IndiGo,30,5096,917,6013
2026-08-07,2026-09-06,DEL-BOM,IndiGo,30,4296,773,5069
2026-08-07,2026-08-22,DEL-BOM,IndiGo,15,5527,994,6521
2026-08-07,2026-08-22,DEL-BOM,IndiGo,15,6381,1148,7529
2026-08-07,2026-08-22,DEL-BOM,IndiGo,15,5356,964,6320
2026-08-07,2026-08-22,DEL-BOM,IndiGo,15,5973,1075,7048
2026-08-07,2026-08-22,DEL-BOM,IndiGo,15,6211,1117,7328
2026-08-07,2026-08-14,DEL-BOM,IndiGo,7,7343,1321,8664
2026-08-07,2026-08-14,DEL-BOM,IndiGo,7,8664,1559,10223
2026-08-07,2026-08-14,DEL-BOM,IndiGo,7,6944,1249,8193
2026-08-07,2026-08-14,DEL-BOM,IndiGo,7,7487,1347,8834
2026-08-07,2026-08-14,DEL-BOM,IndiGo,7,6858,1234,8092
2026-08-07,2026-08-08,DEL-BOM,IndiGo,1,11794,2122,13916
2026-08-07,2026-08-08,DEL-BOM,IndiGo,1,11289,2032,13321
2026-08-07,2026-08-08,DEL-BOM,IndiGo,1,11152,2007,13159
2026-08-07,2026-08-08,DEL-BOM,IndiGo,1,11687,2103,13790
2026-08-07,2026-08-08,DEL-BOM,IndiGo,1,11162,2009,13171
2026-08-07,2026-09-21,DEL-BOM,Air India,45,5461,982,6443
2026-08-07,2026-09-21,DEL-BOM,Air India,45,5487,987,6474
2026-08-07,2026-09-21,DEL-BOM,Air India,45,4606,829,5435
2026-08-07,2026-09-21,DEL-BOM,Air India,45,4851,873,5724
2026-08-07,2026-09-21,DEL-BOM,Air India,45,4991,898,5889
2026-08-07,2026-09-06,DEL-BOM,Air India,30,5989,1078,7067
2026-08-07,2026-09-06,DEL-BOM,Air India,30,6051,1089,7140
2026-08-07,2026-09-06,DEL-BOM,Air India,30,5714,1028,6742
2026-08-07,2026-09-06,DEL-BOM,Air India,30,5907,1063,6970
2026-08-07,2026-09-06,DEL-BOM,Air India,30,5584,1005,6589
2026-08-07,2026-08-22,DEL-BOM,Air India,15,7360,1324,8684
2026-08-07,2026-08-22,DEL-BOM,Air India,15,7332,1319,8651
2026-08-07,2026-08-22,DEL-BOM,Air India,15,6352,1143,7495
2026-08-07,2026-08-22,DEL-BOM,Air India,15,6718,1209,7927
2026-08-07,2026-08-22,DEL-BOM,Air India,15,6292,1132,7424
2026-08-07,2026-08-14,DEL-BOM,Air India,7,8370,1506,9876
2026-08-07,2026-08-14,DEL-BOM,Air India,7,8616,1550,10166
2026-08-07,2026-08-14,DEL-BOM,Air India,7,9561,1720,11281
2026-08-07,2026-08-14,DEL-BOM,Air India,7,9265,1667,10932
2026-08-07,2026-08-14,DEL-BOM,Air India,7,9156,1648,10804
2026-08-07,2026-08-08,DEL-BOM,Air India,1,14632,2633,17265
2026-08-07,2026-08-08,DEL-BOM,Air India,1,13971,2514,16485
2026-08-07,2026-08-08,DEL-BOM,Air India,1,12690,2284,14974
2026-08-07,2026-08-08,DEL-BOM,Air India,1,12542,2257,14799
2026-08-07,2026-08-08,DEL-BOM,Air India,1,13242,2383,15625
2026-08-07,2026-09-21,DEL-BOM,Akasa,45,4524,814,5338
2026-08-07,2026-09-21,DEL-BOM,Akasa,45,4562,821,5383
2026-08-07,2026-09-21,DEL-BOM,Akasa,45,3890,700,4590
2026-08-07,2026-09-21,DEL-BOM,Akasa,45,4356,784,5140
2026-08-07,2026-09-21,DEL-BOM,Akasa,45,4326,778,5104
2026-08-07,2026-09-06,DEL-BOM,Akasa,30,4470,804,5274
2026-08-07,2026-09-06,DEL-BOM,Akasa,30,4988,897,5885
2026-08-07,2026-09-06,DEL-BOM,Akasa,30,3957,712,4669
2026-08-07,2026-09-06,DEL-BOM,Akasa,30,4416,794,5210
2026-08-07,2026-09-06,DEL-BOM,Akasa,30,4190,754,4944
2026-08-07,2026-08-22,DEL-BOM,Akasa,15,4874,877,5751
2026-08-07,2026-08-22,DEL-BOM,Akasa,15,5109,919,6028
2026-08-07,2026-08-22,DEL-BOM,Akasa,15,5306,955,6261
2026-08-07,2026-08-22,DEL-BOM,Akasa,15,5680,1022,6702
2026-08-07,2026-08-22,DEL-BOM,Akasa,15,5766,1037,6803
2026-08-07,2026-08-14,DEL-BOM,Akasa,7,7743,1393,9136
2026-08-07,2026-08-14,DEL-BOM,Akasa,7,7755,1395,9150
2026-08-07,2026-08-14,DEL-BOM,Akasa,7,7702,1386,9088
2026-08-07,2026-08-14,DEL-BOM,Akasa,7,7300,1314,8614
2026-08-07,2026-08-14,DEL-BOM,Akasa,7,8239,1483,9722
2026-08-07,2026-08-08,DEL-BOM,Akasa,1,10139,1825,11964
2026-08-07,2026-08-08,DEL-BOM,Akasa,1,11168,2010,13178
2026-08-07,2026-08-08,DEL-BOM,Akasa,1,11034,1986,13020
2026-08-07,2026-08-08,DEL-BOM,Akasa,1,11038,1986,13024
2026-08-07,2026-08-08,DEL-BOM,Akasa,1,11110,1999,13109
2026-08-07,2026-09-21,DEL-BOM,SpiceJet,45,3807,685,4492
2026-08-07,2026-09-21,DEL-BOM,SpiceJet,45,4009,721,4730
2026-08-07,2026-09-21,DEL-BOM,SpiceJet,45,3454,621,4075
2026-08-07,2026-09-21,DEL-BOM,SpiceJet,45,3861,694,4555
2026-08-07,2026-09-21,DEL-BOM,SpiceJet,45,3899,701,4600
2026-08-07,2026-09-06,DEL-BOM,SpiceJet,30,3860,694,4554
2026-08-07,2026-09-06,DEL-BOM,SpiceJet,30,3854,693,4547
2026-08-07,2026-09-06,DEL-BOM,SpiceJet,30,4118,741,4859
2026-08-07,2026-09-06,DEL-BOM,SpiceJet,30,4079,734,4813
2026-08-07,2026-09-06,DEL-BOM,SpiceJet,30,3906,703,4609
2026-08-07,2026-08-22,DEL-BOM,SpiceJet,15,4900,882,5782
2026-08-07,2026-08-22,DEL-BOM,SpiceJet,15,5197,935,6132
2026-08-07,2026-08-22,DEL-BOM,SpiceJet,15,5249,944,6193
2026-08-07,2026-08-22,DEL-BOM,SpiceJet,15,5401,972,6373
2026-08-07,2026-08-22,DEL-BOM,SpiceJet,15,4880,878,5758
2026-08-07,2026-08-14,DEL-BOM,SpiceJet,7,6920,1245,8165
2026-08-07,2026-08-14,DEL-BOM,SpiceJet,7,6687,1203,7890
2026-08-07,2026-08-14,DEL-BOM,SpiceJet,7,6131,1103,7234
2026-08-07,2026-08-14,DEL-BOM,SpiceJet,7,7259,1306,8565
2026-08-07,2026-08-14,DEL-BOM,SpiceJet,7,6723,1210,7933
2026-08-07,2026-08-08,DEL-BOM,SpiceJet,1,9841,1771,11612
2026-08-07,2026-08-08,DEL-BOM,SpiceJet,1,9672,1740,11412
2026-08-07,2026-08-08,DEL-BOM,SpiceJet,1,11478,2066,13544
2026-08-07,2026-08-08,DEL-BOM,SpiceJet,1,10433,1877,12310
2026-08-07,2026-08-08,DEL-BOM,SpiceJet,1,10846,1952,12798
2026-08-07,2026-09-21,DEL-BLR,IndiGo,45,5902,1062,6964
2026-08-07,2026-09-21,DEL-BLR,IndiGo,45,4998,899,5897
2026-08-07,2026-09-21,DEL-BLR,IndiGo,45,6030,1085,7115
2026-08-07,2026-09-21,DEL-BLR,IndiGo,45,5266,947,6213
2026-08-07,2026-09-21,DEL-BLR,IndiGo,45,5077,913,5990
2026-08-07,2026-09-06,DEL-BLR,IndiGo,30,5531,995,6526
2026-08-07,2026-09-06,DEL-BLR,IndiGo,30,6524,1174,7698
2026-08-07,2026-09-06,DEL-BLR,IndiGo,30,6407,1153,7560
2026-08-07,2026-09-06,DEL-BLR,IndiGo,30,6151,1107,7258
2026-08-07,2026-09-06,DEL-BLR,IndiGo,30,5556,1000,6556
2026-08-07,2026-08-22,DEL-BLR,IndiGo,15,8139,1465,9604
2026-08-07,2026-08-22,DEL-BLR,IndiGo,15,6924,1246,8170
2026-08-07,2026-08-22,DEL-BLR,IndiGo,15,7230,1301,8531
2026-08-07,2026-08-22,DEL-BLR,IndiGo,15,8480,1526,10006
2026-08-07,2026-08-22,DEL-BLR,IndiGo,15,8029,1445,9474
2026-08-07,2026-08-14,DEL-BLR,IndiGo,7,10159,1828,11987
2026-08-07,2026-08-14,DEL-BLR,IndiGo,7,8954,1611,10565
2026-08-07,2026-08-14,DEL-BLR,IndiGo,7,9966,1793,11759
2026-08-07,2026-08-14,DEL-BLR,IndiGo,7,11261,2026,13287
2026-08-07,2026-08-14,DEL-BLR,IndiGo,7,9358,1684,11042
2026-08-07,2026-08-08,DEL-BLR,IndiGo,1,16308,2935,19243
2026-08-07,2026-08-08,DEL-BLR,IndiGo,1,15013,2702,17715
2026-08-07,2026-08-08,DEL-BLR,IndiGo,1,15241,2743,17984
2026-08-07,2026-08-08,DEL-BLR,IndiGo,1,14572,2622,17194
2026-08-07,2026-08-08,DEL-BLR,IndiGo,1,14626,2632,17258
2026-08-07,2026-09-21,DEL-BLR,Air India,45,6254,1125,7379
2026-08-07,2026-09-21,DEL-BLR,Air India,45,5807,1045,6852
2026-08-07,2026-09-21,DEL-BLR,Air India,45,6570,1182,7752
2026-08-07,2026-09-21,DEL-BLR,Air India,45,6830,1229,8059
2026-08-07,2026-09-21,DEL-BLR,Air India,45,5808,1045,6853
2026-08-07,2026-09-06,DEL-BLR,Air India,30,7131,1283,8414
2026-08-07,2026-09-06,DEL-BLR,Air India,30,6287,1131,7418
2026-08-07,2026-09-06,DEL-BLR,Air India,30,6419,1155,7574
2026-08-07,2026-09-06,DEL-BLR,Air India,30,7682,1382,9064
2026-08-07,2026-09-06,DEL-BLR,Air India,30,7432,1337,8769
2026-08-07,2026-08-22,DEL-BLR,Air India,15,9030,1625,10655
2026-08-07,2026-08-22,DEL-BLR,Air India,15,9055,1629,10684
2026-08-07,2026-08-22,DEL-BLR,Air India,15,9322,1677,10999
2026-08-07,2026-08-22,DEL-BLR,Air India,15,9127,1642,10769
2026-08-07,2026-08-22,DEL-BLR,Air India,15,7795,1403,9198
2026-08-07,2026-08-14,DEL-BLR,Air India,7,10946,1970,12916
2026-08-07,2026-08-14,DEL-BLR,Air India,7,12097,2177,14274
2026-08-07,2026-08-14,DEL-BLR,Air India,7,12187,2193,14380
2026-08-07,2026-08-14,DEL-BLR,Air India,7,12486,2247,14733
2026-08-07,2026-08-14,DEL-BLR,Air India,7,12606,2269,14875
2026-08-07,2026-08-08,DEL-BLR,Air India,1,15730,2831,18561
2026-08-07,2026-08-08,DEL-BLR,Air India,1,15267,2748,18015
2026-08-07,2026-08-08,DEL-BLR,Air India,1,19262,3467,22729
2026-08-07,2026-08-08,DEL-BLR,Air India,1,15912,2864,18776
2026-08-07,2026-08-08,DEL-BLR,Air India,1,18771,3378,22149
2026-08-07,2026-09-21,DEL-BLR,Akasa,45,5881,1058,6939
2026-08-07,2026-09-21,DEL-BLR,Akasa,45,4956,892,5848
2026-08-07,2026-09-21,DEL-BLR,Akasa,45,5839,1051,6890
2026-08-07,2026-09-21,DEL-BLR,Akasa,45,5892,1060,6952
2026-08-07,2026-09-21,DEL-BLR,Akasa,45,6000,1080,7080
2026-08-07,2026-09-06,DEL-BLR,Akasa,30,5547,998,6545
2026-08-07,2026-09-06,DEL-BLR,Akasa,30,5398,971,6369
2026-08-07,2026-09-06,DEL-BLR,Akasa,30,6042,1087,7129
2026-08-07,2026-09-06,DEL-BLR,Akasa,30,6464,1163,7627
2026-08-07,2026-09-06,DEL-BLR,Akasa,30,6092,1096,7188
2026-08-07,2026-08-22,DEL-BLR,Akasa,15,7077,1273,8350
2026-08-07,2026-08-22,DEL-BLR,Akasa,15,7637,1374,9011
2026-08-07,2026-08-22,DEL-BLR,Akasa,15,6686,1203,7889
2026-08-07,2026-08-22,DEL-BLR,Akasa,15,7198,1295,8493
2026-08-07,2026-08-22,DEL-BLR,Akasa,15,6988,1257,8245
2026-08-07,2026-08-14,DEL-BLR,Akasa,7,10457,1882,12339
2026-08-07,2026-08-14,DEL-BLR,Akasa,7,8941,1609,10550
2026-08-07,2026-08-14,DEL-BLR,Akasa,7,9090,1636,10726
2026-08-07,2026-08-14,DEL-BLR,Akasa,7,9893,1780,11673
2026-08-07,2026-08-14,DEL-BLR,Akasa,7,8753,1575,10328
2026-08-07,2026-08-08,DEL-BLR,Akasa,1,15653,2817,18470
2026-08-07,2026-08-08,DEL-BLR,Akasa,1,13688,2463,16151
2026-08-07,2026-08-08,DEL-BLR,Akasa,1,14063,2531,16594
2026-08-07,2026-08-08,DEL-BLR,Akasa,1,14960,2692,17652
2026-08-07,2026-08-08,DEL-BLR,Akasa,1,14500,2610,17110
2026-08-07,2026-09-21,DEL-BLR,SpiceJet,45,5629,1013,6642
2026-08-07,2026-09-21,DEL-BLR,SpiceJet,45,5031,905,5936
2026-08-07,2026-09-21,DEL-BLR,SpiceJet,45,5001,900,5901
2026-08-07,2026-09-21,DEL-BLR,SpiceJet,45,4809,865,5674
2026-08-07,2026-09-21,DEL-BLR,SpiceJet,45,5298,953,6251
2026-08-07,2026-09-06,DEL-BLR,SpiceJet,30,5140,925,6065
2026-08-07,2026-09-06,DEL-BLR,SpiceJet,30,5842,1051,6893
2026-08-07,2026-09-06,DEL-BLR,SpiceJet,30,5206,937,6143
2026-08-07,2026-09-06,DEL-BLR,SpiceJet,30,5491,988,6479
2026-08-07,2026-09-06,DEL-BLR,SpiceJet,30,4941,889,5830
2026-08-07,2026-08-22,DEL-BLR,SpiceJet,15,6912,1244,8156
2026-08-07,2026-08-22,DEL-BLR,SpiceJet,15,6869,1236,8105
2026-08-07,2026-08-22,DEL-BLR,SpiceJet,15,7157,1288,8445
2026-08-07,2026-08-22,DEL-BLR,SpiceJet,15,6401,1152,7553
2026-08-07,2026-08-22,DEL-BLR,SpiceJet,15,7466,1343,8809
2026-08-07,2026-08-14,DEL-BLR,SpiceJet,7,9551,1719,11270
2026-08-07,2026-08-14,DEL-BLR,SpiceJet,7,9490,1708,11198
2026-08-07,2026-08-14,DEL-BLR,SpiceJet,7,9565,1721,11286
2026-08-07,2026-08-14,DEL-BLR,SpiceJet,7,9651,1737,11388
2026-08-07,2026-08-14,DEL-BLR,SpiceJet,7,9288,1671,10959
2026-08-07,2026-08-08,DEL-BLR,SpiceJet,1,13616,2450,16066
2026-08-07,2026-08-08,DEL-BLR,SpiceJet,1,13536,2436,15972
2026-08-07,2026-08-08,DEL-BLR,SpiceJet,1,13021,2343,15364
2026-08-07,2026-08-08,DEL-BLR,SpiceJet,1,12253,2205,14458
2026-08-07,2026-08-08,DEL-BLR,SpiceJet,1,13522,2433,15955
2026-08-07,2026-09-21,BOM-BLR,IndiGo,45,3760,676,4436
2026-08-07,2026-09-21,BOM-BLR,IndiGo,45,3643,655,4298
2026-08-07,2026-09-21,BOM-BLR,IndiGo,45,3554,639,4193
2026-08-07,2026-09-21,BOM-BLR,IndiGo,45,3769,678,4447
2026-08-07,2026-09-21,BOM-BLR,IndiGo,45,3228,581,3809
2026-08-07,2026-09-06,BOM-BLR,IndiGo,30,3659,658,4317
2026-08-07,2026-09-06,BOM-BLR,IndiGo,30,3960,712,4672
2026-08-07,2026-09-06,BOM-BLR,IndiGo,30,4401,792,5193
2026-08-07,2026-09-06,BOM-BLR,IndiGo,30,3612,650,4262
2026-08-07,2026-09-06,BOM-BLR,IndiGo,30,3476,625,4101
2026-08-07,2026-08-22,BOM-BLR,IndiGo,15,4638,834,5472
2026-08-07,2026-08-22,BOM-BLR,IndiGo,15,4803,864,5667
2026-08-07,2026-08-22,BOM-BLR,IndiGo,15,4269,768,5037
2026-08-07,2026-08-22,BOM-BLR,IndiGo,15,5013,902,5915
2026-08-07,2026-08-22,BOM-BLR,IndiGo,15,5165,929,6094
2026-08-07,2026-08-14,BOM-BLR,IndiGo,7,6554,1179,7733
2026-08-07,2026-08-14,BOM-BLR,IndiGo,7,6982,1256,8238
2026-08-07,2026-08-14,BOM-BLR,IndiGo,7,7236,1302,8538
2026-08-07,2026-08-14,BOM-BLR,IndiGo,7,6032,1085,7117
2026-08-07,2026-08-14,BOM-BLR,IndiGo,7,6609,1189,7798
2026-08-07,2026-08-08,BOM-BLR,IndiGo,1,9541,1717,11258
2026-08-07,2026-08-08,BOM-BLR,IndiGo,1,9223,1660,10883
2026-08-07,2026-08-08,BOM-BLR,IndiGo,1,9991,1798,11789
2026-08-07,2026-08-08,BOM-BLR,IndiGo,1,9376,1687,11063
2026-08-07,2026-08-08,BOM-BLR,IndiGo,1,10162,1829,11991
2026-08-07,2026-09-21,BOM-BLR,Air India,45,3686,663,4349
2026-08-07,2026-09-21,BOM-BLR,Air India,45,4099,737,4836
2026-08-07,2026-09-21,BOM-BLR,Air India,45,4265,767,5032
2026-08-07,2026-09-21,BOM-BLR,Air India,45,3740,673,4413
2026-08-07,2026-09-21,BOM-BLR,Air India,45,4075,733,4808
2026-08-07,2026-09-06,BOM-BLR,Air India,30,4010,721,4731
2026-08-07,2026-09-06,BOM-BLR,Air India,30,4569,822,5391
2026-08-07,2026-09-06,BOM-BLR,Air India,30,4573,823,5396
2026-08-07,2026-09-06,BOM-BLR,Air India,30,4897,881,5778
2026-08-07,2026-09-06,BOM-BLR,Air India,30,4215,758,4973
2026-08-07,2026-08-22,BOM-BLR,Air India,15,6095,1097,7192
2026-08-07,2026-08-22,BOM-BLR,Air India,15,4941,889,5830
2026-08-07,2026-08-22,BOM-BLR,Air India,15,5018,903,5921
2026-08-07,2026-08-22,BOM-BLR,Air India,15,5938,1068,7006
2026-08-07,2026-08-22,BOM-BLR,Air India,15,5240,943,6183
2026-08-07,2026-08-14,BOM-BLR,Air India,7,6979,1256,8235
2026-08-07,2026-08-14,BOM-BLR,Air India,7,7192,1294,8486
2026-08-07,2026-08-14,BOM-BLR,Air India,7,8114,1460,9574
2026-08-07,2026-08-14,BOM-BLR,Air India,7,7403,1332,8735
2026-08-07,2026-08-14,BOM-BLR,Air India,7,6656,1198,7854
2026-08-07,2026-08-08,BOM-BLR,Air India,1,12015,2162,14177
2026-08-07,2026-08-08,BOM-BLR,Air India,1,10388,1869,12257
2026-08-07,2026-08-08,BOM-BLR,Air India,1,9602,1728,11330
2026-08-07,2026-08-08,BOM-BLR,Air India,1,10597,1907,12504
2026-08-07,2026-08-08,BOM-BLR,Air India,1,10267,1848,12115
2026-08-07,2026-09-21,BOM-BLR,Akasa,45,3153,567,3720
2026-08-07,2026-09-21,BOM-BLR,Akasa,45,3400,612,4012
2026-08-07,2026-09-21,BOM-BLR,Akasa,45,3382,608,3990
2026-08-07,2026-09-21,BOM-BLR,Akasa,45,3257,586,3843
2026-08-07,2026-09-21,BOM-BLR,Akasa,45,3471,624,4095
2026-08-07,2026-09-06,BOM-BLR,Akasa,30,3685,663,4348
2026-08-07,2026-09-06,BOM-BLR,Akasa,30,3404,612,4016
2026-08-07,2026-09-06,BOM-BLR,Akasa,30,3529,635,4164
2026-08-07,2026-09-06,BOM-BLR,Akasa,30,3303,594,3897
2026-08-07,2026-09-06,BOM-BLR,Akasa,30,3303,594,3897
2026-08-07,2026-08-22,BOM-BLR,Akasa,15,4430,797,5227
2026-08-07,2026-08-22,BOM-BLR,Akasa,15,4841,871,5712
2026-08-07,2026-08-22,BOM-BLR,Akasa,15,4706,847,5553
2026-08-07,2026-08-22,BOM-BLR,Akasa,15,4134,744,4878
2026-08-07,2026-08-22,BOM-BLR,Akasa,15,4836,870,5706
2026-08-07,2026-08-14,BOM-BLR,Akasa,7,6179,1112,7291
2026-08-07,2026-08-14,BOM-BLR,Akasa,7,5665,1019,6684
2026-08-07,2026-08-14,BOM-BLR,Akasa,7,6282,1130,7412
2026-08-07,2026-08-14,BOM-BLR,Akasa,7,6388,1149,7537
2026-08-07,2026-08-14,BOM-BLR,Akasa,7,6567,1182,7749
2026-08-07,2026-08-08,BOM-BLR,Akasa,1,10042,1807,11849
2026-08-07,2026-08-08,BOM-BLR,Akasa,1,8842,1591,10433
2026-08-07,2026-08-08,BOM-BLR,Akasa,1,10075,1813,11888
2026-08-07,2026-08-08,BOM-BLR,Akasa,1,8260,1486,9746
2026-08-07,2026-08-08,BOM-BLR,Akasa,1,8037,1446,9483
2026-08-07,2026-09-21,BOM-BLR,SpiceJet,45,3569,642,4211
2026-08-07,2026-09-21,BOM-BLR,SpiceJet,45,3434,618,4052
2026-08-07,2026-09-21,BOM-BLR,SpiceJet,45,2931,527,3458
2026-08-07,2026-09-21,BOM-BLR,SpiceJet,45,3281,590,3871
2026-08-07,2026-09-21,BOM-BLR,SpiceJet,45,3147,566,3713
2026-08-07,2026-09-06,BOM-BLR,SpiceJet,30,3913,704,4617
2026-08-07,2026-09-06,BOM-BLR,SpiceJet,30,3578,644,4222
2026-08-07,2026-09-06,BOM-BLR,SpiceJet,30,3237,582,3819
2026-08-07,2026-09-06,BOM-BLR,SpiceJet,30,3812,686,4498
2026-08-07,2026-09-06,BOM-BLR,SpiceJet,30,3340,601,3941
2026-08-07,2026-08-22,BOM-BLR,SpiceJet,15,3853,693,4546
2026-08-07,2026-08-22,BOM-BLR,SpiceJet,15,4676,841,5517
2026-08-07,2026-08-22,BOM-BLR,SpiceJet,15,4815,866,5681
2026-08-07,2026-08-22,BOM-BLR,SpiceJet,15,4305,774,5079
2026-08-07,2026-08-22,BOM-BLR,SpiceJet,15,3976,715,4691
2026-08-07,2026-08-14,BOM-BLR,SpiceJet,7,6344,1141,7485
2026-08-07,2026-08-14,BOM-BLR,SpiceJet,7,6007,1081,7088
2026-08-07,2026-08-14,BOM-BLR,SpiceJet,7,6178,1112,7290
2026-08-07,2026-08-14,BOM-BLR,SpiceJet,7,5347,962,6309
2026-08-07,2026-08-14,BOM-BLR,SpiceJet,7,5471,984,6455
2026-08-07,2026-08-08,BOM-BLR,SpiceJet,1,7893,1420,9313
2026-08-07,2026-08-08,BOM-BLR,SpiceJet,1,9117,1641,10758
2026-08-07,2026-08-08,BOM-BLR,SpiceJet,1,8031,1445,9476
2026-08-07,2026-08-08,BOM-BLR,SpiceJet,1,8822,1587,10409
2026-08-07,2026-08-08,BOM-BLR,SpiceJet,1,8924,1606,10530
2026-08-07,2026-09-21,DEL-CCU,IndiGo,45,4379,788,5167
2026-08-07,2026-09-21,DEL-CCU,IndiGo,45,4598,827,5425
2026-08-07,2026-09-21,DEL-CCU,IndiGo,45,4836,870,5706
2026-08-07,2026-09-21,DEL-CCU,IndiGo,45,5102,918,6020
2026-08-07,2026-09-21,DEL-CCU,IndiGo,45,4915,884,5799
2026-08-07,2026-09-06,DEL-CCU,IndiGo,30,5239,943,6182
2026-08-07,2026-09-06,DEL-CCU,IndiGo,30,5692,1024,6716
2026-08-07,2026-09-06,DEL-CCU,IndiGo,30,4936,888,5824
2026-08-07,2026-09-06,DEL-CCU,IndiGo,30,5164,929,6093
2026-08-07,2026-09-06,DEL-CCU,IndiGo,30,5436,978,6414
2026-08-07,2026-08-22,DEL-CCU,IndiGo,15,6849,1232,8081
2026-08-07,2026-08-22,DEL-CCU,IndiGo,15,6559,1180,7739
2026-08-07,2026-08-22,DEL-CCU,IndiGo,15,6754,1215,7969
2026-08-07,2026-08-22,DEL-CCU,IndiGo,15,6599,1187,7786
2026-08-07,2026-08-22,DEL-CCU,IndiGo,15,6820,1227,8047
2026-08-07,2026-08-14,DEL-CCU,IndiGo,7,9417,1695,11112
2026-08-07,2026-08-14,DEL-CCU,IndiGo,7,8189,1474,9663
2026-08-07,2026-08-14,DEL-CCU,IndiGo,7,9678,1742,11420
2026-08-07,2026-08-14,DEL-CCU,IndiGo,7,8160,1468,9628
2026-08-07,2026-08-14,DEL-CCU,IndiGo,7,8403,1512,9915
2026-08-07,2026-08-08,DEL-CCU,IndiGo,1,13973,2515,16488
2026-08-07,2026-08-08,DEL-CCU,IndiGo,1,14331,2579,16910
2026-08-07,2026-08-08,DEL-CCU,IndiGo,1,14270,2568,16838
2026-08-07,2026-08-08,DEL-CCU,IndiGo,1,14546,2618,17164
2026-08-07,2026-08-08,DEL-CCU,IndiGo,1,11758,2116,13874
2026-08-07,2026-09-21,DEL-CCU,Air India,45,4997,899,5896
2026-08-07,2026-09-21,DEL-CCU,Air India,45,5849,1052,6901
2026-08-07,2026-09-21,DEL-CCU,Air India,45,5093,916,6009
2026-08-07,2026-09-21,DEL-CCU,Air India,45,6049,1088,7137
2026-08-07,2026-09-21,DEL-CCU,Air India,45,5392,970,6362
2026-08-07,2026-09-06,DEL-CCU,Air India,30,5818,1047,6865
2026-08-07,2026-09-06,DEL-CCU,Air India,30,5989,1078,7067
2026-08-07,2026-09-06,DEL-CCU,Air India,30,6916,1244,8160
2026-08-07,2026-09-06,DEL-CCU,Air India,30,6895,1241,8136
2026-08-07,2026-09-06,DEL-CCU,Air India,30,5670,1020,6690
2026-08-07,2026-08-22,DEL-CCU,Air India,15,7357,1324,8681
2026-08-07,2026-08-22,DEL-CCU,Air India,15,7533,1355,8888
2026-08-07,2026-08-22,DEL-CCU,Air India,15,7963,1433,9396
2026-08-07,2026-08-22,DEL-CCU,Air India,15,7133,1283,8416
2026-08-07,2026-08-22,DEL-CCU,Air India,15,8473,1525,9998
2026-08-07,2026-08-14,DEL-CCU,Air India,7,9108,1639,10747
2026-08-07,2026-08-14,DEL-CCU,Air India,7,9137,1644,10781
2026-08-07,2026-08-14,DEL-CCU,Air India,7,11178,2012,13190
2026-08-07,2026-08-14,DEL-CCU,Air India,7,9458,1702,11160
2026-08-07,2026-08-14,DEL-CCU,Air India,7,8970,1614,10584
2026-08-07,2026-08-08,DEL-CCU,Air India,1,14783,2660,17443
2026-08-07,2026-08-08,DEL-CCU,Air India,1,14994,2698,17692
2026-08-07,2026-08-08,DEL-CCU,Air India,1,15586,2805,18391
2026-08-07,2026-08-08,DEL-CCU,Air India,1,16714,3008,19722
2026-08-07,2026-08-08,DEL-CCU,Air India,1,15144,2725,17869
2026-08-07,2026-09-21,DEL-CCU,Akasa,45,4243,763,5006
2026-08-07,2026-09-21,DEL-CCU,Akasa,45,4314,776,5090
2026-08-07,2026-09-21,DEL-CCU,Akasa,45,4560,820,5380
2026-08-07,2026-09-21,DEL-CCU,Akasa,45,4807,865,5672
2026-08-07,2026-09-21,DEL-CCU,Akasa,45,4602,828,5430
2026-08-07,2026-09-06,DEL-CCU,Akasa,30,5283,950,6233
2026-08-07,2026-09-06,DEL-CCU,Akasa,30,5352,963,6315
2026-08-07,2026-09-06,DEL-CCU,Akasa,30,5153,927,6080
2026-08-07,2026-09-06,DEL-CCU,Akasa,30,5281,950,6231
2026-08-07,2026-09-06,DEL-CCU,Akasa,30,5423,976,6399
2026-08-07,2026-08-22,DEL-CCU,Akasa,15,6214,1118,7332
2026-08-07,2026-08-22,DEL-CCU,Akasa,15,6487,1167,7654
2026-08-07,2026-08-22,DEL-CCU,Akasa,15,6528,1175,7703
2026-08-07,2026-08-22,DEL-CCU,Akasa,15,6401,1152,7553
2026-08-07,2026-08-22,DEL-CCU,Akasa,15,6718,1209,7927
2026-08-07,2026-08-14,DEL-CCU,Akasa,7,9394,1690,11084
2026-08-07,2026-08-14,DEL-CCU,Akasa,7,8379,1508,9887
2026-08-07,2026-08-14,DEL-CCU,Akasa,7,8065,1451,9516
2026-08-07,2026-08-14,DEL-CCU,Akasa,7,8151,1467,9618
2026-08-07,2026-08-14,DEL-CCU,Akasa,7,8174,1471,9645
2026-08-07,2026-08-08,DEL-CCU,Akasa,1,12091,2176,14267
2026-08-07,2026-08-08,DEL-CCU,Akasa,1,12331,2219,14550
2026-08-07,2026-08-08,DEL-CCU,Akasa,1,13430,2417,15847
2026-08-07,2026-08-08,DEL-CCU,Akasa,1,10915,1964,12879
2026-08-07,2026-08-08,DEL-CCU,Akasa,1,11117,2001,13118
2026-08-07,2026-09-21,DEL-CCU,SpiceJet,45,4245,764,5009
2026-08-07,2026-09-21,DEL-CCU,SpiceJet,45,4879,878,5757
2026-08-07,2026-09-21,DEL-CCU,SpiceJet,45,4584,825,5409
2026-08-07,2026-09-21,DEL-CCU,SpiceJet,45,4072,732,4804
2026-08-07,2026-09-21,DEL-CCU,SpiceJet,45,4436,798,5234
2026-08-07,2026-09-06,DEL-CCU,SpiceJet,30,5235,942,6177
2026-08-07,2026-09-06,DEL-CCU,SpiceJet,30,4600,828,5428
2026-08-07,2026-09-06,DEL-CCU,SpiceJet,30,4925,886,5811
2026-08-07,2026-09-06,DEL-CCU,SpiceJet,30,5342,961,6303
2026-08-07,2026-09-06,DEL-CCU,SpiceJet,30,5388,969,6357
2026-08-07,2026-08-22,DEL-CCU,SpiceJet,15,5650,1017,6667
2026-08-07,2026-08-22,DEL-CCU,SpiceJet,15,6317,1137,7454
2026-08-07,2026-08-22,DEL-CCU,SpiceJet,15,5625,1012,6637
2026-08-07,2026-08-22,DEL-CCU,SpiceJet,15,5468,984,6452
2026-08-07,2026-08-22,DEL-CCU,SpiceJet,15,5294,952,6246
2026-08-07,2026-08-14,DEL-CCU,SpiceJet,7,7516,1352,8868
2026-08-07,2026-08-14,DEL-CCU,SpiceJet,7,7325,1318,8643
2026-08-07,2026-08-14,DEL-CCU,SpiceJet,7,8247,1484,9731
2026-08-07,2026-08-14,DEL-CCU,SpiceJet,7,8491,1528,10019
2026-08-07,2026-08-14,DEL-CCU,SpiceJet,7,7004,1260,8264
2026-08-07,2026-08-08,DEL-CCU,SpiceJet,1,10317,1857,12174
2026-08-07,2026-08-08,DEL-CCU,SpiceJet,1,12184,2193,14377
2026-08-07,2026-08-08,DEL-CCU,SpiceJet,1,11721,2109,13830
2026-08-07,2026-08-08,DEL-CCU,SpiceJet,1,11204,2016,13220
2026-08-07,2026-08-08,DEL-CCU,SpiceJet,1,12731,2291,15022
2026-08-07,2026-09-21,BLR-HYD,IndiGo,45,2704,486,3190
2026-08-07,2026-09-21,BLR-HYD,IndiGo,45,2977,535,3512
2026-08-07,2026-09-21,BLR-HYD,IndiGo,45,2947,530,3477
2026-08-07,2026-09-21,BLR-HYD,IndiGo,45,2665,479,3144
2026-08-07,2026-09-21,BLR-HYD,IndiGo,45,3010,541,3551
2026-08-07,2026-09-06,BLR-HYD,IndiGo,30,3188,573,3761
2026-08-07,2026-09-06,BLR-HYD,IndiGo,30,3269,588,3857
2026-08-07,2026-09-06,BLR-HYD,IndiGo,30,3078,554,3632
2026-08-07,2026-09-06,BLR-HYD,IndiGo,30,3146,566,3712
2026-08-07,2026-09-06,BLR-HYD,IndiGo,30,3253,585,3838
2026-08-07,2026-08-22,BLR-HYD,IndiGo,15,4087,735,4822
2026-08-07,2026-08-22,BLR-HYD,IndiGo,15,3432,617,4049
2026-08-07,2026-08-22,BLR-HYD,IndiGo,15,3487,627,4114
2026-08-07,2026-08-22,BLR-HYD,IndiGo,15,4147,746,4893
2026-08-07,2026-08-22,BLR-HYD,IndiGo,15,3816,686,4502
2026-08-07,2026-08-14,BLR-HYD,IndiGo,7,4831,869,5700
2026-08-07,2026-08-14,BLR-HYD,IndiGo,7,4785,861,5646
2026-08-07,2026-08-14,BLR-HYD,IndiGo,7,4878,878,5756
2026-08-07,2026-08-14,BLR-HYD,IndiGo,7,5720,1029,6749
2026-08-07,2026-08-14,BLR-HYD,IndiGo,7,5114,920,6034
2026-08-07,2026-08-08,BLR-HYD,IndiGo,1,7466,1343,8809
2026-08-07,2026-08-08,BLR-HYD,IndiGo,1,8416,1514,9930
2026-08-07,2026-08-08,BLR-HYD,IndiGo,1,7557,1360,8917
2026-08-07,2026-08-08,BLR-HYD,IndiGo,1,7711,1387,9098
2026-08-07,2026-08-08,BLR-HYD,IndiGo,1,6818,1227,8045
2026-08-07,2026-09-21,BLR-HYD,Air India,45,2987,537,3524
2026-08-07,2026-09-21,BLR-HYD,Air India,45,3486,627,4113
2026-08-07,2026-09-21,BLR-HYD,Air India,45,3064,551,3615
2026-08-07,2026-09-21,BLR-HYD,Air India,45,3200,576,3776
2026-08-07,2026-09-21,BLR-HYD,Air India,45,3187,573,3760
2026-08-07,2026-09-06,BLR-HYD,Air India,30,3773,679,4452
2026-08-07,2026-09-06,BLR-HYD,Air India,30,3444,619,4063
2026-08-07,2026-09-06,BLR-HYD,Air India,30,3446,620,4066
2026-08-07,2026-09-06,BLR-HYD,Air India,30,3805,684,4489
2026-08-07,2026-09-06,BLR-HYD,Air India,30,3754,675,4429
2026-08-07,2026-08-22,BLR-HYD,Air India,15,3937,708,4645
2026-08-07,2026-08-22,BLR-HYD,Air India,15,4781,860,5641
2026-08-07,2026-08-22,BLR-HYD,Air India,15,4316,776,5092
2026-08-07,2026-08-22,BLR-HYD,Air India,15,4478,806,5284
2026-08-07,2026-08-22,BLR-HYD,Air India,15,3992,718,4710
2026-08-07,2026-08-14,BLR-HYD,Air India,7,6662,1199,7861
2026-08-07,2026-08-14,BLR-HYD,Air India,7,5365,965,6330
2026-08-07,2026-08-14,BLR-HYD,Air India,7,5369,966,6335
2026-08-07,2026-08-14,BLR-HYD,Air India,7,5311,955,6266
2026-08-07,2026-08-14,BLR-HYD,Air India,7,5940,1069,7009
2026-08-07,2026-08-08,BLR-HYD,Air India,1,9434,1698,11132
2026-08-07,2026-08-08,BLR-HYD,Air India,1,7936,1428,9364
2026-08-07,2026-08-08,BLR-HYD,Air India,1,7781,1400,9181
2026-08-07,2026-08-08,BLR-HYD,Air India,1,9283,1670,10953
2026-08-07,2026-08-08,BLR-HYD,Air India,1,9688,1743,11431
2026-08-07,2026-09-21,BLR-HYD,Akasa,45,2458,442,2900
2026-08-07,2026-09-21,BLR-HYD,Akasa,45,2693,484,3177
2026-08-07,2026-09-21,BLR-HYD,Akasa,45,2692,484,3176
2026-08-07,2026-09-21,BLR-HYD,Akasa,45,3056,550,3606
2026-08-07,2026-09-21,BLR-HYD,Akasa,45,2897,521,3418
2026-08-07,2026-09-06,BLR-HYD,Akasa,30,2802,504,3306
2026-08-07,2026-09-06,BLR-HYD,Akasa,30,3288,591,3879
2026-08-07,2026-09-06,BLR-HYD,Akasa,30,3024,544,3568
2026-08-07,2026-09-06,BLR-HYD,Akasa,30,3125,562,3687
2026-08-07,2026-09-06,BLR-HYD,Akasa,30,2706,487,3193
2026-08-07,2026-08-22,BLR-HYD,Akasa,15,3377,607,3984
2026-08-07,2026-08-22,BLR-HYD,Akasa,15,3756,676,4432
2026-08-07,2026-08-22,BLR-HYD,Akasa,15,4024,724,4748
2026-08-07,2026-08-22,BLR-HYD,Akasa,15,3642,655,4297
2026-08-07,2026-08-22,BLR-HYD,Akasa,15,4106,739,4845
2026-08-07,2026-08-14,BLR-HYD,Akasa,7,5475,985,6460
2026-08-07,2026-08-14,BLR-HYD,Akasa,7,4882,878,5760
2026-08-07,2026-08-14,BLR-HYD,Akasa,7,5116,920,6036
2026-08-07,2026-08-14,BLR-HYD,Akasa,7,4865,875,5740
2026-08-07,2026-08-14,BLR-HYD,Akasa,7,4830,869,5699
2026-08-07,2026-08-08,BLR-HYD,Akasa,1,6694,1204,7898
2026-08-07,2026-08-08,BLR-HYD,Akasa,1,6998,1259,8257
2026-08-07,2026-08-08,BLR-HYD,Akasa,1,7071,1272,8343
2026-08-07,2026-08-08,BLR-HYD,Akasa,1,6661,1198,7859
2026-08-07,2026-08-08,BLR-HYD,Akasa,1,7564,1361,8925
2026-08-07,2026-09-21,BLR-HYD,SpiceJet,45,2350,423,2773
2026-08-07,2026-09-21,BLR-HYD,SpiceJet,45,2658,478,3136
2026-08-07,2026-09-21,BLR-HYD,SpiceJet,45,2369,426,2795
2026-08-07,2026-09-21,BLR-HYD,SpiceJet,45,2633,473,3106
2026-08-07,2026-09-21,BLR-HYD,SpiceJet,45,2410,433,2843
2026-08-07,2026-09-06,BLR-HYD,SpiceJet,30,2579,464,3043
2026-08-07,2026-09-06,BLR-HYD,SpiceJet,30,2887,519,3406
2026-08-07,2026-09-06,BLR-HYD,SpiceJet,30,2975,535,3510
2026-08-07,2026-09-06,BLR-HYD,SpiceJet,30,3020,543,3563
2026-08-07,2026-09-06,BLR-HYD,SpiceJet,30,2540,457,2997
2026-08-07,2026-08-22,BLR-HYD,SpiceJet,15,3456,622,4078
2026-08-07,2026-08-22,BLR-HYD,SpiceJet,15,3214,578,3792
2026-08-07,2026-08-22,BLR-HYD,SpiceJet,15,3209,577,3786
2026-08-07,2026-08-22,BLR-HYD,SpiceJet,15,3336,600,3936
2026-08-07,2026-08-22,BLR-HYD,SpiceJet,15,3092,556,3648
2026-08-07,2026-08-14,BLR-HYD,SpiceJet,7,4965,893,5858
2026-08-07,2026-08-14,BLR-HYD,SpiceJet,7,5155,927,6082
2026-08-07,2026-08-14,BLR-HYD,SpiceJet,7,4543,817,5360
2026-08-07,2026-08-14,BLR-HYD,SpiceJet,7,4833,869,5702
2026-08-07,2026-08-14,BLR-HYD,SpiceJet,7,4795,863,5658
2026-08-07,2026-08-08,BLR-HYD,SpiceJet,1,6561,1180,7741
2026-08-07,2026-08-08,BLR-HYD,SpiceJet,1,6369,1146,7515
2026-08-07,2026-08-08,BLR-HYD,SpiceJet,1,6205,1116,7321
2026-08-07,2026-08-08,BLR-HYD,SpiceJet,1,7401,1332,8733
2026-08-07,2026-08-08,BLR-HYD,SpiceJet,1,6922,1245,8167
2026-08-08,2026-09-22,DEL-BOM,IndiGo,45,4277,769,5046
2026-08-08,2026-09-22,DEL-BOM,IndiGo,45,4338,780,5118
2026-08-08,2026-09-22,DEL-BOM,IndiGo,45,4603,828,5431
2026-08-08,2026-09-22,DEL-BOM,IndiGo,45,4591,826,5417
2026-08-08,2026-09-22,DEL-BOM,IndiGo,45,4038,726,4764
2026-08-08,2026-09-07,DEL-BOM,IndiGo,30,4692,844,5536
2026-08-08,2026-09-07,DEL-BOM,IndiGo,30,5268,948,6216
2026-08-08,2026-09-07,DEL-BOM,IndiGo,30,4160,748,4908
2026-08-08,2026-09-07,DEL-BOM,IndiGo,30,4956,892,5848
2026-08-08,2026-09-07,DEL-BOM,IndiGo,30,4972,894,5866
2026-08-08,2026-08-23,DEL-BOM,IndiGo,15,5863,1055,6918
2026-08-08,2026-08-23,DEL-BOM,IndiGo,15,6410,1153,7563
2026-08-08,2026-08-23,DEL-BOM,IndiGo,15,6362,1145,7507
2026-08-08,2026-08-23,DEL-BOM,IndiGo,15,5682,1022,6704
2026-08-08,2026-08-23,DEL-BOM,IndiGo,15,6451,1161,7612
2026-08-08,2026-08-15,DEL-BOM,IndiGo,7,8254,1485,9739
2026-08-08,2026-08-15,DEL-BOM,IndiGo,7,8472,1524,9996
2026-08-08,2026-08-15,DEL-BOM,IndiGo,7,6918,1245,8163
2026-08-08,2026-08-15,DEL-BOM,IndiGo,7,8457,1522,9979
2026-08-08,2026-08-15,DEL-BOM,IndiGo,7,7019,1263,8282
2026-08-08,2026-08-09,DEL-BOM,IndiGo,1,11163,2009,13172
2026-08-08,2026-08-09,DEL-BOM,IndiGo,1,12592,2266,14858
2026-08-08,2026-08-09,DEL-BOM,IndiGo,1,11195,2015,13210
2026-08-08,2026-08-09,DEL-BOM,IndiGo,1,11408,2053,13461
2026-08-08,2026-08-09,DEL-BOM,IndiGo,1,10865,1955,12820
2026-08-08,2026-09-22,DEL-BOM,Air India,45,4497,809,5306
2026-08-08,2026-09-22,DEL-BOM,Air India,45,4702,846,5548
2026-08-08,2026-09-22,DEL-BOM,Air India,45,4813,866,5679
2026-08-08,2026-09-22,DEL-BOM,Air India,45,5553,999,6552
2026-08-08,2026-09-22,DEL-BOM,Air India,45,5165,929,6094
2026-08-08,2026-09-07,DEL-BOM,Air India,30,5082,914,5996
2026-08-08,2026-09-07,DEL-BOM,Air India,30,4828,869,5697
2026-08-08,2026-09-07,DEL-BOM,Air India,30,5374,967,6341
2026-08-08,2026-09-07,DEL-BOM,Air India,30,5023,904,5927
2026-08-08,2026-09-07,DEL-BOM,Air India,30,5488,987,6475
2026-08-08,2026-08-23,DEL-BOM,Air India,15,7293,1312,8605
2026-08-08,2026-08-23,DEL-BOM,Air India,15,6578,1184,7762
2026-08-08,2026-08-23,DEL-BOM,Air India,15,6910,1243,8153
2026-08-08,2026-08-23,DEL-BOM,Air India,15,6952,1251,8203
2026-08-08,2026-08-23,DEL-BOM,Air India,15,6909,1243,8152
2026-08-08,2026-08-15,DEL-BOM,Air India,7,7986,1437,9423
2026-08-08,2026-08-15,DEL-BOM,Air India,7,9122,1641,10763
2026-08-08,2026-08-15,DEL-BOM,Air India,7,8329,1499,9828
2026-08-08,2026-08-15,DEL-BOM,Air India,7,8787,1581,10368
2026-08-08,2026-08-15,DEL-BOM,Air India,7,7837,1410,9247
2026-08-08,2026-08-09,DEL-BOM,Air India,1,12657,2278,14935
2026-08-08,2026-08-09,DEL-BOM,Air India,1,11784,2121,13905
2026-08-08,2026-08-09,DEL-BOM,Air India,1,11644,2095,13739
2026-08-08,2026-08-09,DEL-BOM,Air India,1,11576,2083,13659
2026-08-08,2026-08-09,DEL-BOM,Air India,1,13819,2487,16306
2026-08-08,2026-09-22,DEL-BOM,Akasa,45,4413,794,5207
2026-08-08,2026-09-22,DEL-BOM,Akasa,45,4158,748,4906
2026-08-08,2026-09-22,DEL-BOM,Akasa,45,3888,699,4587
2026-08-08,2026-09-22,DEL-BOM,Akasa,45,4414,794,5208
2026-08-08,2026-09-22,DEL-BOM,Akasa,45,3726,670,4396
2026-08-08,2026-09-07,DEL-BOM,Akasa,30,4172,750,4922
2026-08-08,2026-09-07,DEL-BOM,Akasa,30,4124,742,4866
2026-08-08,2026-09-07,DEL-BOM,Akasa,30,4259,766,5025
2026-08-08,2026-09-07,DEL-BOM,Akasa,30,5017,903,5920
2026-08-08,2026-09-07,DEL-BOM,Akasa,30,4374,787,5161
2026-08-08,2026-08-23,DEL-BOM,Akasa,15,5465,983,6448
2026-08-08,2026-08-23,DEL-BOM,Akasa,15,5792,1042,6834
2026-08-08,2026-08-23,DEL-BOM,Akasa,15,6134,1104,7238
2026-08-08,2026-08-23,DEL-BOM,Akasa,15,5594,1006,6600
2026-08-08,2026-08-23,DEL-BOM,Akasa,15,5250,945,6195
2026-08-08,2026-08-15,DEL-BOM,Akasa,7,6666,1199,7865
2026-08-08,2026-08-15,DEL-BOM,Akasa,7,7812,1406,9218
2026-08-08,2026-08-15,DEL-BOM,Akasa,7,7503,1350,8853
2026-08-08,2026-08-15,DEL-BOM,Akasa,7,8092,1456,9548
2026-08-08,2026-08-15,DEL-BOM,Akasa,7,8084,1455,9539
2026-08-08,2026-08-09,DEL-BOM,Akasa,1,10723,1930,12653
2026-08-08,2026-08-09,DEL-BOM,Akasa,1,10444,1879,12323
2026-08-08,2026-08-09,DEL-BOM,Akasa,1,10581,1904,12485
2026-08-08,2026-08-09,DEL-BOM,Akasa,1,10466,1883,12349
2026-08-08,2026-08-09,DEL-BOM,Akasa,1,11082,1994,13076
2026-08-08,2026-09-22,DEL-BOM,SpiceJet,45,3982,716,4698
2026-08-08,2026-09-22,DEL-BOM,SpiceJet,45,3805,684,4489
2026-08-08,2026-09-22,DEL-BOM,SpiceJet,45,3891,700,4591
2026-08-08,2026-09-22,DEL-BOM,SpiceJet,45,3507,631,4138
2026-08-08,2026-09-22,DEL-BOM,SpiceJet,45,3797,683,4480
2026-08-08,2026-09-07,DEL-BOM,SpiceJet,30,4122,741,4863
2026-08-08,2026-09-07,DEL-BOM,SpiceJet,30,3920,705,4625
2026-08-08,2026-09-07,DEL-BOM,SpiceJet,30,4152,747,4899
2026-08-08,2026-09-07,DEL-BOM,SpiceJet,30,4350,783,5133
2026-08-08,2026-09-07,DEL-BOM,SpiceJet,30,4283,770,5053
2026-08-08,2026-08-23,DEL-BOM,SpiceJet,15,5040,907,5947
2026-08-08,2026-08-23,DEL-BOM,SpiceJet,15,5020,903,5923
2026-08-08,2026-08-23,DEL-BOM,SpiceJet,15,5221,939,6160
2026-08-08,2026-08-23,DEL-BOM,SpiceJet,15,4675,841,5516
2026-08-08,2026-08-23,DEL-BOM,SpiceJet,15,4694,844,5538
2026-08-08,2026-08-15,DEL-BOM,SpiceJet,7,6456,1162,7618
2026-08-08,2026-08-15,DEL-BOM,SpiceJet,7,6270,1128,7398
2026-08-08,2026-08-15,DEL-BOM,SpiceJet,7,6390,1150,7540
2026-08-08,2026-08-15,DEL-BOM,SpiceJet,7,7744,1393,9137
2026-08-08,2026-08-15,DEL-BOM,SpiceJet,7,6521,1173,7694
2026-08-08,2026-08-09,DEL-BOM,SpiceJet,1,9580,1724,11304
2026-08-08,2026-08-09,DEL-BOM,SpiceJet,1,11247,2024,13271
2026-08-08,2026-08-09,DEL-BOM,SpiceJet,1,11117,2001,13118
2026-08-08,2026-08-09,DEL-BOM,SpiceJet,1,9300,1674,10974
2026-08-08,2026-08-09,DEL-BOM,SpiceJet,1,10895,1961,12856
2026-08-08,2026-09-22,DEL-BLR,IndiGo,45,6200,1116,7316
2026-08-08,2026-09-22,DEL-BLR,IndiGo,45,5091,916,6007
2026-08-08,2026-09-22,DEL-BLR,IndiGo,45,5371,966,6337
2026-08-08,2026-09-22,DEL-BLR,IndiGo,45,6199,1115,7314
2026-08-08,2026-09-22,DEL-BLR,IndiGo,45,5761,1036,6797
2026-08-08,2026-09-07,DEL-BLR,IndiGo,30,6709,1207,7916
2026-08-08,2026-09-07,DEL-BLR,IndiGo,30,6313,1136,7449
2026-08-08,2026-09-07,DEL-BLR,IndiGo,30,6405,1152,7557
2026-08-08,2026-09-07,DEL-BLR,IndiGo,30,5531,995,6526
2026-08-08,2026-09-07,DEL-BLR,IndiGo,30,6027,1084,7111
2026-08-08,2026-08-23,DEL-BLR,IndiGo,15,8186,1473,9659
2026-08-08,2026-08-23,DEL-BLR,IndiGo,15,7011,1261,8272
2026-08-08,2026-08-23,DEL-BLR,IndiGo,15,7832,1409,9241
2026-08-08,2026-08-23,DEL-BLR,IndiGo,15,7992,1438,9430
2026-08-08,2026-08-23,DEL-BLR,IndiGo,15,8297,1493,9790
2026-08-08,2026-08-15,DEL-BLR,IndiGo,7,11115,2000,13115
2026-08-08,2026-08-15,DEL-BLR,IndiGo,7,10995,1979,12974
2026-08-08,2026-08-15,DEL-BLR,IndiGo,7,11345,2042,13387
2026-08-08,2026-08-15,DEL-BLR,IndiGo,7,10789,1942,12731
2026-08-08,2026-08-15,DEL-BLR,IndiGo,7,10213,1838,12051
2026-08-08,2026-08-09,DEL-BLR,IndiGo,1,15439,2779,18218
2026-08-08,2026-08-09,DEL-BLR,IndiGo,1,15197,2735,17932
2026-08-08,2026-08-09,DEL-BLR,IndiGo,1,15101,2718,17819
2026-08-08,2026-08-09,DEL-BLR,IndiGo,1,15036,2706,17742
2026-08-08,2026-08-09,DEL-BLR,IndiGo,1,14353,2583,16936
2026-08-08,2026-09-22,DEL-BLR,Air India,45,5733,1031,6764
2026-08-08,2026-09-22,DEL-BLR,Air India,45,6116,1100,7216
2026-08-08,2026-09-22,DEL-BLR,Air India,45,6953,1251,8204
2026-08-08,2026-09-22,DEL-BLR,Air India,45,6975,1255,8230
2026-08-08,2026-09-22,DEL-BLR,Air India,45,5788,1041,6829
2026-08-08,2026-09-07,DEL-BLR,Air India,30,7889,1420,9309
2026-08-08,2026-09-07,DEL-BLR,Air India,30,7945,1430,9375
2026-08-08,2026-09-07,DEL-BLR,Air India,30,6818,1227,8045
2026-08-08,2026-09-07,DEL-BLR,Air India,30,7496,1349,8845
2026-08-08,2026-09-07,DEL-BLR,Air India,30,6322,1137,7459
2026-08-08,2026-08-23,DEL-BLR,Air India,15,9094,1636,10730
2026-08-08,2026-08-23,DEL-BLR,Air India,15,8873,1597,10470
2026-08-08,2026-08-23,DEL-BLR,Air India,15,9796,1763,11559
2026-08-08,2026-08-23,DEL-BLR,Air India,15,8360,1504,9864
2026-08-08,2026-08-23,DEL-BLR,Air India,15,9320,1677,10997
2026-08-08,2026-08-15,DEL-BLR,Air India,7,12714,2288,15002
2026-08-08,2026-08-15,DEL-BLR,Air India,7,12806,2305,15111
2026-08-08,2026-08-15,DEL-BLR,Air India,7,11585,2085,13670
2026-08-08,2026-08-15,DEL-BLR,Air India,7,10333,1859,12192
2026-08-08,2026-08-15,DEL-BLR,Air India,7,12029,2165,14194
2026-08-08,2026-08-09,DEL-BLR,Air India,1,18038,3246,21284
2026-08-08,2026-08-09,DEL-BLR,Air India,1,15902,2862,18764
2026-08-08,2026-08-09,DEL-BLR,Air India,1,18128,3263,21391
2026-08-08,2026-08-09,DEL-BLR,Air India,1,18570,3342,21912
2026-08-08,2026-08-09,DEL-BLR,Air India,1,15143,2725,17868
2026-08-08,2026-09-22,DEL-BLR,Akasa,45,5252,945,6197
2026-08-08,2026-09-22,DEL-BLR,Akasa,45,4926,886,5812
2026-08-08,2026-09-22,DEL-BLR,Akasa,45,4906,883,5789
2026-08-08,2026-09-22,DEL-BLR,Akasa,45,5178,932,6110
2026-08-08,2026-09-22,DEL-BLR,Akasa,45,5278,950,6228
2026-08-08,2026-09-07,DEL-BLR,Akasa,30,5732,1031,6763
2026-08-08,2026-09-07,DEL-BLR,Akasa,30,6177,1111,7288
2026-08-08,2026-09-07,DEL-BLR,Akasa,30,6340,1141,7481
2026-08-08,2026-09-07,DEL-BLR,Akasa,30,5207,937,6144
2026-08-08,2026-09-07,DEL-BLR,Akasa,30,5339,961,6300
2026-08-08,2026-08-23,DEL-BLR,Akasa,15,7686,1383,9069
2026-08-08,2026-08-23,DEL-BLR,Akasa,15,7564,1361,8925
2026-08-08,2026-08-23,DEL-BLR,Akasa,15,7834,1410,9244
2026-08-08,2026-08-23,DEL-BLR,Akasa,15,8086,1455,9541
2026-08-08,2026-08-23,DEL-BLR,Akasa,15,8062,1451,9513
2026-08-08,2026-08-15,DEL-BLR,Akasa,7,9893,1780,11673
2026-08-08,2026-08-15,DEL-BLR,Akasa,7,9954,1791,11745
2026-08-08,2026-08-15,DEL-BLR,Akasa,7,9335,1680,11015
2026-08-08,2026-08-15,DEL-BLR,Akasa,7,8567,1542,10109
2026-08-08,2026-08-15,DEL-BLR,Akasa,7,9312,1676,10988
2026-08-08,2026-08-09,DEL-BLR,Akasa,1,15788,2841,18629
2026-08-08,2026-08-09,DEL-BLR,Akasa,1,12652,2277,14929
2026-08-08,2026-08-09,DEL-BLR,Akasa,1,13690,2464,16154
2026-08-08,2026-08-09,DEL-BLR,Akasa,1,15400,2772,18172
2026-08-08,2026-08-09,DEL-BLR,Akasa,1,15774,2839,18613
2026-08-08,2026-09-22,DEL-BLR,SpiceJet,45,4721,849,5570
2026-08-08,2026-09-22,DEL-BLR,SpiceJet,45,5286,951,6237
2026-08-08,2026-09-22,DEL-BLR,SpiceJet,45,4616,830,5446
2026-08-08,2026-09-22,DEL-BLR,SpiceJet,45,4461,802,5263
2026-08-08,2026-09-22,DEL-BLR,SpiceJet,45,5098,917,6015
2026-08-08,2026-09-07,DEL-BLR,SpiceJet,30,5858,1054,6912
2026-08-08,2026-09-07,DEL-BLR,SpiceJet,30,5882,1058,6940
2026-08-08,2026-09-07,DEL-BLR,SpiceJet,30,6246,1124,7370
2026-08-08,2026-09-07,DEL-BLR,SpiceJet,30,4953,891,5844
2026-08-08,2026-09-07,DEL-BLR,SpiceJet,30,5188,933,6121
2026-08-08,2026-08-23,DEL-BLR,SpiceJet,15,7229,1301,8530
2026-08-08,2026-08-23,DEL-BLR,SpiceJet,15,6399,1151,7550
2026-08-08,2026-08-23,DEL-BLR,SpiceJet,15,7403,1332,8735
2026-08-08,2026-08-23,DEL-BLR,SpiceJet,15,6352,1143,7495
2026-08-08,2026-08-23,DEL-BLR,SpiceJet,15,7454,1341,8795
2026-08-08,2026-08-15,DEL-BLR,SpiceJet,7,9006,1621,10627
2026-08-08,2026-08-15,DEL-BLR,SpiceJet,7,8538,1536,10074
2026-08-08,2026-08-15,DEL-BLR,SpiceJet,7,8704,1566,10270
2026-08-08,2026-08-15,DEL-BLR,SpiceJet,7,8108,1459,9567
2026-08-08,2026-08-15,DEL-BLR,SpiceJet,7,8926,1606,10532
2026-08-08,2026-08-09,DEL-BLR,SpiceJet,1,14194,2554,16748
2026-08-08,2026-08-09,DEL-BLR,SpiceJet,1,13990,2518,16508
2026-08-08,2026-08-09,DEL-BLR,SpiceJet,1,12033,2165,14198
2026-08-08,2026-08-09,DEL-BLR,SpiceJet,1,12100,2178,14278
2026-08-08,2026-08-09,DEL-BLR,SpiceJet,1,14207,2557,16764
2026-08-08,2026-09-22,BOM-BLR,IndiGo,45,3718,669,4387
2026-08-08,2026-09-22,BOM-BLR,IndiGo,45,3960,712,4672
2026-08-08,2026-09-22,BOM-BLR,IndiGo,45,3588,645,4233
2026-08-08,2026-09-22,BOM-BLR,IndiGo,45,3980,716,4696
2026-08-08,2026-09-22,BOM-BLR,IndiGo,45,3567,642,4209
2026-08-08,2026-09-07,BOM-BLR,IndiGo,30,4315,776,5091
2026-08-08,2026-09-07,BOM-BLR,IndiGo,30,4367,786,5153
2026-08-08,2026-09-07,BOM-BLR,IndiGo,30,4151,747,4898
2026-08-08,2026-09-07,BOM-BLR,IndiGo,30,3769,678,4447
2026-08-08,2026-09-07,BOM-BLR,IndiGo,30,4237,762,4999
2026-08-08,2026-08-23,BOM-BLR,IndiGo,15,4886,879,5765
2026-08-08,2026-08-23,BOM-BLR,IndiGo,15,4553,819,5372
2026-08-08,2026-08-23,BOM-BLR,IndiGo,15,4818,867,5685
2026-08-08,2026-08-23,BOM-BLR,IndiGo,15,4517,813,5330
2026-08-08,2026-08-23,BOM-BLR,IndiGo,15,5295,953,6248
2026-08-08,2026-08-15,BOM-BLR,IndiGo,7,6032,1085,7117
2026-08-08,2026-08-15,BOM-BLR,IndiGo,7,6484,1167,7651
2026-08-08,2026-08-15,BOM-BLR,IndiGo,7,6789,1222,8011
2026-08-08,2026-08-15,BOM-BLR,IndiGo,7,6888,1239,8127
2026-08-08,2026-08-15,BOM-BLR,IndiGo,7,6081,1094,7175
2026-08-08,2026-08-09,BOM-BLR,IndiGo,1,8723,1570,10293
2026-08-08,2026-08-09,BOM-BLR,IndiGo,1,8553,1539,10092
2026-08-08,2026-08-09,BOM-BLR,IndiGo,1,10418,1875,12293
2026-08-08,2026-08-09,BOM-BLR,IndiGo,1,8684,1563,10247
2026-08-08,2026-08-09,BOM-BLR,IndiGo,1,9245,1664,10909
2026-08-08,2026-09-22,BOM-BLR,Air India,45,4397,791,5188
2026-08-08,2026-09-22,BOM-BLR,Air India,45,3839,691,4530
2026-08-08,2026-09-22,BOM-BLR,Air India,45,3774,679,4453
2026-08-08,2026-09-22,BOM-BLR,Air India,45,4601,828,5429
2026-08-08,2026-09-22,BOM-BLR,Air India,45,4392,790,5182
2026-08-08,2026-09-07,BOM-BLR,Air India,30,3990,718,4708
2026-08-08,2026-09-07,BOM-BLR,Air India,30,4778,860,5638
2026-08-08,2026-09-07,BOM-BLR,Air India,30,4377,787,5164
2026-08-08,2026-09-07,BOM-BLR,Air India,30,4605,828,5433
2026-08-08,2026-09-07,BOM-BLR,Air India,30,5057,910,5967
2026-08-08,2026-08-23,BOM-BLR,Air India,15,5678,1022,6700
2026-08-08,2026-08-23,BOM-BLR,Air India,15,5758,1036,6794
2026-08-08,2026-08-23,BOM-BLR,Air India,15,5221,939,6160
2026-08-08,2026-08-23,BOM-BLR,Air India,15,5266,947,6213
2026-08-08,2026-08-23,BOM-BLR,Air India,15,5786,1041,6827
2026-08-08,2026-08-15,BOM-BLR,Air India,7,6578,1184,7762
2026-08-08,2026-08-15,BOM-BLR,Air India,7,7609,1369,8978
2026-08-08,2026-08-15,BOM-BLR,Air India,7,6971,1254,8225
2026-08-08,2026-08-15,BOM-BLR,Air India,7,8171,1470,9641
2026-08-08,2026-08-15,BOM-BLR,Air India,7,6663,1199,7862
2026-08-08,2026-08-09,BOM-BLR,Air India,1,10660,1918,12578
2026-08-08,2026-08-09,BOM-BLR,Air India,1,11331,2039,13370
2026-08-08,2026-08-09,BOM-BLR,Air India,1,11776,2119,13895
2026-08-08,2026-08-09,BOM-BLR,Air India,1,11852,2133,13985
2026-08-08,2026-08-09,BOM-BLR,Air India,1,11642,2095,13737
2026-08-08,2026-09-22,BOM-BLR,Akasa,45,3345,602,3947
2026-08-08,2026-09-22,BOM-BLR,Akasa,45,3729,671,4400
2026-08-08,2026-09-22,BOM-BLR,Akasa,45,3207,577,3784
2026-08-08,2026-09-22,BOM-BLR,Akasa,45,3151,567,3718
2026-08-08,2026-09-22,BOM-BLR,Akasa,45,3117,561,3678
2026-08-08,2026-09-07,BOM-BLR,Akasa,30,3839,691,4530
2026-08-08,2026-09-07,BOM-BLR,Akasa,30,3827,688,4515
2026-08-08,2026-09-07,BOM-BLR,Akasa,30,3785,681,4466
2026-08-08,2026-09-07,BOM-BLR,Akasa,30,3519,633,4152
2026-08-08,2026-09-07,BOM-BLR,Akasa,30,3898,701,4599
2026-08-08,2026-08-23,BOM-BLR,Akasa,15,4978,896,5874
2026-08-08,2026-08-23,BOM-BLR,Akasa,15,4421,795,5216
2026-08-08,2026-08-23,BOM-BLR,Akasa,15,4431,797,5228
2026-08-08,2026-08-23,BOM-BLR,Akasa,15,4494,808,5302
2026-08-08,2026-08-23,BOM-BLR,Akasa,15,4065,731,4796
2026-08-08,2026-08-15,BOM-BLR,Akasa,7,6808,1225,8033
2026-08-08,2026-08-15,BOM-BLR,Akasa,7,6260,1126,7386
2026-08-08,2026-08-15,BOM-BLR,Akasa,7,5840,1051,6891
2026-08-08,2026-08-15,BOM-BLR,Akasa,7,5556,1000,6556
2026-08-08,2026-08-15,BOM-BLR,Akasa,7,5859,1054,6913
2026-08-08,2026-08-09,BOM-BLR,Akasa,1,9051,1629,10680
2026-08-08,2026-08-09,BOM-BLR,Akasa,1,9600,1728,11328
2026-08-08,2026-08-09,BOM-BLR,Akasa,1,9141,1645,10786
2026-08-08,2026-08-09,BOM-BLR,Akasa,1,8845,1592,10437
2026-08-08,2026-08-09,BOM-BLR,Akasa,1,9159,1648,10807
2026-08-08,2026-09-22,BOM-BLR,SpiceJet,45,2970,534,3504
2026-08-08,2026-09-22,BOM-BLR,SpiceJet,45,3612,650,4262
2026-08-08,2026-09-22,BOM-BLR,SpiceJet,45,3389,610,3999
2026-08-08,2026-09-22,BOM-BLR,SpiceJet,45,2978,536,3514
2026-08-08,2026-09-22,BOM-BLR,SpiceJet,45,3255,585,3840
2026-08-08,2026-09-07,BOM-BLR,SpiceJet,30,3561,640,4201
2026-08-08,2026-09-07,BOM-BLR,SpiceJet,30,3952,711,4663
2026-08-08,2026-09-07,BOM-BLR,SpiceJet,30,3588,645,4233
2026-08-08,2026-09-07,BOM-BLR,SpiceJet,30,3489,628,4117
2026-08-08,2026-09-07,BOM-BLR,SpiceJet,30,3662,659,4321
2026-08-08,2026-08-23,BOM-BLR,SpiceJet,15,4588,825,5413
2026-08-08,2026-08-23,BOM-BLR,SpiceJet,15,4171,750,4921
2026-08-08,2026-08-23,BOM-BLR,SpiceJet,15,4591,826,5417
2026-08-08,2026-08-23,BOM-BLR,SpiceJet,15,4633,833,5466
2026-08-08,2026-08-23,BOM-BLR,SpiceJet,15,4053,729,4782
2026-08-08,2026-08-15,BOM-BLR,SpiceJet,7,6121,1101,7222
2026-08-08,2026-08-15,BOM-BLR,SpiceJet,7,5947,1070,7017
2026-08-08,2026-08-15,BOM-BLR,SpiceJet,7,5436,978,6414
2026-08-08,2026-08-15,BOM-BLR,SpiceJet,7,5760,1036,6796
2026-08-08,2026-08-15,BOM-BLR,SpiceJet,7,5965,1073,7038
2026-08-08,2026-08-09,BOM-BLR,SpiceJet,1,8509,1531,10040
2026-08-08,2026-08-09,BOM-BLR,SpiceJet,1,8011,1441,9452
2026-08-08,2026-08-09,BOM-BLR,SpiceJet,1,8469,1524,9993
2026-08-08,2026-08-09,BOM-BLR,SpiceJet,1,7975,1435,9410
2026-08-08,2026-08-09,BOM-BLR,SpiceJet,1,7616,1370,8986
2026-08-08,2026-09-22,DEL-CCU,IndiGo,45,4894,880,5774
2026-08-08,2026-09-22,DEL-CCU,IndiGo,45,5255,945,6200
2026-08-08,2026-09-22,DEL-CCU,IndiGo,45,5285,951,6236
2026-08-08,2026-09-22,DEL-CCU,IndiGo,45,4448,800,5248
2026-08-08,2026-09-22,DEL-CCU,IndiGo,45,4756,856,5612
2026-08-08,2026-09-07,DEL-CCU,IndiGo,30,5697,1025,6722
2026-08-08,2026-09-07,DEL-CCU,IndiGo,30,5144,925,6069
2026-08-08,2026-09-07,DEL-CCU,IndiGo,30,4831,869,5700
2026-08-08,2026-09-07,DEL-CCU,IndiGo,30,5235,942,6177
2026-08-08,2026-09-07,DEL-CCU,IndiGo,30,5017,903,5920
2026-08-08,2026-08-23,DEL-CCU,IndiGo,15,7373,1327,8700
2026-08-08,2026-08-23,DEL-CCU,IndiGo,15,5864,1055,6919
2026-08-08,2026-08-23,DEL-CCU,IndiGo,15,6196,1115,7311
2026-08-08,2026-08-23,DEL-CCU,IndiGo,15,6411,1153,7564
2026-08-08,2026-08-23,DEL-CCU,IndiGo,15,7085,1275,8360
2026-08-08,2026-08-15,DEL-CCU,IndiGo,7,9537,1716,11253
2026-08-08,2026-08-15,DEL-CCU,IndiGo,7,9139,1645,10784
2026-08-08,2026-08-15,DEL-CCU,IndiGo,7,7865,1415,9280
2026-08-08,2026-08-15,DEL-CCU,IndiGo,7,8263,1487,9750
2026-08-08,2026-08-15,DEL-CCU,IndiGo,7,9645,1736,11381
2026-08-08,2026-08-09,DEL-CCU,IndiGo,1,11799,2123,13922
2026-08-08,2026-08-09,DEL-CCU,IndiGo,1,12460,2242,14702
2026-08-08,2026-08-09,DEL-CCU,IndiGo,1,11905,2142,14047
2026-08-08,2026-08-09,DEL-CCU,IndiGo,1,13693,2464,16157
2026-08-08,2026-08-09,DEL-CCU,IndiGo,1,13694,2464,16158
2026-08-08,2026-09-22,DEL-CCU,Air India,45,5759,1036,6795
2026-08-08,2026-09-22,DEL-CCU,Air India,45,5561,1000,6561
2026-08-08,2026-09-22,DEL-CCU,Air India,45,5421,975,6396
2026-08-08,2026-09-22,DEL-CCU,Air India,45,5723,1030,6753
2026-08-08,2026-09-22,DEL-CCU,Air India,45,6338,1140,7478
2026-08-08,2026-09-07,DEL-CCU,Air India,30,5897,1061,6958
2026-08-08,2026-09-07,DEL-CCU,Air India,30,5607,1009,6616
2026-08-08,2026-09-07,DEL-CCU,Air India,30,5784,1041,6825
2026-08-08,2026-09-07,DEL-CCU,Air India,30,6707,1207,7914
2026-08-08,2026-09-07,DEL-CCU,Air India,30,6865,1235,8100
2026-08-08,2026-08-23,DEL-CCU,Air India,15,8367,1506,9873
2026-08-08,2026-08-23,DEL-CCU,Air India,15,7506,1351,8857
2026-08-08,2026-08-23,DEL-CCU,Air India,15,7587,1365,8952
2026-08-08,2026-08-23,DEL-CCU,Air India,15,6843,1231,8074
2026-08-08,2026-08-23,DEL-CCU,Air India,15,8521,1533,10054
2026-08-08,2026-08-15,DEL-CCU,Air India,7,10264,1847,12111
2026-08-08,2026-08-15,DEL-CCU,Air India,7,9163,1649,10812
2026-08-08,2026-08-15,DEL-CCU,Air India,7,10250,1845,12095
2026-08-08,2026-08-15,DEL-CCU,Air India,7,9910,1783,11693
2026-08-08,2026-08-15,DEL-CCU,Air India,7,10990,1978,12968
2026-08-08,2026-08-09,DEL-CCU,Air India,1,15299,2753,18052
2026-08-08,2026-08-09,DEL-CCU,Air India,1,16005,2880,18885
2026-08-08,2026-08-09,DEL-CCU,Air India,1,14125,2542,16667
2026-08-08,2026-08-09,DEL-CCU,Air India,1,14607,2629,17236
2026-08-08,2026-08-09,DEL-CCU,Air India,1,13675,2461,16136
2026-08-08,2026-09-22,DEL-CCU,Akasa,45,4924,886,5810
2026-08-08,2026-09-22,DEL-CCU,Akasa,45,4772,858,5630
2026-08-08,2026-09-22,DEL-CCU,Akasa,45,4120,741,4861
2026-08-08,2026-09-22,DEL-CCU,Akasa,45,4144,745,4889
2026-08-08,2026-09-22,DEL-CCU,Akasa,45,4395,791,5186
2026-08-08,2026-09-07,DEL-CCU,Akasa,30,5235,942,6177
2026-08-08,2026-09-07,DEL-CCU,Akasa,30,5411,973,6384
2026-08-08,2026-09-07,DEL-CCU,Akasa,30,5389,970,6359
2026-08-08,2026-09-07,DEL-CCU,Akasa,30,4743,853,5596
2026-08-08,2026-09-07,DEL-CCU,Akasa,30,5554,999,6553
2026-08-08,2026-08-23,DEL-CCU,Akasa,15,5843,1051,6894
2026-08-08,2026-08-23,DEL-CCU,Akasa,15,6122,1101,7223
2026-08-08,2026-08-23,DEL-CCU,Akasa,15,7036,1266,8302
2026-08-08,2026-08-23,DEL-CCU,Akasa,15,5764,1037,6801
2026-08-08,2026-08-23,DEL-CCU,Akasa,15,6203,1116,7319
2026-08-08,2026-08-15,DEL-CCU,Akasa,7,8943,1609,10552
2026-08-08,2026-08-15,DEL-CCU,Akasa,7,7453,1341,8794
2026-08-08,2026-08-15,DEL-CCU,Akasa,7,9226,1660,10886
2026-08-08,2026-08-15,DEL-CCU,Akasa,7,8801,1584,10385
2026-08-08,2026-08-15,DEL-CCU,Akasa,7,8906,1603,10509
2026-08-08,2026-08-09,DEL-CCU,Akasa,1,13755,2475,16230
2026-08-08,2026-08-09,DEL-CCU,Akasa,1,11754,2115,13869
2026-08-08,2026-08-09,DEL-CCU,Akasa,1,11173,2011,13184
2026-08-08,2026-08-09,DEL-CCU,Akasa,1,13394,2410,15804
2026-08-08,2026-08-09,DEL-CCU,Akasa,1,11553,2079,13632
2026-08-08,2026-09-22,DEL-CCU,SpiceJet,45,4790,862,5652
2026-08-08,2026-09-22,DEL-CCU,SpiceJet,45,3959,712,4671
2026-08-08,2026-09-22,DEL-CCU,SpiceJet,45,4715,848,5563
2026-08-08,2026-09-22,DEL-CCU,SpiceJet,45,4630,833,5463
2026-08-08,2026-09-22,DEL-CCU,SpiceJet,45,4783,860,5643
2026-08-08,2026-09-07,DEL-CCU,SpiceJet,30,5387,969,6356
2026-08-08,2026-09-07,DEL-CCU,SpiceJet,30,4827,868,5695
2026-08-08,2026-09-07,DEL-CCU,SpiceJet,30,5237,942,6179
2026-08-08,2026-09-07,DEL-CCU,SpiceJet,30,5432,977,6409
2026-08-08,2026-09-07,DEL-CCU,SpiceJet,30,4421,795,5216
2026-08-08,2026-08-23,DEL-CCU,SpiceJet,15,5432,977,6409
2026-08-08,2026-08-23,DEL-CCU,SpiceJet,15,6257,1126,7383
2026-08-08,2026-08-23,DEL-CCU,SpiceJet,15,5986,1077,7063
2026-08-08,2026-08-23,DEL-CCU,SpiceJet,15,6443,1159,7602
2026-08-08,2026-08-23,DEL-CCU,SpiceJet,15,5782,1040,6822
2026-08-08,2026-08-15,DEL-CCU,SpiceJet,7,7730,1391,9121
2026-08-08,2026-08-15,DEL-CCU,SpiceJet,7,7129,1283,8412
2026-08-08,2026-08-15,DEL-CCU,SpiceJet,7,7828,1409,9237
2026-08-08,2026-08-15,DEL-CCU,SpiceJet,7,8018,1443,9461
2026-08-08,2026-08-15,DEL-CCU,SpiceJet,7,7974,1435,9409
2026-08-08,2026-08-09,DEL-CCU,SpiceJet,1,10778,1940,12718
2026-08-08,2026-08-09,DEL-CCU,SpiceJet,1,10532,1895,12427
2026-08-08,2026-08-09,DEL-CCU,SpiceJet,1,10847,1952,12799
2026-08-08,2026-08-09,DEL-CCU,SpiceJet,1,12661,2278,14939
2026-08-08,2026-08-09,DEL-CCU,SpiceJet,1,11094,1996,13090
2026-08-08,2026-09-22,BLR-HYD,IndiGo,45,2960,532,3492
2026-08-08,2026-09-22,BLR-HYD,IndiGo,45,2523,454,2977
2026-08-08,2026-09-22,BLR-HYD,IndiGo,45,2792,502,3294
2026-08-08,2026-09-22,BLR-HYD,IndiGo,45,2574,463,3037
2026-08-08,2026-09-22,BLR-HYD,IndiGo,45,2586,465,3051
2026-08-08,2026-09-07,BLR-HYD,IndiGo,30,3058,550,3608
2026-08-08,2026-09-07,BLR-HYD,IndiGo,30,3186,573,3759
2026-08-08,2026-09-07,BLR-HYD,IndiGo,30,3439,619,4058
2026-08-08,2026-09-07,BLR-HYD,IndiGo,30,3152,567,3719
2026-08-08,2026-09-07,BLR-HYD,IndiGo,30,3271,588,3859
2026-08-08,2026-08-23,BLR-HYD,IndiGo,15,3859,694,4553
2026-08-08,2026-08-23,BLR-HYD,IndiGo,15,4044,727,4771
2026-08-08,2026-08-23,BLR-HYD,IndiGo,15,3445,620,4065
2026-08-08,2026-08-23,BLR-HYD,IndiGo,15,4267,768,5035
2026-08-08,2026-08-23,BLR-HYD,IndiGo,15,4310,775,5085
2026-08-08,2026-08-15,BLR-HYD,IndiGo,7,5197,935,6132
2026-08-08,2026-08-15,BLR-HYD,IndiGo,7,5466,983,6449
2026-08-08,2026-08-15,BLR-HYD,IndiGo,7,5362,965,6327
2026-08-08,2026-08-15,BLR-HYD,IndiGo,7,5012,902,5914
2026-08-08,2026-08-15,BLR-HYD,IndiGo,7,4612,830,5442
2026-08-08,2026-08-09,BLR-HYD,IndiGo,1,7505,1350,8855
2026-08-08,2026-08-09,BLR-HYD,IndiGo,1,8289,1492,9781
2026-08-08,2026-08-09,BLR-HYD,IndiGo,1,7071,1272,8343
2026-08-08,2026-08-09,BLR-HYD,IndiGo,1,8345,1502,9847
2026-08-08,2026-08-09,BLR-HYD,IndiGo,1,8062,1451,9513
2026-08-08,2026-09-22,BLR-HYD,Air India,45,3158,568,3726
2026-08-08,2026-09-22,BLR-HYD,Air India,45,3038,546,3584
2026-08-08,2026-09-22,BLR-HYD,Air India,45,3406,613,4019
2026-08-08,2026-09-22,BLR-HYD,Air India,45,3222,579,3801
2026-08-08,2026-09-22,BLR-HYD,Air India,45,3460,622,4082
2026-08-08,2026-09-07,BLR-HYD,Air India,30,3348,602,3950
2026-08-08,2026-09-07,BLR-HYD,Air India,30,3541,637,4178
2026-08-08,2026-09-07,BLR-HYD,Air India,30,3676,661,4337
2026-08-08,2026-09-07,BLR-HYD,Air India,30,4022,723,4745
2026-08-08,2026-09-07,BLR-HYD,Air India,30,3623,652,4275
2026-08-08,2026-08-23,BLR-HYD,Air India,15,4621,831,5452
2026-08-08,2026-08-23,BLR-HYD,Air India,15,4809,865,5674
2026-08-08,2026-08-23,BLR-HYD,Air India,15,4522,813,5335
2026-08-08,2026-08-23,BLR-HYD,Air India,15,4543,817,5360
2026-08-08,2026-08-23,BLR-HYD,Air India,15,4802,864,5666
2026-08-08,2026-08-15,BLR-HYD,Air India,7,6113,1100,7213
2026-08-08,2026-08-15,BLR-HYD,Air India,7,6375,1147,7522
2026-08-08,2026-08-15,BLR-HYD,Air India,7,6530,1175,7705
2026-08-08,2026-08-15,BLR-HYD,Air India,7,6378,1148,7526
2026-08-08,2026-08-15,BLR-HYD,Air India,7,6407,1153,7560
2026-08-08,2026-08-09,BLR-HYD,Air India,1,9483,1706,11189
2026-08-08,2026-08-09,BLR-HYD,Air India,1,8817,1587,10404
2026-08-08,2026-08-09,BLR-HYD,Air India,1,8961,1612,10573
2026-08-08,2026-08-09,BLR-HYD,Air India,1,7766,1397,9163
2026-08-08,2026-08-09,BLR-HYD,Air India,1,9157,1648,10805
2026-08-08,2026-09-22,BLR-HYD,Akasa,45,2952,531,3483
2026-08-08,2026-09-22,BLR-HYD,Akasa,45,2715,488,3203
2026-08-08,2026-09-22,BLR-HYD,Akasa,45,2887,519,3406
2026-08-08,2026-09-22,BLR-HYD,Akasa,45,2971,534,3505
2026-08-08,2026-09-22,BLR-HYD,Akasa,45,2673,481,3154
2026-08-08,2026-09-07,BLR-HYD,Akasa,30,2778,500,3278
2026-08-08,2026-09-07,BLR-HYD,Akasa,30,3274,589,3863
2026-08-08,2026-09-07,BLR-HYD,Akasa,30,2827,508,3335
2026-08-08,2026-09-07,BLR-HYD,Akasa,30,3040,547,3587
2026-08-08,2026-09-07,BLR-HYD,Akasa,30,3246,584,3830
2026-08-08,2026-08-23,BLR-HYD,Akasa,15,3932,707,4639
2026-08-08,2026-08-23,BLR-HYD,Akasa,15,3797,683,4480
2026-08-08,2026-08-23,BLR-HYD,Akasa,15,3936,708,4644
2026-08-08,2026-08-23,BLR-HYD,Akasa,15,3630,653,4283
2026-08-08,2026-08-23,BLR-HYD,Akasa,15,4015,722,4737
2026-08-08,2026-08-15,BLR-HYD,Akasa,7,5121,921,6042
2026-08-08,2026-08-15,BLR-HYD,Akasa,7,5003,900,5903
2026-08-08,2026-08-15,BLR-HYD,Akasa,7,4675,841,5516
2026-08-08,2026-08-15,BLR-HYD,Akasa,7,4727,850,5577
2026-08-08,2026-08-15,BLR-HYD,Akasa,7,4951,891,5842
2026-08-08,2026-08-09,BLR-HYD,Akasa,1,7011,1261,8272
2026-08-08,2026-08-09,BLR-HYD,Akasa,1,8086,1455,9541
2026-08-08,2026-08-09,BLR-HYD,Akasa,1,7643,1375,9018
2026-08-08,2026-08-09,BLR-HYD,Akasa,1,6987,1257,8244
2026-08-08,2026-08-09,BLR-HYD,Akasa,1,6533,1175,7708
2026-08-08,2026-09-22,BLR-HYD,SpiceJet,45,2341,421,2762
2026-08-08,2026-09-22,BLR-HYD,SpiceJet,45,2717,489,3206
2026-08-08,2026-09-22,BLR-HYD,SpiceJet,45,2536,456,2992
2026-08-08,2026-09-22,BLR-HYD,SpiceJet,45,2379,428,2807
2026-08-08,2026-09-22,BLR-HYD,SpiceJet,45,2561,460,3021
2026-08-08,2026-09-07,BLR-HYD,SpiceJet,30,3053,549,3602
2026-08-08,2026-09-07,BLR-HYD,SpiceJet,30,2968,534,3502
2026-08-08,2026-09-07,BLR-HYD,SpiceJet,30,3028,545,3573
2026-08-08,2026-09-07,BLR-HYD,SpiceJet,30,2785,501,3286
2026-08-08,2026-09-07,BLR-HYD,SpiceJet,30,2520,453,2973
2026-08-08,2026-08-23,BLR-HYD,SpiceJet,15,3683,662,4345
2026-08-08,2026-08-23,BLR-HYD,SpiceJet,15,3882,698,4580
2026-08-08,2026-08-23,BLR-HYD,SpiceJet,15,3856,694,4550
2026-08-08,2026-08-23,BLR-HYD,SpiceJet,15,3362,605,3967
2026-08-08,2026-08-23,BLR-HYD,SpiceJet,15,3747,674,4421
2026-08-08,2026-08-15,BLR-HYD,SpiceJet,7,4755,855,5610
2026-08-08,2026-08-15,BLR-HYD,SpiceJet,7,4547,818,5365
2026-08-08,2026-08-15,BLR-HYD,SpiceJet,7,4096,737,4833
2026-08-08,2026-08-15,BLR-HYD,SpiceJet,7,4720,849,5569
2026-08-08,2026-08-15,BLR-HYD,SpiceJet,7,4475,805,5280
2026-08-08,2026-08-09,BLR-HYD,SpiceJet,1,6830,1229,8059
2026-08-08,2026-08-09,BLR-HYD,SpiceJet,1,6363,1145,7508
2026-08-08,2026-08-09,BLR-HYD,SpiceJet,1,6537,1176,7713
2026-08-08,2026-08-09,BLR-HYD,SpiceJet,1,7664,1379,9043
2026-08-08,2026-08-09,BLR-HYD,SpiceJet,1,7018,1263,8281
2026-08-09,2026-09-23,DEL-BOM,IndiGo,45,4018,723,4741
2026-08-09,2026-09-23,DEL-BOM,IndiGo,45,4628,833,5461
2026-08-09,2026-09-23,DEL-BOM,IndiGo,45,4686,843,5529
2026-08-09,2026-09-23,DEL-BOM,IndiGo,45,3875,697,4572
2026-08-09,2026-09-23,DEL-BOM,IndiGo,45,4314,776,5090
2026-08-09,2026-09-08,DEL-BOM,IndiGo,30,4213,758,4971
2026-08-09,2026-09-08,DEL-BOM,IndiGo,30,4451,801,5252
2026-08-09,2026-09-08,DEL-BOM,IndiGo,30,4195,755,4950
2026-08-09,2026-09-08,DEL-BOM,IndiGo,30,4747,854,5601
2026-08-09,2026-09-08,DEL-BOM,IndiGo,30,4303,774,5077
2026-08-09,2026-08-24,DEL-BOM,IndiGo,15,5121,921,6042
2026-08-09,2026-08-24,DEL-BOM,IndiGo,15,6180,1112,7292
2026-08-09,2026-08-24,DEL-BOM,IndiGo,15,5643,1015,6658
2026-08-09,2026-08-24,DEL-BOM,IndiGo,15,6502,1170,7672
2026-08-09,2026-08-24,DEL-BOM,IndiGo,15,6501,1170,7671
2026-08-09,2026-08-16,DEL-BOM,IndiGo,7,7978,1436,9414
2026-08-09,2026-08-16,DEL-BOM,IndiGo,7,7331,1319,8650
2026-08-09,2026-08-16,DEL-BOM,IndiGo,7,7865,1415,9280
2026-08-09,2026-08-16,DEL-BOM,IndiGo,7,7900,1422,9322
2026-08-09,2026-08-16,DEL-BOM,IndiGo,7,7839,1411,9250
2026-08-09,2026-08-10,DEL-BOM,IndiGo,1,11851,2133,13984
2026-08-09,2026-08-10,DEL-BOM,IndiGo,1,10308,1855,12163
2026-08-09,2026-08-10,DEL-BOM,IndiGo,1,10424,1876,12300
2026-08-09,2026-08-10,DEL-BOM,IndiGo,1,10054,1809,11863
2026-08-09,2026-08-10,DEL-BOM,IndiGo,1,11893,2140,14033
2026-08-09,2026-09-23,DEL-BOM,Air India,45,4859,874,5733
2026-08-09,2026-09-23,DEL-BOM,Air India,45,4947,890,5837
2026-08-09,2026-09-23,DEL-BOM,Air India,45,5333,959,6292
2026-08-09,2026-09-23,DEL-BOM,Air India,45,4773,859,5632
2026-08-09,2026-09-23,DEL-BOM,Air India,45,5114,920,6034
2026-08-09,2026-09-08,DEL-BOM,Air India,30,5461,982,6443
2026-08-09,2026-09-08,DEL-BOM,Air India,30,5833,1049,6882
2026-08-09,2026-09-08,DEL-BOM,Air India,30,5400,972,6372
2026-08-09,2026-09-08,DEL-BOM,Air India,30,5109,919,6028
2026-08-09,2026-09-08,DEL-BOM,Air India,30,4798,863,5661
2026-08-09,2026-08-24,DEL-BOM,Air India,15,6552,1179,7731
2026-08-09,2026-08-24,DEL-BOM,Air India,15,7284,1311,8595
2026-08-09,2026-08-24,DEL-BOM,Air India,15,5924,1066,6990
2026-08-09,2026-08-24,DEL-BOM,Air India,15,6028,1085,7113
2026-08-09,2026-08-24,DEL-BOM,Air India,15,6358,1144,7502
2026-08-09,2026-08-16,DEL-BOM,Air India,7,8702,1566,10268
2026-08-09,2026-08-16,DEL-BOM,Air India,7,9605,1728,11333
2026-08-09,2026-08-16,DEL-BOM,Air India,7,9060,1630,10690
2026-08-09,2026-08-16,DEL-BOM,Air India,7,9225,1660,10885
2026-08-09,2026-08-16,DEL-BOM,Air India,7,7848,1412,9260
2026-08-09,2026-08-10,DEL-BOM,Air India,1,13612,2450,16062
2026-08-09,2026-08-10,DEL-BOM,Air India,1,13282,2390,15672
2026-08-09,2026-08-10,DEL-BOM,Air India,1,13532,2435,15967
2026-08-09,2026-08-10,DEL-BOM,Air India,1,12225,2200,14425
2026-08-09,2026-08-10,DEL-BOM,Air India,1,11876,2137,14013
2026-08-09,2026-09-23,DEL-BOM,Akasa,45,4177,751,4928
2026-08-09,2026-09-23,DEL-BOM,Akasa,45,3615,650,4265
2026-08-09,2026-09-23,DEL-BOM,Akasa,45,4148,746,4894
2026-08-09,2026-09-23,DEL-BOM,Akasa,45,4459,802,5261
2026-08-09,2026-09-23,DEL-BOM,Akasa,45,4180,752,4932
2026-08-09,2026-09-08,DEL-BOM,Akasa,30,4397,791,5188
2026-08-09,2026-09-08,DEL-BOM,Akasa,30,4248,764,5012
2026-08-09,2026-09-08,DEL-BOM,Akasa,30,4817,867,5684
2026-08-09,2026-09-08,DEL-BOM,Akasa,30,4910,883,5793
2026-08-09,2026-09-08,DEL-BOM,Akasa,30,4721,849,5570
2026-08-09,2026-08-24,DEL-BOM,Akasa,15,5194,934,6128
2026-08-09,2026-08-24,DEL-BOM,Akasa,15,4933,887,5820
2026-08-09,2026-08-24,DEL-BOM,Akasa,15,6118,1101,7219
2026-08-09,2026-08-24,DEL-BOM,Akasa,15,5862,1055,6917
2026-08-09,2026-08-24,DEL-BOM,Akasa,15,5403,972,6375
2026-08-09,2026-08-16,DEL-BOM,Akasa,7,6647,1196,7843
2026-08-09,2026-08-16,DEL-BOM,Akasa,7,8162,1469,9631
2026-08-09,2026-08-16,DEL-BOM,Akasa,7,7767,1398,9165
2026-08-09,2026-08-16,DEL-BOM,Akasa,7,6686,1203,7889
2026-08-09,2026-08-16,DEL-BOM,Akasa,7,6624,1192,7816
2026-08-09,2026-08-10,DEL-BOM,Akasa,1,10383,1868,12251
2026-08-09,2026-08-10,DEL-BOM,Akasa,1,11968,2154,14122
2026-08-09,2026-08-10,DEL-BOM,Akasa,1,11319,2037,13356
2026-08-09,2026-08-10,DEL-BOM,Akasa,1,9559,1720,11279
2026-08-09,2026-08-10,DEL-BOM,Akasa,1,9578,1724,11302
2026-08-09,2026-09-23,DEL-BOM,SpiceJet,45,4150,747,4897
2026-08-09,2026-09-23,DEL-BOM,SpiceJet,45,3831,689,4520
2026-08-09,2026-09-23,DEL-BOM,SpiceJet,45,4269,768,5037
2026-08-09,2026-09-23,DEL-BOM,SpiceJet,45,3916,704,4620
2026-08-09,2026-09-23,DEL-BOM,SpiceJet,45,3621,651,4272
2026-08-09,2026-09-08,DEL-BOM,SpiceJet,30,4207,757,4964
2026-08-09,2026-09-08,DEL-BOM,SpiceJet,30,4754,855,5609
2026-08-09,2026-09-08,DEL-BOM,SpiceJet,30,3865,695,4560
2026-08-09,2026-09-08,DEL-BOM,SpiceJet,30,4638,834,5472
2026-08-09,2026-09-08,DEL-BOM,SpiceJet,30,4230,761,4991
2026-08-09,2026-08-24,DEL-BOM,SpiceJet,15,4974,895,5869
2026-08-09,2026-08-24,DEL-BOM,SpiceJet,15,5660,1018,6678
2026-08-09,2026-08-24,DEL-BOM,SpiceJet,15,5578,1004,6582
2026-08-09,2026-08-24,DEL-BOM,SpiceJet,15,4600,828,5428
2026-08-09,2026-08-24,DEL-BOM,SpiceJet,15,4960,892,5852
2026-08-09,2026-08-16,DEL-BOM,SpiceJet,7,6308,1135,7443
2026-08-09,2026-08-16,DEL-BOM,SpiceJet,7,6355,1143,7498
2026-08-09,2026-08-16,DEL-BOM,SpiceJet,7,6641,1195,7836
2026-08-09,2026-08-16,DEL-BOM,SpiceJet,7,7448,1340,8788
2026-08-09,2026-08-16,DEL-BOM,SpiceJet,7,7584,1365,8949
2026-08-09,2026-08-10,DEL-BOM,SpiceJet,1,10692,1924,12616
2026-08-09,2026-08-10,DEL-BOM,SpiceJet,1,10715,1928,12643
2026-08-09,2026-08-10,DEL-BOM,SpiceJet,1,11159,2008,13167
2026-08-09,2026-08-10,DEL-BOM,SpiceJet,1,9963,1793,11756
2026-08-09,2026-08-10,DEL-BOM,SpiceJet,1,10646,1916,12562
2026-08-09,2026-09-23,DEL-BLR,IndiGo,45,5224,940,6164
2026-08-09,2026-09-23,DEL-BLR,IndiGo,45,5367,966,6333
2026-08-09,2026-09-23,DEL-BLR,IndiGo,45,5134,924,6058
2026-08-09,2026-09-23,DEL-BLR,IndiGo,45,5886,1059,6945
2026-08-09,2026-09-23,DEL-BLR,IndiGo,45,6065,1091,7156
2026-08-09,2026-09-08,DEL-BLR,IndiGo,30,5834,1050,6884
2026-08-09,2026-09-08,DEL-BLR,IndiGo,30,5738,1032,6770
2026-08-09,2026-09-08,DEL-BLR,IndiGo,30,5982,1076,7058
2026-08-09,2026-09-08,DEL-BLR,IndiGo,30,6154,1107,7261
2026-08-09,2026-09-08,DEL-BLR,IndiGo,30,6876,1237,8113
2026-08-09,2026-08-24,DEL-BLR,IndiGo,15,6926,1246,8172
2026-08-09,2026-08-24,DEL-BLR,IndiGo,15,8335,1500,9835
2026-08-09,2026-08-24,DEL-BLR,IndiGo,15,8121,1461,9582
2026-08-09,2026-08-24,DEL-BLR,IndiGo,15,7391,1330,8721
2026-08-09,2026-08-24,DEL-BLR,IndiGo,15,7855,1413,9268
2026-08-09,2026-08-16,DEL-BLR,IndiGo,7,9582,1724,11306
2026-08-09,2026-08-16,DEL-BLR,IndiGo,7,9328,1679,11007
2026-08-09,2026-08-16,DEL-BLR,IndiGo,7,10552,1899,12451
2026-08-09,2026-08-16,DEL-BLR,IndiGo,7,11301,2034,13335
2026-08-09,2026-08-16,DEL-BLR,IndiGo,7,10557,1900,12457
2026-08-09,2026-08-10,DEL-BLR,IndiGo,1,15585,2805,18390
2026-08-09,2026-08-10,DEL-BLR,IndiGo,1,13702,2466,16168
2026-08-09,2026-08-10,DEL-BLR,IndiGo,1,16314,2936,19250
2026-08-09,2026-08-10,DEL-BLR,IndiGo,1,15946,2870,18816
2026-08-09,2026-08-10,DEL-BLR,IndiGo,1,13321,2397,15718
2026-08-09,2026-09-23,DEL-BLR,Air India,45,6188,1113,7301
2026-08-09,2026-09-23,DEL-BLR,Air India,45,5979,1076,7055
2026-08-09,2026-09-23,DEL-BLR,Air India,45,6101,1098,7199
2026-08-09,2026-09-23,DEL-BLR,Air India,45,6177,1111,7288
2026-08-09,2026-09-23,DEL-BLR,Air India,45,5855,1053,6908
2026-08-09,2026-09-08,DEL-BLR,Air India,30,7951,1431,9382
2026-08-09,2026-09-08,DEL-BLR,Air India,30,7196,1295,8491
2026-08-09,2026-09-08,DEL-BLR,Air India,30,6306,1135,7441
2026-08-09,2026-09-08,DEL-BLR,Air India,30,6487,1167,7654
2026-08-09,2026-09-08,DEL-BLR,Air India,30,7787,1401,9188
2026-08-09,2026-08-24,DEL-BLR,Air India,15,7763,1397,9160
2026-08-09,2026-08-24,DEL-BLR,Air India,15,8886,1599,10485
2026-08-09,2026-08-24,DEL-BLR,Air India,15,7721,1389,9110
2026-08-09,2026-08-24,DEL-BLR,Air India,15,8528,1535,10063
2026-08-09,2026-08-24,DEL-BLR,Air India,15,8799,1583,10382
2026-08-09,2026-08-16,DEL-BLR,Air India,7,10468,1884,12352
2026-08-09,2026-08-16,DEL-BLR,Air India,7,13073,2353,15426
2026-08-09,2026-08-16,DEL-BLR,Air India,7,10292,1852,12144
2026-08-09,2026-08-16,DEL-BLR,Air India,7,12359,2224,14583
2026-08-09,2026-08-16,DEL-BLR,Air India,7,11329,2039,13368
2026-08-09,2026-08-10,DEL-BLR,Air India,1,15414,2774,18188
2026-08-09,2026-08-10,DEL-BLR,Air India,1,16335,2940,19275
2026-08-09,2026-08-10,DEL-BLR,Air India,1,16034,2886,18920
2026-08-09,2026-08-10,DEL-BLR,Air India,1,15260,2746,18006
2026-08-09,2026-08-10,DEL-BLR,Air India,1,16021,2883,18904
2026-08-09,2026-09-23,DEL-BLR,Akasa,45,5423,976,6399
2026-08-09,2026-09-23,DEL-BLR,Akasa,45,5387,969,6356
2026-08-09,2026-09-23,DEL-BLR,Akasa,45,4904,882,5786
2026-08-09,2026-09-23,DEL-BLR,Akasa,45,5758,1036,6794
2026-08-09,2026-09-23,DEL-BLR,Akasa,45,4991,898,5889
2026-08-09,2026-09-08,DEL-BLR,Akasa,30,6523,1174,7697
2026-08-09,2026-09-08,DEL-BLR,Akasa,30,6161,1108,7269
2026-08-09,2026-09-08,DEL-BLR,Akasa,30,5796,1043,6839
2026-08-09,2026-09-08,DEL-BLR,Akasa,30,6027,1084,7111
2026-08-09,2026-09-08,DEL-BLR,Akasa,30,5919,1065,6984
2026-08-09,2026-08-24,DEL-BLR,Akasa,15,7153,1287,8440
2026-08-09,2026-08-24,DEL-BLR,Akasa,15,7099,1277,8376
2026-08-09,2026-08-24,DEL-BLR,Akasa,15,7968,1434,9402
2026-08-09,2026-08-24,DEL-BLR,Akasa,15,7260,1306,8566
2026-08-09,2026-08-24,DEL-BLR,Akasa,15,6715,1208,7923
2026-08-09,2026-08-16,DEL-BLR,Akasa,7,9050,1629,10679
2026-08-09,2026-08-16,DEL-BLR,Akasa,7,8698,1565,10263
2026-08-09,2026-08-16,DEL-BLR,Akasa,7,9627,1732,11359
2026-08-09,2026-08-16,DEL-BLR,Akasa,7,10570,1902,12472
2026-08-09,2026-08-16,DEL-BLR,Akasa,7,10738,1932,12670
2026-08-09,2026-08-10,DEL-BLR,Akasa,1,13971,2514,16485
2026-08-09,2026-08-10,DEL-BLR,Akasa,1,14015,2522,16537
2026-08-09,2026-08-10,DEL-BLR,Akasa,1,13144,2365,15509
2026-08-09,2026-08-10,DEL-BLR,Akasa,1,13008,2341,15349
2026-08-09,2026-08-10,DEL-BLR,Akasa,1,14795,2663,17458
2026-08-09,2026-09-23,DEL-BLR,SpiceJet,45,4616,830,5446
2026-08-09,2026-09-23,DEL-BLR,SpiceJet,45,4675,841,5516
2026-08-09,2026-09-23,DEL-BLR,SpiceJet,45,5314,956,6270
2026-08-09,2026-09-23,DEL-BLR,SpiceJet,45,5451,981,6432
2026-08-09,2026-09-23,DEL-BLR,SpiceJet,45,4593,826,5419
2026-08-09,2026-09-08,DEL-BLR,SpiceJet,30,5187,933,6120
2026-08-09,2026-09-08,DEL-BLR,SpiceJet,30,5589,1006,6595
2026-08-09,2026-09-08,DEL-BLR,SpiceJet,30,5544,997,6541
2026-08-09,2026-09-08,DEL-BLR,SpiceJet,30,5045,908,5953
2026-08-09,2026-09-08,DEL-BLR,SpiceJet,30,5146,926,6072
2026-08-09,2026-08-24,DEL-BLR,SpiceJet,15,6191,1114,7305
2026-08-09,2026-08-24,DEL-BLR,SpiceJet,15,6343,1141,7484
2026-08-09,2026-08-24,DEL-BLR,SpiceJet,15,7183,1292,8475
2026-08-09,2026-08-24,DEL-BLR,SpiceJet,15,6603,1188,7791
2026-08-09,2026-08-24,DEL-BLR,SpiceJet,15,6735,1212,7947
2026-08-09,2026-08-16,DEL-BLR,SpiceJet,7,10094,1816,11910
2026-08-09,2026-08-16,DEL-BLR,SpiceJet,7,9050,1629,10679
2026-08-09,2026-08-16,DEL-BLR,SpiceJet,7,9918,1785,11703
2026-08-09,2026-08-16,DEL-BLR,SpiceJet,7,8685,1563,10248
2026-08-09,2026-08-16,DEL-BLR,SpiceJet,7,9143,1645,10788
2026-08-09,2026-08-10,DEL-BLR,SpiceJet,1,12533,2255,14788
2026-08-09,2026-08-10,DEL-BLR,SpiceJet,1,12791,2302,15093
2026-08-09,2026-08-10,DEL-BLR,SpiceJet,1,14731,2651,17382
2026-08-09,2026-08-10,DEL-BLR,SpiceJet,1,12178,2192,14370
2026-08-09,2026-08-10,DEL-BLR,SpiceJet,1,12217,2199,14416
2026-08-09,2026-09-23,BOM-BLR,IndiGo,45,3699,665,4364
2026-08-09,2026-09-23,BOM-BLR,IndiGo,45,3197,575,3772
2026-08-09,2026-09-23,BOM-BLR,IndiGo,45,3302,594,3896
2026-08-09,2026-09-23,BOM-BLR,IndiGo,45,3512,632,4144
2026-08-09,2026-09-23,BOM-BLR,IndiGo,45,4005,720,4725
2026-08-09,2026-09-08,BOM-BLR,IndiGo,30,4087,735,4822
2026-08-09,2026-09-08,BOM-BLR,IndiGo,30,3958,712,4670
2026-08-09,2026-09-08,BOM-BLR,IndiGo,30,3644,655,4299
2026-08-09,2026-09-08,BOM-BLR,IndiGo,30,3985,717,4702
2026-08-09,2026-09-08,BOM-BLR,IndiGo,30,4278,770,5048
2026-08-09,2026-08-24,BOM-BLR,IndiGo,15,5005,900,5905
2026-08-09,2026-08-24,BOM-BLR,IndiGo,15,5108,919,6027
2026-08-09,2026-08-24,BOM-BLR,IndiGo,15,5267,948,6215
2026-08-09,2026-08-24,BOM-BLR,IndiGo,15,4373,787,5160
2026-08-09,2026-08-24,BOM-BLR,IndiGo,15,5379,968,6347
2026-08-09,2026-08-16,BOM-BLR,IndiGo,7,7041,1267,8308
2026-08-09,2026-08-16,BOM-BLR,IndiGo,7,5869,1056,6925
2026-08-09,2026-08-16,BOM-BLR,IndiGo,7,6675,1201,7876
2026-08-09,2026-08-16,BOM-BLR,IndiGo,7,6410,1153,7563
2026-08-09,2026-08-16,BOM-BLR,IndiGo,7,6869,1236,8105
2026-08-09,2026-08-10,BOM-BLR,IndiGo,1,9559,1720,11279
2026-08-09,2026-08-10,BOM-BLR,IndiGo,1,8656,1558,10214
2026-08-09,2026-08-10,BOM-BLR,IndiGo,1,10153,1827,11980
2026-08-09,2026-08-10,BOM-BLR,IndiGo,1,10616,1910,12526
2026-08-09,2026-08-10,BOM-BLR,IndiGo,1,10545,1898,12443
2026-08-09,2026-09-23,BOM-BLR,Air India,45,3795,683,4478
2026-08-09,2026-09-23,BOM-BLR,Air India,45,4160,748,4908
2026-08-09,2026-09-23,BOM-BLR,Air India,45,3680,662,4342
2026-08-09,2026-09-23,BOM-BLR,Air India,45,4128,743,4871
2026-08-09,2026-09-23,BOM-BLR,Air India,45,4564,821,5385
2026-08-09,2026-09-08,BOM-BLR,Air India,30,4780,860,5640
2026-08-09,2026-09-08,BOM-BLR,Air India,30,4930,887,5817
2026-08-09,2026-09-08,BOM-BLR,Air India,30,4896,881,5777
2026-08-09,2026-09-08,BOM-BLR,Air India,30,4427,796,5223
2026-08-09,2026-09-08,BOM-BLR,Air India,30,4596,827,5423
2026-08-09,2026-08-24,BOM-BLR,Air India,15,5360,964,6324
2026-08-09,2026-08-24,BOM-BLR,Air India,15,6102,1098,7200
2026-08-09,2026-08-24,BOM-BLR,Air India,15,6104,1098,7202
2026-08-09,2026-08-24,BOM-BLR,Air India,15,5273,949,6222
2026-08-09,2026-08-24,BOM-BLR,Air India,15,5498,989,6487
2026-08-09,2026-08-16,BOM-BLR,Air India,7,7326,1318,8644
2026-08-09,2026-08-16,BOM-BLR,Air India,7,7087,1275,8362
2026-08-09,2026-08-16,BOM-BLR,Air India,7,7910,1423,9333
2026-08-09,2026-08-16,BOM-BLR,Air India,7,7975,1435,9410
2026-08-09,2026-08-16,BOM-BLR,Air India,7,8298,1493,9791
2026-08-09,2026-08-10,BOM-BLR,Air India,1,11968,2154,14122
2026-08-09,2026-08-10,BOM-BLR,Air India,1,10270,1848,12118
2026-08-09,2026-08-10,BOM-BLR,Air India,1,10733,1931,12664
2026-08-09,2026-08-10,BOM-BLR,Air India,1,11786,2121,13907
2026-08-09,2026-08-10,BOM-BLR,Air India,1,11288,2031,13319
2026-08-09,2026-09-23,BOM-BLR,Akasa,45,3255,585,3840
2026-08-09,2026-09-23,BOM-BLR,Akasa,45,3236,582,3818
2026-08-09,2026-09-23,BOM-BLR,Akasa,45,3020,543,3563
2026-08-09,2026-09-23,BOM-BLR,Akasa,45,3120,561,3681
2026-08-09,2026-09-23,BOM-BLR,Akasa,45,3498,629,4127
2026-08-09,2026-09-08,BOM-BLR,Akasa,30,3462,623,4085
2026-08-09,2026-09-08,BOM-BLR,Akasa,30,3436,618,4054
2026-08-09,2026-09-08,BOM-BLR,Akasa,30,3724,670,4394
2026-08-09,2026-09-08,BOM-BLR,Akasa,30,3359,604,3963
2026-08-09,2026-09-08,BOM-BLR,Akasa,30,3814,686,4500
2026-08-09,2026-08-24,BOM-BLR,Akasa,15,4161,748,4909
2026-08-09,2026-08-24,BOM-BLR,Akasa,15,4736,852,5588
2026-08-09,2026-08-24,BOM-BLR,Akasa,15,4143,745,4888
2026-08-09,2026-08-24,BOM-BLR,Akasa,15,4280,770,5050
2026-08-09,2026-08-24,BOM-BLR,Akasa,15,4164,749,4913
2026-08-09,2026-08-16,BOM-BLR,Akasa,7,5976,1075,7051
2026-08-09,2026-08-16,BOM-BLR,Akasa,7,5732,1031,6763
2026-08-09,2026-08-16,BOM-BLR,Akasa,7,6501,1170,7671
2026-08-09,2026-08-16,BOM-BLR,Akasa,7,6401,1152,7553
2026-08-09,2026-08-16,BOM-BLR,Akasa,7,6017,1083,7100
2026-08-09,2026-08-10,BOM-BLR,Akasa,1,9842,1771,11613
2026-08-09,2026-08-10,BOM-BLR,Akasa,1,9947,1790,11737
2026-08-09,2026-08-10,BOM-BLR,Akasa,1,9070,1632,10702
2026-08-09,2026-08-10,BOM-BLR,Akasa,1,9147,1646,10793
2026-08-09,2026-08-10,BOM-BLR,Akasa,1,9283,1670,10953
2026-08-09,2026-09-23,BOM-BLR,SpiceJet,45,3098,557,3655
2026-08-09,2026-09-23,BOM-BLR,SpiceJet,45,3602,648,4250
2026-08-09,2026-09-23,BOM-BLR,SpiceJet,45,3473,625,4098
2026-08-09,2026-09-23,BOM-BLR,SpiceJet,45,3055,549,3604
2026-08-09,2026-09-23,BOM-BLR,SpiceJet,45,3247,584,3831
2026-08-09,2026-09-08,BOM-BLR,SpiceJet,30,3472,624,4096
2026-08-09,2026-09-08,BOM-BLR,SpiceJet,30,3134,564,3698
2026-08-09,2026-09-08,BOM-BLR,SpiceJet,30,3463,623,4086
2026-08-09,2026-09-08,BOM-BLR,SpiceJet,30,3437,618,4055
2026-08-09,2026-09-08,BOM-BLR,SpiceJet,30,3870,696,4566
2026-08-09,2026-08-24,BOM-BLR,SpiceJet,15,4628,833,5461
2026-08-09,2026-08-24,BOM-BLR,SpiceJet,15,3890,700,4590
2026-08-09,2026-08-24,BOM-BLR,SpiceJet,15,3854,693,4547
2026-08-09,2026-08-24,BOM-BLR,SpiceJet,15,3879,698,4577
2026-08-09,2026-08-24,BOM-BLR,SpiceJet,15,4622,831,5453
2026-08-09,2026-08-16,BOM-BLR,SpiceJet,7,5555,999,6554
2026-08-09,2026-08-16,BOM-BLR,SpiceJet,7,5223,940,6163
2026-08-09,2026-08-16,BOM-BLR,SpiceJet,7,6169,1110,7279
2026-08-09,2026-08-16,BOM-BLR,SpiceJet,7,5623,1012,6635
2026-08-09,2026-08-16,BOM-BLR,SpiceJet,7,5135,924,6059
2026-08-09,2026-08-10,BOM-BLR,SpiceJet,1,7809,1405,9214
2026-08-09,2026-08-10,BOM-BLR,SpiceJet,1,8026,1444,9470
2026-08-09,2026-08-10,BOM-BLR,SpiceJet,1,9063,1631,10694
2026-08-09,2026-08-10,BOM-BLR,SpiceJet,1,8311,1495,9806
2026-08-09,2026-08-10,BOM-BLR,SpiceJet,1,9006,1621,10627
2026-08-09,2026-09-23,DEL-CCU,IndiGo,45,5346,962,6308
2026-08-09,2026-09-23,DEL-CCU,IndiGo,45,5026,904,5930
2026-08-09,2026-09-23,DEL-CCU,IndiGo,45,4486,807,5293
2026-08-09,2026-09-23,DEL-CCU,IndiGo,45,4371,786,5157
2026-08-09,2026-09-23,DEL-CCU,IndiGo,45,5162,929,6091
2026-08-09,2026-09-08,DEL-CCU,IndiGo,30,5280,950,6230
2026-08-09,2026-09-08,DEL-CCU,IndiGo,30,5130,923,6053
2026-08-09,2026-09-08,DEL-CCU,IndiGo,30,4926,886,5812
2026-08-09,2026-09-08,DEL-CCU,IndiGo,30,5396,971,6367
2026-08-09,2026-09-08,DEL-CCU,IndiGo,30,5433,977,6410
2026-08-09,2026-08-24,DEL-CCU,IndiGo,15,6808,1225,8033
2026-08-09,2026-08-24,DEL-CCU,IndiGo,15,7050,1269,8319
2026-08-09,2026-08-24,DEL-CCU,IndiGo,15,6391,1150,7541
2026-08-09,2026-08-24,DEL-CCU,IndiGo,15,6369,1146,7515
2026-08-09,2026-08-24,DEL-CCU,IndiGo,15,6941,1249,8190
2026-08-09,2026-08-16,DEL-CCU,IndiGo,7,8206,1477,9683
2026-08-09,2026-08-16,DEL-CCU,IndiGo,7,9276,1669,10945
2026-08-09,2026-08-16,DEL-CCU,IndiGo,7,9331,1679,11010
2026-08-09,2026-08-16,DEL-CCU,IndiGo,7,8738,1572,10310
2026-08-09,2026-08-16,DEL-CCU,IndiGo,7,8107,1459,9566
2026-08-09,2026-08-10,DEL-CCU,IndiGo,1,13291,2392,15683
2026-08-09,2026-08-10,DEL-CCU,IndiGo,1,14305,2574,16879
2026-08-09,2026-08-10,DEL-CCU,IndiGo,1,11791,2122,13913
2026-08-09,2026-08-10,DEL-CCU,IndiGo,1,11494,2068,13562
2026-08-09,2026-08-10,DEL-CCU,IndiGo,1,13567,2442,16009
2026-08-09,2026-09-23,DEL-CCU,Air India,45,5424,976,6400
2026-08-09,2026-09-23,DEL-CCU,Air India,45,5016,902,5918
2026-08-09,2026-09-23,DEL-CCU,Air India,45,6247,1124,7371
2026-08-09,2026-09-23,DEL-CCU,Air India,45,6131,1103,7234
2026-08-09,2026-09-23,DEL-CCU,Air India,45,6005,1080,7085
2026-08-09,2026-09-08,DEL-CCU,Air India,30,5629,1013,6642
2026-08-09,2026-09-08,DEL-CCU,Air India,30,5836,1050,6886
2026-08-09,2026-09-08,DEL-CCU,Air India,30,6350,1143,7493
2026-08-09,2026-09-08,DEL-CCU,Air India,30,6633,1193,7826
2026-08-09,2026-09-08,DEL-CCU,Air India,30,5848,1052,6900
2026-08-09,2026-08-24,DEL-CCU,Air India,15,7689,1384,9073
2026-08-09,2026-08-24,DEL-CCU,Air India,15,7378,1328,8706
2026-08-09,2026-08-24,DEL-CCU,Air India,15,8482,1526,10008
2026-08-09,2026-08-24,DEL-CCU,Air India,15,7180,1292,8472
2026-08-09,2026-08-24,DEL-CCU,Air India,15,7435,1338,8773
2026-08-09,2026-08-16,DEL-CCU,Air India,7,10098,1817,11915
2026-08-09,2026-08-16,DEL-CCU,Air India,7,9746,1754,11500
2026-08-09,2026-08-16,DEL-CCU,Air India,7,10685,1923,12608
2026-08-09,2026-08-16,DEL-CCU,Air India,7,10469,1884,12353
2026-08-09,2026-08-16,DEL-CCU,Air India,7,9761,1756,11517
2026-08-09,2026-08-10,DEL-CCU,Air India,1,15311,2755,18066
2026-08-09,2026-08-10,DEL-CCU,Air India,1,13976,2515,16491
2026-08-09,2026-08-10,DEL-CCU,Air India,1,13843,2491,16334
2026-08-09,2026-08-10,DEL-CCU,Air India,1,13614,2450,16064
2026-08-09,2026-08-10,DEL-CCU,Air India,1,16779,3020,19799
2026-08-09,2026-09-23,DEL-CCU,Akasa,45,4998,899,5897
2026-08-09,2026-09-23,DEL-CCU,Akasa,45,5092,916,6008
2026-08-09,2026-09-23,DEL-CCU,Akasa,45,4766,857,5623
2026-08-09,2026-09-23,DEL-CCU,Akasa,45,4997,899,5896
2026-08-09,2026-09-23,DEL-CCU,Akasa,45,5024,904,5928
2026-08-09,2026-09-08,DEL-CCU,Akasa,30,5033,905,5938
2026-08-09,2026-09-08,DEL-CCU,Akasa,30,4826,868,5694
2026-08-09,2026-09-08,DEL-CCU,Akasa,30,4989,898,5887
2026-08-09,2026-09-08,DEL-CCU,Akasa,30,5704,1026,6730
2026-08-09,2026-09-08,DEL-CCU,Akasa,30,5143,925,6068
2026-08-09,2026-08-24,DEL-CCU,Akasa,15,6720,1209,7929
2026-08-09,2026-08-24,DEL-CCU,Akasa,15,6188,1113,7301
2026-08-09,2026-08-24,DEL-CCU,Akasa,15,6380,1148,7528
2026-08-09,2026-08-24,DEL-CCU,Akasa,15,5583,1004,6587
2026-08-09,2026-08-24,DEL-CCU,Akasa,15,7032,1265,8297
2026-08-09,2026-08-16,DEL-CCU,Akasa,7,8021,1443,9464
2026-08-09,2026-08-16,DEL-CCU,Akasa,7,7427,1336,8763
2026-08-09,2026-08-16,DEL-CCU,Akasa,7,8217,1479,9696
2026-08-09,2026-08-16,DEL-CCU,Akasa,7,8090,1456,9546
2026-08-09,2026-08-16,DEL-CCU,Akasa,7,7632,1373,9005
2026-08-09,2026-08-10,DEL-CCU,Akasa,1,13842,2491,16333
2026-08-09,2026-08-10,DEL-CCU,Akasa,1,11166,2009,13175
2026-08-09,2026-08-10,DEL-CCU,Akasa,1,12061,2170,14231
2026-08-09,2026-08-10,DEL-CCU,Akasa,1,12791,2302,15093
2026-08-09,2026-08-10,DEL-CCU,Akasa,1,13391,2410,15801
2026-08-09,2026-09-23,DEL-CCU,SpiceJet,45,3931,707,4638
2026-08-09,2026-09-23,DEL-CCU,SpiceJet,45,4041,727,4768
2026-08-09,2026-09-23,DEL-CCU,SpiceJet,45,4942,889,5831
2026-08-09,2026-09-23,DEL-CCU,SpiceJet,45,4196,755,4951
2026-08-09,2026-09-23,DEL-CCU,SpiceJet,45,4502,810,5312
2026-08-09,2026-09-08,DEL-CCU,SpiceJet,30,4885,879,5764
2026-08-09,2026-09-08,DEL-CCU,SpiceJet,30,4364,785,5149
2026-08-09,2026-09-08,DEL-CCU,SpiceJet,30,5427,976,6403
2026-08-09,2026-09-08,DEL-CCU,SpiceJet,30,5232,941,6173
2026-08-09,2026-09-08,DEL-CCU,SpiceJet,30,5065,911,5976
2026-08-09,2026-08-24,DEL-CCU,SpiceJet,15,5530,995,6525
2026-08-09,2026-08-24,DEL-CCU,SpiceJet,15,5678,1022,6700
2026-08-09,2026-08-24,DEL-CCU,SpiceJet,15,5255,945,6200
2026-08-09,2026-08-24,DEL-CCU,SpiceJet,15,6094,1096,7190
2026-08-09,2026-08-24,DEL-CCU,SpiceJet,15,5249,944,6193
2026-08-09,2026-08-16,DEL-CCU,SpiceJet,7,7839,1411,9250
2026-08-09,2026-08-16,DEL-CCU,SpiceJet,7,8534,1536,10070
2026-08-09,2026-08-16,DEL-CCU,SpiceJet,7,8049,1448,9497
2026-08-09,2026-08-16,DEL-CCU,SpiceJet,7,7287,1311,8598
2026-08-09,2026-08-16,DEL-CCU,SpiceJet,7,7420,1335,8755
2026-08-09,2026-08-10,DEL-CCU,SpiceJet,1,11889,2140,14029
2026-08-09,2026-08-10,DEL-CCU,SpiceJet,1,10726,1930,12656
2026-08-09,2026-08-10,DEL-CCU,SpiceJet,1,12388,2229,14617
2026-08-09,2026-08-10,DEL-CCU,SpiceJet,1,11898,2141,14039
2026-08-09,2026-08-10,DEL-CCU,SpiceJet,1,10879,1958,12837
2026-08-09,2026-09-23,BLR-HYD,IndiGo,45,2660,478,3138
2026-08-09,2026-09-23,BLR-HYD,IndiGo,45,2922,525,3447
2026-08-09,2026-09-23,BLR-HYD,IndiGo,45,2863,515,3378
2026-08-09,2026-09-23,BLR-HYD,IndiGo,45,3109,559,3668
2026-08-09,2026-09-23,BLR-HYD,IndiGo,45,2712,488,3200
2026-08-09,2026-09-08,BLR-HYD,IndiGo,30,2849,512,3361
2026-08-09,2026-09-08,BLR-HYD,IndiGo,30,3293,592,3885
2026-08-09,2026-09-08,BLR-HYD,IndiGo,30,2892,520,3412
2026-08-09,2026-09-08,BLR-HYD,IndiGo,30,3382,608,3990
2026-08-09,2026-09-08,BLR-HYD,IndiGo,30,3143,565,3708
2026-08-09,2026-08-24,BLR-HYD,IndiGo,15,3427,616,4043
2026-08-09,2026-08-24,BLR-HYD,IndiGo,15,4236,762,4998
2026-08-09,2026-08-24,BLR-HYD,IndiGo,15,4075,733,4808
2026-08-09,2026-08-24,BLR-HYD,IndiGo,15,3613,650,4263
2026-08-09,2026-08-24,BLR-HYD,IndiGo,15,3508,631,4139
2026-08-09,2026-08-16,BLR-HYD,IndiGo,7,5713,1028,6741
2026-08-09,2026-08-16,BLR-HYD,IndiGo,7,4633,833,5466
2026-08-09,2026-08-16,BLR-HYD,IndiGo,7,5104,918,6022
2026-08-09,2026-08-16,BLR-HYD,IndiGo,7,5148,926,6074
2026-08-09,2026-08-16,BLR-HYD,IndiGo,7,5738,1032,6770
2026-08-09,2026-08-10,BLR-HYD,IndiGo,1,8475,1525,10000
2026-08-09,2026-08-10,BLR-HYD,IndiGo,1,7031,1265,8296
2026-08-09,2026-08-10,BLR-HYD,IndiGo,1,7085,1275,8360
2026-08-09,2026-08-10,BLR-HYD,IndiGo,1,7415,1334,8749
2026-08-09,2026-08-10,BLR-HYD,IndiGo,1,7743,1393,9136
2026-08-09,2026-09-23,BLR-HYD,Air India,45,3081,554,3635
2026-08-09,2026-09-23,BLR-HYD,Air India,45,3491,628,4119
2026-08-09,2026-09-23,BLR-HYD,Air India,45,2910,523,3433
2026-08-09,2026-09-23,BLR-HYD,Air India,45,3580,644,4224
2026-08-09,2026-09-23,BLR-HYD,Air India,45,3666,659,4325
2026-08-09,2026-09-08,BLR-HYD,Air India,30,3730,671,4401
2026-08-09,2026-09-08,BLR-HYD,Air India,30,3379,608,3987
2026-08-09,2026-09-08,BLR-HYD,Air India,30,3387,609,3996
2026-08-09,2026-09-08,BLR-HYD,Air India,30,4014,722,4736
2026-08-09,2026-09-08,BLR-HYD,Air India,30,3932,707,4639
2026-08-09,2026-08-24,BLR-HYD,Air India,15,4053,729,4782
2026-08-09,2026-08-24,BLR-HYD,Air India,15,4053,729,4782
2026-08-09,2026-08-24,BLR-HYD,Air India,15,4813,866,5679
2026-08-09,2026-08-24,BLR-HYD,Air India,15,4055,729,4784
2026-08-09,2026-08-24,BLR-HYD,Air India,15,4792,862,5654
2026-08-09,2026-08-16,BLR-HYD,Air India,7,5395,971,6366
2026-08-09,2026-08-16,BLR-HYD,Air India,7,6075,1093,7168
2026-08-09,2026-08-16,BLR-HYD,Air India,7,5785,1041,6826
2026-08-09,2026-08-16,BLR-HYD,Air India,7,6021,1083,7104
2026-08-09,2026-08-16,BLR-HYD,Air India,7,6442,1159,7601
2026-08-09,2026-08-10,BLR-HYD,Air India,1,8477,1525,10002
2026-08-09,2026-08-10,BLR-HYD,Air India,1,7744,1393,9137
2026-08-09,2026-08-10,BLR-HYD,Air India,1,8478,1526,10004
2026-08-09,2026-08-10,BLR-HYD,Air India,1,8819,1587,10406
2026-08-09,2026-08-10,BLR-HYD,Air India,1,8141,1465,9606
2026-08-09,2026-09-23,BLR-HYD,Akasa,45,2641,475,3116
2026-08-09,2026-09-23,BLR-HYD,Akasa,45,2586,465,3051
2026-08-09,2026-09-23,BLR-HYD,Akasa,45,2618,471,3089
2026-08-09,2026-09-23,BLR-HYD,Akasa,45,2759,496,3255
2026-08-09,2026-09-23,BLR-HYD,Akasa,45,2933,527,3460
2026-08-09,2026-09-08,BLR-HYD,Akasa,30,3317,597,3914
2026-08-09,2026-09-08,BLR-HYD,Akasa,30,3020,543,3563
2026-08-09,2026-09-08,BLR-HYD,Akasa,30,3109,559,3668
2026-08-09,2026-09-08,BLR-HYD,Akasa,30,2966,533,3499
2026-08-09,2026-09-08,BLR-HYD,Akasa,30,3023,544,3567
2026-08-09,2026-08-24,BLR-HYD,Akasa,15,3507,631,4138
2026-08-09,2026-08-24,BLR-HYD,Akasa,15,3291,592,3883
2026-08-09,2026-08-24,BLR-HYD,Akasa,15,3678,662,4340
2026-08-09,2026-08-24,BLR-HYD,Akasa,15,3799,683,4482
2026-08-09,2026-08-24,BLR-HYD,Akasa,15,3520,633,4153
2026-08-09,2026-08-16,BLR-HYD,Akasa,7,4572,822,5394
2026-08-09,2026-08-16,BLR-HYD,Akasa,7,4825,868,5693
2026-08-09,2026-08-16,BLR-HYD,Akasa,7,5204,936,6140
2026-08-09,2026-08-16,BLR-HYD,Akasa,7,4929,887,5816
2026-08-09,2026-08-16,BLR-HYD,Akasa,7,4390,790,5180
2026-08-09,2026-08-10,BLR-HYD,Akasa,1,8036,1446,9482
2026-08-09,2026-08-10,BLR-HYD,Akasa,1,7472,1344,8816
2026-08-09,2026-08-10,BLR-HYD,Akasa,1,7548,1358,8906
2026-08-09,2026-08-10,BLR-HYD,Akasa,1,6447,1160,7607
2026-08-09,2026-08-10,BLR-HYD,Akasa,1,6718,1209,7927
2026-08-09,2026-09-23,BLR-HYD,SpiceJet,45,2489,448,2937
2026-08-09,2026-09-23,BLR-HYD,SpiceJet,45,2831,509,3340
2026-08-09,2026-09-23,BLR-HYD,SpiceJet,45,2288,411,2699
2026-08-09,2026-09-23,BLR-HYD,SpiceJet,45,2435,438,2873
2026-08-09,2026-09-23,BLR-HYD,SpiceJet,45,2822,507,3329
2026-08-09,2026-09-08,BLR-HYD,SpiceJet,30,2998,539,3537
2026-08-09,2026-09-08,BLR-HYD,SpiceJet,30,2697,485,3182
2026-08-09,2026-09-08,BLR-HYD,SpiceJet,30,2708,487,3195
2026-08-09,2026-09-08,BLR-HYD,SpiceJet,30,2718,489,3207
2026-08-09,2026-09-08,BLR-HYD,SpiceJet,30,2947,530,3477
2026-08-09,2026-08-24,BLR-HYD,SpiceJet,15,3539,637,4176
2026-08-09,2026-08-24,BLR-HYD,SpiceJet,15,3084,555,3639
2026-08-09,2026-08-24,BLR-HYD,SpiceJet,15,3366,605,3971
2026-08-09,2026-08-24,BLR-HYD,SpiceJet,15,3533,635,4168
2026-08-09,2026-08-24,BLR-HYD,SpiceJet,15,3371,606,3977
2026-08-09,2026-08-16,BLR-HYD,SpiceJet,7,5154,927,6081
2026-08-09,2026-08-16,BLR-HYD,SpiceJet,7,4744,853,5597
2026-08-09,2026-08-16,BLR-HYD,SpiceJet,7,5202,936,6138
2026-08-09,2026-08-16,BLR-HYD,SpiceJet,7,5049,908,5957
2026-08-09,2026-08-16,BLR-HYD,SpiceJet,7,5208,937,6145
2026-08-09,2026-08-10,BLR-HYD,SpiceJet,1,7368,1326,8694
2026-08-09,2026-08-10,BLR-HYD,SpiceJet,1,6072,1092,7164
2026-08-09,2026-08-10,BLR-HYD,SpiceJet,1,6483,1166,7649
2026-08-09,2026-08-10,BLR-HYD,SpiceJet,1,6971,1254,8225
2026-08-09,2026-08-10,BLR-HYD,SpiceJet,1,7051,1269,8320
2026-08-10,2026-09-24,DEL-BOM,IndiGo,45,3894,700,4594
2026-08-10,2026-09-24,DEL-BOM,IndiGo,45,4471,804,5275
2026-08-10,2026-09-24,DEL-BOM,IndiGo,45,4572,822,5394
2026-08-10,2026-09-24,DEL-BOM,IndiGo,45,4228,761,4989
2026-08-10,2026-09-24,DEL-BOM,IndiGo,45,4774,859,5633
2026-08-10,2026-09-09,DEL-BOM,IndiGo,30,4305,774,5079
2026-08-10,2026-09-09,DEL-BOM,IndiGo,30,4750,855,5605
2026-08-10,2026-09-09,DEL-BOM,IndiGo,30,5029,905,5934
2026-08-10,2026-09-09,DEL-BOM,IndiGo,30,4379,788,5167
2026-08-10,2026-09-09,DEL-BOM,IndiGo,30,4458,802,5260
2026-08-10,2026-08-25,DEL-BOM,IndiGo,15,5538,996,6534
2026-08-10,2026-08-25,DEL-BOM,IndiGo,15,5761,1036,6797
2026-08-10,2026-08-25,DEL-BOM,IndiGo,15,5718,1029,6747
2026-08-10,2026-08-25,DEL-BOM,IndiGo,15,5722,1029,6751
2026-08-10,2026-08-25,DEL-BOM,IndiGo,15,6438,1158,7596
2026-08-10,2026-08-17,DEL-BOM,IndiGo,7,8088,1455,9543
2026-08-10,2026-08-17,DEL-BOM,IndiGo,7,8673,1561,10234
2026-08-10,2026-08-17,DEL-BOM,IndiGo,7,8211,1477,9688
2026-08-10,2026-08-17,DEL-BOM,IndiGo,7,7480,1346,8826
2026-08-10,2026-08-17,DEL-BOM,IndiGo,7,7277,1309,8586
2026-08-10,2026-08-11,DEL-BOM,IndiGo,1,11273,2029,13302
2026-08-10,2026-08-11,DEL-BOM,IndiGo,1,11175,2011,13186
2026-08-10,2026-08-11,DEL-BOM,IndiGo,1,12046,2168,14214
2026-08-10,2026-08-11,DEL-BOM,IndiGo,1,11024,1984,13008
2026-08-10,2026-08-11,DEL-BOM,IndiGo,1,10407,1873,12280
2026-08-10,2026-09-24,DEL-BOM,Air India,45,5205,936,6141
2026-08-10,2026-09-24,DEL-BOM,Air India,45,5217,939,6156
2026-08-10,2026-09-24,DEL-BOM,Air India,45,5238,942,6180
2026-08-10,2026-09-24,DEL-BOM,Air India,45,4652,837,5489
2026-08-10,2026-09-24,DEL-BOM,Air India,45,4792,862,5654
2026-08-10,2026-09-09,DEL-BOM,Air India,30,5414,974,6388
2026-08-10,2026-09-09,DEL-BOM,Air India,30,5026,904,5930
2026-08-10,2026-09-09,DEL-BOM,Air India,30,5217,939,6156
2026-08-10,2026-09-09,DEL-BOM,Air India,30,4786,861,5647
2026-08-10,2026-09-09,DEL-BOM,Air India,30,5453,981,6434
2026-08-10,2026-08-25,DEL-BOM,Air India,15,7474,1345,8819
2026-08-10,2026-08-25,DEL-BOM,Air India,15,7091,1276,8367
2026-08-10,2026-08-25,DEL-BOM,Air India,15,6213,1118,7331
2026-08-10,2026-08-25,DEL-BOM,Air India,15,6625,1192,7817
2026-08-10,2026-08-25,DEL-BOM,Air India,15,7098,1277,8375
2026-08-10,2026-08-17,DEL-BOM,Air India,7,7981,1436,9417
2026-08-10,2026-08-17,DEL-BOM,Air India,7,8991,1618,10609
2026-08-10,2026-08-17,DEL-BOM,Air India,7,9685,1743,11428
2026-08-10,2026-08-17,DEL-BOM,Air India,7,7886,1419,9305
2026-08-10,2026-08-17,DEL-BOM,Air India,7,9788,1761,11549
2026-08-10,2026-08-11,DEL-BOM,Air India,1,13282,2390,15672
2026-08-10,2026-08-11,DEL-BOM,Air India,1,12616,2270,14886
2026-08-10,2026-08-11,DEL-BOM,Air India,1,11905,2142,14047
2026-08-10,2026-08-11,DEL-BOM,Air India,1,12966,2333,15299
2026-08-10,2026-08-11,DEL-BOM,Air India,1,14546,2618,17164
2026-08-10,2026-09-24,DEL-BOM,Akasa,45,4263,767,5030
2026-08-10,2026-09-24,DEL-BOM,Akasa,45,3774,679,4453
2026-08-10,2026-09-24,DEL-BOM,Akasa,45,4338,780,5118
2026-08-10,2026-09-24,DEL-BOM,Akasa,45,4163,749,4912
2026-08-10,2026-09-24,DEL-BOM,Akasa,45,3950,711,4661
2026-08-10,2026-09-09,DEL-BOM,Akasa,30,4511,811,5322
2026-08-10,2026-09-09,DEL-BOM,Akasa,30,4607,829,5436
2026-08-10,2026-09-09,DEL-BOM,Akasa,30,4338,780,5118
2026-08-10,2026-09-09,DEL-BOM,Akasa,30,4939,889,5828
2026-08-10,2026-09-09,DEL-BOM,Akasa,30,4546,818,5364
2026-08-10,2026-08-25,DEL-BOM,Akasa,15,6135,1104,7239
2026-08-10,2026-08-25,DEL-BOM,Akasa,15,5010,901,5911
2026-08-10,2026-08-25,DEL-BOM,Akasa,15,5588,1005,6593
2026-08-10,2026-08-25,DEL-BOM,Akasa,15,6066,1091,7157
2026-08-10,2026-08-25,DEL-BOM,Akasa,15,6095,1097,7192
2026-08-10,2026-08-17,DEL-BOM,Akasa,7,7805,1404,9209
2026-08-10,2026-08-17,DEL-BOM,Akasa,7,6728,1211,7939
2026-08-10,2026-08-17,DEL-BOM,Akasa,7,7599,1367,8966
2026-08-10,2026-08-17,DEL-BOM,Akasa,7,8044,1447,9491
2026-08-10,2026-08-17,DEL-BOM,Akasa,7,6507,1171,7678
2026-08-10,2026-08-11,DEL-BOM,Akasa,1,10676,1921,12597
2026-08-10,2026-08-11,DEL-BOM,Akasa,1,10968,1974,12942
2026-08-10,2026-08-11,DEL-BOM,Akasa,1,11594,2086,13680
2026-08-10,2026-08-11,DEL-BOM,Akasa,1,11218,2019,13237
2026-08-10,2026-08-11,DEL-BOM,Akasa,1,11639,2095,13734
2026-08-10,2026-09-24,DEL-BOM,SpiceJet,45,4115,740,4855
2026-08-10,2026-09-24,DEL-BOM,SpiceJet,45,4299,773,5072
2026-08-10,2026-09-24,DEL-BOM,SpiceJet,45,3462,623,4085
2026-08-10,2026-09-24,DEL-BOM,SpiceJet,45,3787,681,4468
2026-08-10,2026-09-24,DEL-BOM,SpiceJet,45,3682,662,4344
2026-08-10,2026-09-09,DEL-BOM,SpiceJet,30,4710,847,5557
2026-08-10,2026-09-09,DEL-BOM,SpiceJet,30,3947,710,4657
2026-08-10,2026-09-09,DEL-BOM,SpiceJet,30,3873,697,4570
2026-08-10,2026-09-09,DEL-BOM,SpiceJet,30,4227,760,4987
2026-08-10,2026-09-09,DEL-BOM,SpiceJet,30,4527,814,5341
2026-08-10,2026-08-25,DEL-BOM,SpiceJet,15,5484,987,6471
2026-08-10,2026-08-25,DEL-BOM,SpiceJet,15,5317,957,6274
2026-08-10,2026-08-25,DEL-BOM,SpiceJet,15,5084,915,5999
2026-08-10,2026-08-25,DEL-BOM,SpiceJet,15,5811,1045,6856
2026-08-10,2026-08-25,DEL-BOM,SpiceJet,15,5136,924,6060
2026-08-10,2026-08-17,DEL-BOM,SpiceJet,7,7258,1306,8564
2026-08-10,2026-08-17,DEL-BOM,SpiceJet,7,7272,1308,8580
2026-08-10,2026-08-17,DEL-BOM,SpiceJet,7,7730,1391,9121
2026-08-10,2026-08-17,DEL-BOM,SpiceJet,7,6943,1249,8192
2026-08-10,2026-08-17,DEL-BOM,SpiceJet,7,7260,1306,8566
2026-08-10,2026-08-11,DEL-BOM,SpiceJet,1,9291,1672,10963
2026-08-10,2026-08-11,DEL-BOM,SpiceJet,1,10522,1893,12415
2026-08-10,2026-08-11,DEL-BOM,SpiceJet,1,9640,1735,11375
2026-08-10,2026-08-11,DEL-BOM,SpiceJet,1,9527,1714,11241
2026-08-10,2026-08-11,DEL-BOM,SpiceJet,1,9046,1628,10674
2026-08-10,2026-09-24,DEL-BLR,IndiGo,45,5836,1050,6886
2026-08-10,2026-09-24,DEL-BLR,IndiGo,45,5500,990,6490
2026-08-10,2026-09-24,DEL-BLR,IndiGo,45,5466,983,6449
2026-08-10,2026-09-24,DEL-BLR,IndiGo,45,5879,1058,6937
2026-08-10,2026-09-24,DEL-BLR,IndiGo,45,5063,911,5974
2026-08-10,2026-09-09,DEL-BLR,IndiGo,30,6042,1087,7129
2026-08-10,2026-09-09,DEL-BLR,IndiGo,30,6451,1161,7612
2026-08-10,2026-09-09,DEL-BLR,IndiGo,30,5480,986,6466
2026-08-10,2026-09-09,DEL-BLR,IndiGo,30,6296,1133,7429
2026-08-10,2026-09-09,DEL-BLR,IndiGo,30,6170,1110,7280
2026-08-10,2026-08-25,DEL-BLR,IndiGo,15,8114,1460,9574
2026-08-10,2026-08-25,DEL-BLR,IndiGo,15,7394,1330,8724
2026-08-10,2026-08-25,DEL-BLR,IndiGo,15,8520,1533,10053
2026-08-10,2026-08-25,DEL-BLR,IndiGo,15,8229,1481,9710
2026-08-10,2026-08-25,DEL-BLR,IndiGo,15,7999,1439,9438
2026-08-10,2026-08-17,DEL-BLR,IndiGo,7,10760,1936,12696
2026-08-10,2026-08-17,DEL-BLR,IndiGo,7,10921,1965,12886
2026-08-10,2026-08-17,DEL-BLR,IndiGo,7,9111,1639,10750
2026-08-10,2026-08-17,DEL-BLR,IndiGo,7,10138,1824,11962
2026-08-10,2026-08-17,DEL-BLR,IndiGo,7,10500,1890,12390
2026-08-10,2026-08-11,DEL-BLR,IndiGo,1,15130,2723,17853
2026-08-10,2026-08-11,DEL-BLR,IndiGo,1,14675,2641,17316
2026-08-10,2026-08-11,DEL-BLR,IndiGo,1,15166,2729,17895
2026-08-10,2026-08-11,DEL-BLR,IndiGo,1,15909,2863,18772
2026-08-10,2026-08-11,DEL-BLR,IndiGo,1,14420,2595,17015
2026-08-10,2026-09-24,DEL-BLR,Air India,45,6370,1146,7516
2026-08-10,2026-09-24,DEL-BLR,Air India,45,6209,1117,7326
2026-08-10,2026-09-24,DEL-BLR,Air India,45,6473,1165,7638
2026-08-10,2026-09-24,DEL-BLR,Air India,45,7236,1302,8538
2026-08-10,2026-09-24,DEL-BLR,Air India,45,6481,1166,7647
2026-08-10,2026-09-09,DEL-BLR,Air India,30,7836,1410,9246
2026-08-10,2026-09-09,DEL-BLR,Air India,30,7350,1323,8673
2026-08-10,2026-09-09,DEL-BLR,Air India,30,6638,1194,7832
2026-08-10,2026-09-09,DEL-BLR,Air India,30,7080,1274,8354
2026-08-10,2026-09-09,DEL-BLR,Air India,30,7694,1384,9078
2026-08-10,2026-08-25,DEL-BLR,Air India,15,7974,1435,9409
2026-08-10,2026-08-25,DEL-BLR,Air India,15,8126,1462,9588
2026-08-10,2026-08-25,DEL-BLR,Air India,15,7827,1408,9235
2026-08-10,2026-08-25,DEL-BLR,Air India,15,8009,1441,9450
2026-08-10,2026-08-25,DEL-BLR,Air India,15,7860,1414,9274
2026-08-10,2026-08-17,DEL-BLR,Air India,7,12881,2318,15199
2026-08-10,2026-08-17,DEL-BLR,Air India,7,12884,2319,15203
2026-08-10,2026-08-17,DEL-BLR,Air India,7,12748,2294,15042
2026-08-10,2026-08-17,DEL-BLR,Air India,7,10975,1975,12950
2026-08-10,2026-08-17,DEL-BLR,Air India,7,12027,2164,14191
2026-08-10,2026-08-11,DEL-BLR,Air India,1,16437,2958,19395
2026-08-10,2026-08-11,DEL-BLR,Air India,1,17498,3149,20647
2026-08-10,2026-08-11,DEL-BLR,Air India,1,16274,2929,19203
2026-08-10,2026-08-11,DEL-BLR,Air India,1,17771,3198,20969
2026-08-10,2026-08-11,DEL-BLR,Air India,1,19001,3420,22421
2026-08-10,2026-09-24,DEL-BLR,Akasa,45,4807,865,5672
2026-08-10,2026-09-24,DEL-BLR,Akasa,45,4757,856,5613
2026-08-10,2026-09-24,DEL-BLR,Akasa,45,5852,1053,6905
2026-08-10,2026-09-24,DEL-BLR,Akasa,45,5792,1042,6834
2026-08-10,2026-09-24,DEL-BLR,Akasa,45,5968,1074,7042
2026-08-10,2026-09-09,DEL-BLR,Akasa,30,6166,1109,7275
2026-08-10,2026-09-09,DEL-BLR,Akasa,30,5240,943,6183
2026-08-10,2026-09-09,DEL-BLR,Akasa,30,6468,1164,7632
2026-08-10,2026-09-09,DEL-BLR,Akasa,30,5464,983,6447
2026-08-10,2026-09-09,DEL-BLR,Akasa,30,5213,938,6151
2026-08-10,2026-08-25,DEL-BLR,Akasa,15,6929,1247,8176
2026-08-10,2026-08-25,DEL-BLR,Akasa,15,7124,1282,8406
2026-08-10,2026-08-25,DEL-BLR,Akasa,15,6587,1185,7772
2026-08-10,2026-08-25,DEL-BLR,Akasa,15,7898,1421,9319
2026-08-10,2026-08-25,DEL-BLR,Akasa,15,6472,1164,7636
2026-08-10,2026-08-17,DEL-BLR,Akasa,7,9672,1740,11412
2026-08-10,2026-08-17,DEL-BLR,Akasa,7,9358,1684,11042
2026-08-10,2026-08-17,DEL-BLR,Akasa,7,10360,1864,12224
2026-08-10,2026-08-17,DEL-BLR,Akasa,7,10289,1852,12141
2026-08-10,2026-08-17,DEL-BLR,Akasa,7,9098,1637,10735
2026-08-10,2026-08-11,DEL-BLR,Akasa,1,13649,2456,16105
2026-08-10,2026-08-11,DEL-BLR,Akasa,1,15339,2761,18100
2026-08-10,2026-08-11,DEL-BLR,Akasa,1,13270,2388,15658
2026-08-10,2026-08-11,DEL-BLR,Akasa,1,14735,2652,17387
2026-08-10,2026-08-11,DEL-BLR,Akasa,1,14173,2551,16724
2026-08-10,2026-09-24,DEL-BLR,SpiceJet,45,5634,1014,6648
2026-08-10,2026-09-24,DEL-BLR,SpiceJet,45,5204,936,6140
2026-08-10,2026-09-24,DEL-BLR,SpiceJet,45,5530,995,6525
2026-08-10,2026-09-24,DEL-BLR,SpiceJet,45,4769,858,5627
2026-08-10,2026-09-24,DEL-BLR,SpiceJet,45,5022,903,5925
2026-08-10,2026-09-09,DEL-BLR,SpiceJet,30,6135,1104,7239
2026-08-10,2026-09-09,DEL-BLR,SpiceJet,30,6110,1099,7209
2026-08-10,2026-09-09,DEL-BLR,SpiceJet,30,5409,973,6382
2026-08-10,2026-09-09,DEL-BLR,SpiceJet,30,5250,945,6195
2026-08-10,2026-09-09,DEL-BLR,SpiceJet,30,6143,1105,7248
2026-08-10,2026-08-25,DEL-BLR,SpiceJet,15,7274,1309,8583
2026-08-10,2026-08-25,DEL-BLR,SpiceJet,15,7460,1342,8802
2026-08-10,2026-08-25,DEL-BLR,SpiceJet,15,7143,1285,8428
2026-08-10,2026-08-25,DEL-BLR,SpiceJet,15,6217,1119,7336
2026-08-10,2026-08-25,DEL-BLR,SpiceJet,15,7494,1348,8842
2026-08-10,2026-08-17,DEL-BLR,SpiceJet,7,10135,1824,11959
2026-08-10,2026-08-17,DEL-BLR,SpiceJet,7,9113,1640,10753
2026-08-10,2026-08-17,DEL-BLR,SpiceJet,7,9538,1716,11254
2026-08-10,2026-08-17,DEL-BLR,SpiceJet,7,8958,1612,10570
2026-08-10,2026-08-17,DEL-BLR,SpiceJet,7,8286,1491,9777
2026-08-10,2026-08-11,DEL-BLR,SpiceJet,1,13088,2355,15443
2026-08-10,2026-08-11,DEL-BLR,SpiceJet,1,14065,2531,16596
2026-08-10,2026-08-11,DEL-BLR,SpiceJet,1,12162,2189,14351
2026-08-10,2026-08-11,DEL-BLR,SpiceJet,1,14384,2589,16973
2026-08-10,2026-08-11,DEL-BLR,SpiceJet,1,11996,2159,14155
2026-08-10,2026-09-24,BOM-BLR,IndiGo,45,3635,654,4289
2026-08-10,2026-09-24,BOM-BLR,IndiGo,45,3844,691,4535
2026-08-10,2026-09-24,BOM-BLR,IndiGo,45,3384,609,3993
2026-08-10,2026-09-24,BOM-BLR,IndiGo,45,3523,634,4157
2026-08-10,2026-09-24,BOM-BLR,IndiGo,45,3775,679,4454
2026-08-10,2026-09-09,BOM-BLR,IndiGo,30,4416,794,5210
2026-08-10,2026-09-09,BOM-BLR,IndiGo,30,4293,772,5065
2026-08-10,2026-09-09,BOM-BLR,IndiGo,30,3870,696,4566
2026-08-10,2026-09-09,BOM-BLR,IndiGo,30,4235,762,4997
2026-08-10,2026-09-09,BOM-BLR,IndiGo,30,3755,675,4430
2026-08-10,2026-08-25,BOM-BLR,IndiGo,15,4633,833,5466
2026-08-10,2026-08-25,BOM-BLR,IndiGo,15,5147,926,6073
2026-08-10,2026-08-25,BOM-BLR,IndiGo,15,5355,963,6318
2026-08-10,2026-08-25,BOM-BLR,IndiGo,15,4294,772,5066
2026-08-10,2026-08-25,BOM-BLR,IndiGo,15,4561,820,5381
2026-08-10,2026-08-17,BOM-BLR,IndiGo,7,6116,1100,7216
2026-08-10,2026-08-17,BOM-BLR,IndiGo,7,6631,1193,7824
2026-08-10,2026-08-17,BOM-BLR,IndiGo,7,6292,1132,7424
2026-08-10,2026-08-17,BOM-BLR,IndiGo,7,7043,1267,8310
2026-08-10,2026-08-17,BOM-BLR,IndiGo,7,6515,1172,7687
2026-08-10,2026-08-11,BOM-BLR,IndiGo,1,10649,1916,12565
2026-08-10,2026-08-11,BOM-BLR,IndiGo,1,8981,1616,10597
2026-08-10,2026-08-11,BOM-BLR,IndiGo,1,10434,1878,12312
2026-08-10,2026-08-11,BOM-BLR,IndiGo,1,8901,1602,10503
2026-08-10,2026-08-11,BOM-BLR,IndiGo,1,10012,1802,11814
2026-08-10,2026-09-24,BOM-BLR,Air India,45,4193,754,4947
2026-08-10,2026-09-24,BOM-BLR,Air India,45,4207,757,4964
2026-08-10,2026-09-24,BOM-BLR,Air India,45,4408,793,5201
2026-08-10,2026-09-24,BOM-BLR,Air India,45,4161,748,4909
2026-08-10,2026-09-24,BOM-BLR,Air India,45,3840,691,4531
2026-08-10,2026-09-09,BOM-BLR,Air India,30,4019,723,4742
2026-08-10,2026-09-09,BOM-BLR,Air India,30,4937,888,5825
2026-08-10,2026-09-09,BOM-BLR,Air India,30,4369,786,5155
2026-08-10,2026-09-09,BOM-BLR,Air India,30,4039,727,4766
2026-08-10,2026-09-09,BOM-BLR,Air India,30,4442,799,5241
2026-08-10,2026-08-25,BOM-BLR,Air India,15,6203,1116,7319
2026-08-10,2026-08-25,BOM-BLR,Air India,15,5364,965,6329
2026-08-10,2026-08-25,BOM-BLR,Air India,15,6201,1116,7317
2026-08-10,2026-08-25,BOM-BLR,Air India,15,5225,940,6165
2026-08-10,2026-08-25,BOM-BLR,Air India,15,5140,925,6065
2026-08-10,2026-08-17,BOM-BLR,Air India,7,7625,1372,8997
2026-08-10,2026-08-17,BOM-BLR,Air India,7,6890,1240,8130
2026-08-10,2026-08-17,BOM-BLR,Air India,7,7744,1393,9137
2026-08-10,2026-08-17,BOM-BLR,Air India,7,7330,1319,8649
2026-08-10,2026-08-17,BOM-BLR,Air India,7,7850,1413,9263
2026-08-10,2026-08-11,BOM-BLR,Air India,1,11727,2110,13837
2026-08-10,2026-08-11,BOM-BLR,Air India,1,12152,2187,14339
2026-08-10,2026-08-11,BOM-BLR,Air India,1,10656,1918,12574
2026-08-10,2026-08-11,BOM-BLR,Air India,1,10584,1905,12489
2026-08-10,2026-08-11,BOM-BLR,Air India,1,11077,1993,13070
2026-08-10,2026-09-24,BOM-BLR,Akasa,45,3126,562,3688
2026-08-10,2026-09-24,BOM-BLR,Akasa,45,3700,666,4366
2026-08-10,2026-09-24,BOM-BLR,Akasa,45,3369,606,3975
2026-08-10,2026-09-24,BOM-BLR,Akasa,45,3795,683,4478
2026-08-10,2026-09-24,BOM-BLR,Akasa,45,3000,540,3540
2026-08-10,2026-09-09,BOM-BLR,Akasa,30,3474,625,4099
2026-08-10,2026-09-09,BOM-BLR,Akasa,30,3747,674,4421
2026-08-10,2026-09-09,BOM-BLR,Akasa,30,3844,691,4535
2026-08-10,2026-09-09,BOM-BLR,Akasa,30,3872,696,4568
2026-08-10,2026-09-09,BOM-BLR,Akasa,30,3652,657,4309
2026-08-10,2026-08-25,BOM-BLR,Akasa,15,4396,791,5187
2026-08-10,2026-08-25,BOM-BLR,Akasa,15,4261,766,5027
2026-08-10,2026-08-25,BOM-BLR,Akasa,15,4672,840,5512
2026-08-10,2026-08-25,BOM-BLR,Akasa,15,4661,838,5499
2026-08-10,2026-08-25,BOM-BLR,Akasa,15,4927,886,5813
2026-08-10,2026-08-17,BOM-BLR,Akasa,7,6372,1146,7518
2026-08-10,2026-08-17,BOM-BLR,Akasa,7,5639,1015,6654
2026-08-10,2026-08-17,BOM-BLR,Akasa,7,6167,1110,7277
2026-08-10,2026-08-17,BOM-BLR,Akasa,7,6479,1166,7645
2026-08-10,2026-08-17,BOM-BLR,Akasa,7,5725,1030,6755
2026-08-10,2026-08-11,BOM-BLR,Akasa,1,9832,1769,11601
2026-08-10,2026-08-11,BOM-BLR,Akasa,1,8482,1526,10008
2026-08-10,2026-08-11,BOM-BLR,Akasa,1,10113,1820,11933
2026-08-10,2026-08-11,BOM-BLR,Akasa,1,8934,1608,10542
2026-08-10,2026-08-11,BOM-BLR,Akasa,1,8885,1599,10484
2026-08-10,2026-09-24,BOM-BLR,SpiceJet,45,2954,531,3485
2026-08-10,2026-09-24,BOM-BLR,SpiceJet,45,3482,626,4108
2026-08-10,2026-09-24,BOM-BLR,SpiceJet,45,2893,520,3413
2026-08-10,2026-09-24,BOM-BLR,SpiceJet,45,3594,646,4240
2026-08-10,2026-09-24,BOM-BLR,SpiceJet,45,3298,593,3891
2026-08-10,2026-09-09,BOM-BLR,SpiceJet,30,3675,661,4336
2026-08-10,2026-09-09,BOM-BLR,SpiceJet,30,3188,573,3761
2026-08-10,2026-09-09,BOM-BLR,SpiceJet,30,3949,710,4659
2026-08-10,2026-09-09,BOM-BLR,SpiceJet,30,3613,650,4263
2026-08-10,2026-09-09,BOM-BLR,SpiceJet,30,3650,657,4307
2026-08-10,2026-08-25,BOM-BLR,SpiceJet,15,4051,729,4780
2026-08-10,2026-08-25,BOM-BLR,SpiceJet,15,4339,781,5120
2026-08-10,2026-08-25,BOM-BLR,SpiceJet,15,4022,723,4745
2026-08-10,2026-08-25,BOM-BLR,SpiceJet,15,4267,768,5035
2026-08-10,2026-08-25,BOM-BLR,SpiceJet,15,4324,778,5102
2026-08-10,2026-08-17,BOM-BLR,SpiceJet,7,5999,1079,7078
2026-08-10,2026-08-17,BOM-BLR,SpiceJet,7,5128,923,6051
2026-08-10,2026-08-17,BOM-BLR,SpiceJet,7,5713,1028,6741
2026-08-10,2026-08-17,BOM-BLR,SpiceJet,7,6518,1173,7691
2026-08-10,2026-08-17,BOM-BLR,SpiceJet,7,5747,1034,6781
2026-08-10,2026-08-11,BOM-BLR,SpiceJet,1,8703,1566,10269
2026-08-10,2026-08-11,BOM-BLR,SpiceJet,1,9590,1726,11316
2026-08-10,2026-08-11,BOM-BLR,SpiceJet,1,8479,1526,10005
2026-08-10,2026-08-11,BOM-BLR,SpiceJet,1,8129,1463,9592
2026-08-10,2026-08-11,BOM-BLR,SpiceJet,1,7723,1390,9113
2026-08-10,2026-09-24,DEL-CCU,IndiGo,45,4436,798,5234
2026-08-10,2026-09-24,DEL-CCU,IndiGo,45,5196,935,6131
2026-08-10,2026-09-24,DEL-CCU,IndiGo,45,5297,953,6250
2026-08-10,2026-09-24,DEL-CCU,IndiGo,45,5120,921,6041
2026-08-10,2026-09-24,DEL-CCU,IndiGo,45,5291,952,6243
2026-08-10,2026-09-09,DEL-CCU,IndiGo,30,6000,1080,7080
2026-08-10,2026-09-09,DEL-CCU,IndiGo,30,6039,1087,7126
2026-08-10,2026-09-09,DEL-CCU,IndiGo,30,5618,1011,6629
2026-08-10,2026-09-09,DEL-CCU,IndiGo,30,4925,886,5811
2026-08-10,2026-09-09,DEL-CCU,IndiGo,30,4940,889,5829
2026-08-10,2026-08-25,DEL-CCU,IndiGo,15,5962,1073,7035
2026-08-10,2026-08-25,DEL-CCU,IndiGo,15,7166,1289,8455
2026-08-10,2026-08-25,DEL-CCU,IndiGo,15,6149,1106,7255
2026-08-10,2026-08-25,DEL-CCU,IndiGo,15,6285,1131,7416
2026-08-10,2026-08-25,DEL-CCU,IndiGo,15,6065,1091,7156
2026-08-10,2026-08-17,DEL-CCU,IndiGo,7,9737,1752,11489
2026-08-10,2026-08-17,DEL-CCU,IndiGo,7,8887,1599,10486
2026-08-10,2026-08-17,DEL-CCU,IndiGo,7,9848,1772,11620
2026-08-10,2026-08-17,DEL-CCU,IndiGo,7,7860,1414,9274
2026-08-10,2026-08-17,DEL-CCU,IndiGo,7,7896,1421,9317
2026-08-10,2026-08-11,DEL-CCU,IndiGo,1,13053,2349,15402
2026-08-10,2026-08-11,DEL-CCU,IndiGo,1,12372,2226,14598
2026-08-10,2026-08-11,DEL-CCU,IndiGo,1,13963,2513,16476
2026-08-10,2026-08-11,DEL-CCU,IndiGo,1,14009,2521,16530
2026-08-10,2026-08-11,DEL-CCU,IndiGo,1,11680,2102,13782
2026-08-10,2026-09-24,DEL-CCU,Air India,45,5572,1002,6574
2026-08-10,2026-09-24,DEL-CCU,Air India,45,5872,1056,6928
2026-08-10,2026-09-24,DEL-CCU,Air India,45,5802,1044,6846
2026-08-10,2026-09-24,DEL-CCU,Air India,45,5693,1024,6717
2026-08-10,2026-09-24,DEL-CCU,Air India,45,5139,925,6064
2026-08-10,2026-09-09,DEL-CCU,Air India,30,6938,1248,8186
2026-08-10,2026-09-09,DEL-CCU,Air India,30,6040,1087,7127
2026-08-10,2026-09-09,DEL-CCU,Air India,30,5534,996,6530
2026-08-10,2026-09-09,DEL-CCU,Air India,30,5975,1075,7050
2026-08-10,2026-09-09,DEL-CCU,Air India,30,5965,1073,7038
2026-08-10,2026-08-25,DEL-CCU,Air India,15,7676,1381,9057
2026-08-10,2026-08-25,DEL-CCU,Air India,15,8389,1510,9899
2026-08-10,2026-08-25,DEL-CCU,Air India,15,7401,1332,8733
2026-08-10,2026-08-25,DEL-CCU,Air India,15,7303,1314,8617
2026-08-10,2026-08-25,DEL-CCU,Air India,15,8221,1479,9700
2026-08-10,2026-08-17,DEL-CCU,Air India,7,11190,2014,13204
2026-08-10,2026-08-17,DEL-CCU,Air India,7,9484,1707,11191
2026-08-10,2026-08-17,DEL-CCU,Air India,7,10995,1979,12974
2026-08-10,2026-08-17,DEL-CCU,Air India,7,9717,1749,11466
2026-08-10,2026-08-17,DEL-CCU,Air India,7,9622,1731,11353
2026-08-10,2026-08-11,DEL-CCU,Air India,1,13465,2423,15888
2026-08-10,2026-08-11,DEL-CCU,Air India,1,14074,2533,16607
2026-08-10,2026-08-11,DEL-CCU,Air India,1,14228,2561,16789
2026-08-10,2026-08-11,DEL-CCU,Air India,1,15871,2856,18727
2026-08-10,2026-08-11,DEL-CCU,Air India,1,14194,2554,16748
2026-08-10,2026-09-24,DEL-CCU,Akasa,45,5087,915,6002
2026-08-10,2026-09-24,DEL-CCU,Akasa,45,4832,869,5701
2026-08-10,2026-09-24,DEL-CCU,Akasa,45,4313,776,5089
2026-08-10,2026-09-24,DEL-CCU,Akasa,45,4411,793,5204
2026-08-10,2026-09-24,DEL-CCU,Akasa,45,4568,822,5390
2026-08-10,2026-09-09,DEL-CCU,Akasa,30,5466,983,6449
2026-08-10,2026-09-09,DEL-CCU,Akasa,30,5480,986,6466
2026-08-10,2026-09-09,DEL-CCU,Akasa,30,4877,877,5754
2026-08-10,2026-09-09,DEL-CCU,Akasa,30,4789,862,5651
2026-08-10,2026-09-09,DEL-CCU,Akasa,30,5428,977,6405
2026-08-10,2026-08-25,DEL-CCU,Akasa,15,6623,1192,7815
2026-08-10,2026-08-25,DEL-CCU,Akasa,15,6323,1138,7461
2026-08-10,2026-08-25,DEL-CCU,Akasa,15,5959,1072,7031
2026-08-10,2026-08-25,DEL-CCU,Akasa,15,5611,1009,6620
2026-08-10,2026-08-25,DEL-CCU,Akasa,15,6453,1161,7614
2026-08-10,2026-08-17,DEL-CCU,Akasa,7,7445,1340,8785
2026-08-10,2026-08-17,DEL-CCU,Akasa,7,9215,1658,10873
2026-08-10,2026-08-17,DEL-CCU,Akasa,7,8203,1476,9679
2026-08-10,2026-08-17,DEL-CCU,Akasa,7,7655,1377,9032
2026-08-10,2026-08-17,DEL-CCU,Akasa,7,8946,1610,10556
2026-08-10,2026-08-11,DEL-CCU,Akasa,1,12658,2278,14936
2026-08-10,2026-08-11,DEL-CCU,Akasa,1,12712,2288,15000
2026-08-10,2026-08-11,DEL-CCU,Akasa,1,13475,2425,15900
2026-08-10,2026-08-11,DEL-CCU,Akasa,1,11837,2130,13967
2026-08-10,2026-08-11,DEL-CCU,Akasa,1,12636,2274,14910
2026-08-10,2026-09-24,DEL-CCU,SpiceJet,45,4238,762,5000
2026-08-10,2026-09-24,DEL-CCU,SpiceJet,45,3988,717,4705
2026-08-10,2026-09-24,DEL-CCU,SpiceJet,45,4546,818,5364
2026-08-10,2026-09-24,DEL-CCU,SpiceJet,45,4490,808,5298
2026-08-10,2026-09-24,DEL-CCU,SpiceJet,45,4518,813,5331
2026-08-10,2026-09-09,DEL-CCU,SpiceJet,30,4460,802,5262
2026-08-10,2026-09-09,DEL-CCU,SpiceJet,30,4725,850,5575
2026-08-10,2026-09-09,DEL-CCU,SpiceJet,30,4732,851,5583
2026-08-10,2026-09-09,DEL-CCU,SpiceJet,30,5184,933,6117
2026-08-10,2026-09-09,DEL-CCU,SpiceJet,30,5204,936,6140
2026-08-10,2026-08-25,DEL-CCU,SpiceJet,15,5503,990,6493
2026-08-10,2026-08-25,DEL-CCU,SpiceJet,15,6632,1193,7825
2026-08-10,2026-08-25,DEL-CCU,SpiceJet,15,6046,1088,7134
2026-08-10,2026-08-25,DEL-CCU,SpiceJet,15,6153,1107,7260
2026-08-10,2026-08-25,DEL-CCU,SpiceJet,15,6292,1132,7424
2026-08-10,2026-08-17,DEL-CCU,SpiceJet,7,7270,1308,8578
2026-08-10,2026-08-17,DEL-CCU,SpiceJet,7,7043,1267,8310
2026-08-10,2026-08-17,DEL-CCU,SpiceJet,7,7851,1413,9264
2026-08-10,2026-08-17,DEL-CCU,SpiceJet,7,7165,1289,8454
2026-08-10,2026-08-17,DEL-CCU,SpiceJet,7,8128,1463,9591
2026-08-10,2026-08-11,DEL-CCU,SpiceJet,1,12462,2243,14705
2026-08-10,2026-08-11,DEL-CCU,SpiceJet,1,12907,2323,15230
2026-08-10,2026-08-11,DEL-CCU,SpiceJet,1,13101,2358,15459
2026-08-10,2026-08-11,DEL-CCU,SpiceJet,1,10738,1932,12670
2026-08-10,2026-08-11,DEL-CCU,SpiceJet,1,11970,2154,14124
2026-08-10,2026-09-24,BLR-HYD,IndiGo,45,2983,536,3519
2026-08-10,2026-09-24,BLR-HYD,IndiGo,45,3195,575,3770
2026-08-10,2026-09-24,BLR-HYD,IndiGo,45,3134,564,3698
2026-08-10,2026-09-24,BLR-HYD,IndiGo,45,2990,538,3528
2026-08-10,2026-09-24,BLR-HYD,IndiGo,45,2733,491,3224
2026-08-10,2026-09-09,BLR-HYD,IndiGo,30,3232,581,3813
2026-08-10,2026-09-09,BLR-HYD,IndiGo,30,2814,506,3320
2026-08-10,2026-09-09,BLR-HYD,IndiGo,30,3078,554,3632
2026-08-10,2026-09-09,BLR-HYD,IndiGo,30,3494,628,4122
2026-08-10,2026-09-09,BLR-HYD,IndiGo,30,3179,572,3751
2026-08-10,2026-08-25,BLR-HYD,IndiGo,15,4002,720,4722
2026-08-10,2026-08-25,BLR-HYD,IndiGo,15,3971,714,4685
2026-08-10,2026-08-25,BLR-HYD,IndiGo,15,3572,642,4214
2026-08-10,2026-08-25,BLR-HYD,IndiGo,15,4247,764,5011
2026-08-10,2026-08-25,BLR-HYD,IndiGo,15,3663,659,4322
2026-08-10,2026-08-17,BLR-HYD,IndiGo,7,5081,914,5995
2026-08-10,2026-08-17,BLR-HYD,IndiGo,7,4545,818,5363
2026-08-10,2026-08-17,BLR-HYD,IndiGo,7,5366,965,6331
2026-08-10,2026-08-17,BLR-HYD,IndiGo,7,5104,918,6022
2026-08-10,2026-08-17,BLR-HYD,IndiGo,7,4677,841,5518
2026-08-10,2026-08-11,BLR-HYD,IndiGo,1,6822,1227,8049
2026-08-10,2026-08-11,BLR-HYD,IndiGo,1,7447,1340,8787
2026-08-10,2026-08-11,BLR-HYD,IndiGo,1,6688,1203,7891
2026-08-10,2026-08-11,BLR-HYD,IndiGo,1,7235,1302,8537
2026-08-10,2026-08-11,BLR-HYD,IndiGo,1,6832,1229,8061
2026-08-10,2026-09-24,BLR-HYD,Air India,45,3319,597,3916
2026-08-10,2026-09-24,BLR-HYD,Air India,45,2998,539,3537
2026-08-10,2026-09-24,BLR-HYD,Air India,45,3271,588,3859
2026-08-10,2026-09-24,BLR-HYD,Air India,45,3511,631,4142
2026-08-10,2026-09-24,BLR-HYD,Air India,45,3196,575,3771
2026-08-10,2026-09-09,BLR-HYD,Air India,30,3205,576,3781
2026-08-10,2026-09-09,BLR-HYD,Air India,30,3873,697,4570
2026-08-10,2026-09-09,BLR-HYD,Air India,30,3852,693,4545
2026-08-10,2026-09-09,BLR-HYD,Air India,30,3513,632,4145
2026-08-10,2026-09-09,BLR-HYD,Air India,30,4035,726,4761
2026-08-10,2026-08-25,BLR-HYD,Air India,15,4967,894,5861
2026-08-10,2026-08-25,BLR-HYD,Air India,15,4417,795,5212
2026-08-10,2026-08-25,BLR-HYD,Air India,15,4447,800,5247
2026-08-10,2026-08-25,BLR-HYD,Air India,15,4984,897,5881
2026-08-10,2026-08-25,BLR-HYD,Air India,15,4173,751,4924
2026-08-10,2026-08-17,BLR-HYD,Air India,7,5766,1037,6803
2026-08-10,2026-08-17,BLR-HYD,Air India,7,5555,999,6554
2026-08-10,2026-08-17,BLR-HYD,Air India,7,6642,1195,7837
2026-08-10,2026-08-17,BLR-HYD,Air India,7,5813,1046,6859
2026-08-10,2026-08-17,BLR-HYD,Air India,7,5583,1004,6587
2026-08-10,2026-08-11,BLR-HYD,Air India,1,8447,1520,9967
2026-08-10,2026-08-11,BLR-HYD,Air India,1,9416,1694,11110
2026-08-10,2026-08-11,BLR-HYD,Air India,1,8586,1545,10131
2026-08-10,2026-08-11,BLR-HYD,Air India,1,9533,1715,11248
2026-08-10,2026-08-11,BLR-HYD,Air India,1,9412,1694,11106
2026-08-10,2026-09-24,BLR-HYD,Akasa,45,2943,529,3472
2026-08-10,2026-09-24,BLR-HYD,Akasa,45,2691,484,3175
2026-08-10,2026-09-24,BLR-HYD,Akasa,45,2609,469,3078
2026-08-10,2026-09-24,BLR-HYD,Akasa,45,2608,469,3077
2026-08-10,2026-09-24,BLR-HYD,Akasa,45,2584,465,3049
2026-08-10,2026-09-09,BLR-HYD,Akasa,30,3028,545,3573
2026-08-10,2026-09-09,BLR-HYD,Akasa,30,2870,516,3386
2026-08-10,2026-09-09,BLR-HYD,Akasa,30,2732,491,3223
2026-08-10,2026-09-09,BLR-HYD,Akasa,30,3078,554,3632
2026-08-10,2026-09-09,BLR-HYD,Akasa,30,3222,579,3801
2026-08-10,2026-08-25,BLR-HYD,Akasa,15,3291,592,3883
2026-08-10,2026-08-25,BLR-HYD,Akasa,15,3609,649,4258
2026-08-10,2026-08-25,BLR-HYD,Akasa,15,3388,609,3997
2026-08-10,2026-08-25,BLR-HYD,Akasa,15,4107,739,4846
2026-08-10,2026-08-25,BLR-HYD,Akasa,15,3873,697,4570
2026-08-10,2026-08-17,BLR-HYD,Akasa,7,4875,877,5752
2026-08-10,2026-08-17,BLR-HYD,Akasa,7,4460,802,5262
2026-08-10,2026-08-17,BLR-HYD,Akasa,7,4774,859,5633
2026-08-10,2026-08-17,BLR-HYD,Akasa,7,4720,849,5569
2026-08-10,2026-08-17,BLR-HYD,Akasa,7,4372,786,5158
2026-08-10,2026-08-11,BLR-HYD,Akasa,1,7275,1309,8584
2026-08-10,2026-08-11,BLR-HYD,Akasa,1,6676,1201,7877
2026-08-10,2026-08-11,BLR-HYD,Akasa,1,7100,1278,8378
2026-08-10,2026-08-11,BLR-HYD,Akasa,1,7438,1338,8776
2026-08-10,2026-08-11,BLR-HYD,Akasa,1,6486,1167,7653
2026-08-10,2026-09-24,BLR-HYD,SpiceJet,45,2759,496,3255
2026-08-10,2026-09-24,BLR-HYD,SpiceJet,45,2736,492,3228
2026-08-10,2026-09-24,BLR-HYD,SpiceJet,45,2442,439,2881
2026-08-10,2026-09-24,BLR-HYD,SpiceJet,45,2534,456,2990
2026-08-10,2026-09-24,BLR-HYD,SpiceJet,45,2563,461,3024
2026-08-10,2026-09-09,BLR-HYD,SpiceJet,30,3078,554,3632
2026-08-10,2026-09-09,BLR-HYD,SpiceJet,30,2630,473,3103
2026-08-10,2026-09-09,BLR-HYD,SpiceJet,30,2911,523,3434
2026-08-10,2026-09-09,BLR-HYD,SpiceJet,30,3138,564,3702
2026-08-10,2026-09-09,BLR-HYD,SpiceJet,30,2677,481,3158
2026-08-10,2026-08-25,BLR-HYD,SpiceJet,15,3407,613,4020
2026-08-10,2026-08-25,BLR-HYD,SpiceJet,15,3494,628,4122
2026-08-10,2026-08-25,BLR-HYD,SpiceJet,15,3843,691,4534
2026-08-10,2026-08-25,BLR-HYD,SpiceJet,15,3382,608,3990
2026-08-10,2026-08-25,BLR-HYD,SpiceJet,15,3501,630,4131
2026-08-10,2026-08-17,BLR-HYD,SpiceJet,7,5115,920,6035
2026-08-10,2026-08-17,BLR-HYD,SpiceJet,7,5169,930,6099
2026-08-10,2026-08-17,BLR-HYD,SpiceJet,7,4288,771,5059
2026-08-10,2026-08-17,BLR-HYD,SpiceJet,7,4109,739,4848
2026-08-10,2026-08-17,BLR-HYD,SpiceJet,7,4495,809,5304
2026-08-10,2026-08-11,BLR-HYD,SpiceJet,1,7610,1369,8979
2026-08-10,2026-08-11,BLR-HYD,SpiceJet,1,6322,1137,7459
2026-08-10,2026-08-11,BLR-HYD,SpiceJet,1,6465,1163,7628
2026-08-10,2026-08-11,BLR-HYD,SpiceJet,1,7446,1340,8786
2026-08-10,2026-08-11,BLR-HYD,SpiceJet,1,6220,1119,7339
2026-08-11,2026-09-25,DEL-BOM,IndiGo,45,4522,813,5335
2026-08-11,2026-09-25,DEL-BOM,IndiGo,45,4202,756,4958
2026-08-11,2026-09-25,DEL-BOM,IndiGo,45,4630,833,5463
2026-08-11,2026-09-25,DEL-BOM,IndiGo,45,4655,837,5492
2026-08-11,2026-09-25,DEL-BOM,IndiGo,45,4644,835,5479
2026-08-11,2026-09-10,DEL-BOM,IndiGo,30,4521,813,5334
2026-08-11,2026-09-10,DEL-BOM,IndiGo,30,4886,879,5765
2026-08-11,2026-09-10,DEL-BOM,IndiGo,30,4160,748,4908
2026-08-11,2026-09-10,DEL-BOM,IndiGo,30,4784,861,5645
2026-08-11,2026-09-10,DEL-BOM,IndiGo,30,4899,881,5780
2026-08-11,2026-08-26,DEL-BOM,IndiGo,15,5255,945,6200
2026-08-11,2026-08-26,DEL-BOM,IndiGo,15,6502,1170,7672
2026-08-11,2026-08-26,DEL-BOM,IndiGo,15,5678,1022,6700
2026-08-11,2026-08-26,DEL-BOM,IndiGo,15,5441,979,6420
2026-08-11,2026-08-26,DEL-BOM,IndiGo,15,6341,1141,7482
2026-08-11,2026-08-18,DEL-BOM,IndiGo,7,6823,1228,8051
2026-08-11,2026-08-18,DEL-BOM,IndiGo,7,7797,1403,9200
2026-08-11,2026-08-18,DEL-BOM,IndiGo,7,7512,1352,8864
2026-08-11,2026-08-18,DEL-BOM,IndiGo,7,7041,1267,8308
2026-08-11,2026-08-18,DEL-BOM,IndiGo,7,7148,1286,8434
2026-08-11,2026-08-12,DEL-BOM,IndiGo,1,10622,1911,12533
2026-08-11,2026-08-12,DEL-BOM,IndiGo,1,11599,2087,13686
2026-08-11,2026-08-12,DEL-BOM,IndiGo,1,11388,2049,13437
2026-08-11,2026-08-12,DEL-BOM,IndiGo,1,10266,1847,12113
2026-08-11,2026-08-12,DEL-BOM,IndiGo,1,12692,2284,14976
2026-08-11,2026-09-25,DEL-BOM,Air India,45,4877,877,5754
2026-08-11,2026-09-25,DEL-BOM,Air India,45,5120,921,6041
2026-08-11,2026-09-25,DEL-BOM,Air India,45,4610,829,5439
2026-08-11,2026-09-25,DEL-BOM,Air India,45,4651,837,5488
2026-08-11,2026-09-25,DEL-BOM,Air India,45,4621,831,5452
2026-08-11,2026-09-10,DEL-BOM,Air India,30,5653,1017,6670
2026-08-11,2026-09-10,DEL-BOM,Air India,30,5277,949,6226
2026-08-11,2026-09-10,DEL-BOM,Air India,30,5241,943,6184
2026-08-11,2026-09-10,DEL-BOM,Air India,30,4787,861,5648
2026-08-11,2026-09-10,DEL-BOM,Air India,30,5673,1021,6694
2026-08-11,2026-08-26,DEL-BOM,Air India,15,6018,1083,7101
2026-08-11,2026-08-26,DEL-BOM,Air India,15,5896,1061,6957
2026-08-11,2026-08-26,DEL-BOM,Air India,15,7374,1327,8701
2026-08-11,2026-08-26,DEL-BOM,Air India,15,6042,1087,7129
2026-08-11,2026-08-26,DEL-BOM,Air India,15,6014,1082,7096
2026-08-11,2026-08-18,DEL-BOM,Air India,7,9401,1692,11093
2026-08-11,2026-08-18,DEL-BOM,Air India,7,8291,1492,9783
2026-08-11,2026-08-18,DEL-BOM,Air India,7,8536,1536,10072
2026-08-11,2026-08-18,DEL-BOM,Air India,7,7859,1414,9273
2026-08-11,2026-08-18,DEL-BOM,Air India,7,8525,1534,10059
2026-08-11,2026-08-12,DEL-BOM,Air India,1,11588,2085,13673
2026-08-11,2026-08-12,DEL-BOM,Air India,1,12212,2198,14410
2026-08-11,2026-08-12,DEL-BOM,Air India,1,14194,2554,16748
2026-08-11,2026-08-12,DEL-BOM,Air India,1,13707,2467,16174
2026-08-11,2026-08-12,DEL-BOM,Air India,1,11909,2143,14052
2026-08-11,2026-09-25,DEL-BOM,Akasa,45,3660,658,4318
2026-08-11,2026-09-25,DEL-BOM,Akasa,45,4191,754,4945
2026-08-11,2026-09-25,DEL-BOM,Akasa,45,4488,807,5295
2026-08-11,2026-09-25,DEL-BOM,Akasa,45,3988,717,4705
2026-08-11,2026-09-25,DEL-BOM,Akasa,45,4389,790,5179
2026-08-11,2026-09-10,DEL-BOM,Akasa,30,4388,789,5177
2026-08-11,2026-09-10,DEL-BOM,Akasa,30,4333,779,5112
2026-08-11,2026-09-10,DEL-BOM,Akasa,30,4788,861,5649
2026-08-11,2026-09-10,DEL-BOM,Akasa,30,4365,785,5150
2026-08-11,2026-09-10,DEL-BOM,Akasa,30,4562,821,5383
2026-08-11,2026-08-26,DEL-BOM,Akasa,15,5131,923,6054
2026-08-11,2026-08-26,DEL-BOM,Akasa,15,5030,905,5935
2026-08-11,2026-08-26,DEL-BOM,Akasa,15,5364,965,6329
2026-08-11,2026-08-26,DEL-BOM,Akasa,15,5726,1030,6756
2026-08-11,2026-08-26,DEL-BOM,Akasa,15,5971,1074,7045
2026-08-11,2026-08-18,DEL-BOM,Akasa,7,7807,1405,9212
2026-08-11,2026-08-18,DEL-BOM,Akasa,7,7435,1338,8773
2026-08-11,2026-08-18,DEL-BOM,Akasa,7,7976,1435,9411
2026-08-11,2026-08-18,DEL-BOM,Akasa,7,8151,1467,9618
2026-08-11,2026-08-18,DEL-BOM,Akasa,7,8087,1455,9542
2026-08-11,2026-08-12,DEL-BOM,Akasa,1,11037,1986,13023
2026-08-11,2026-08-12,DEL-BOM,Akasa,1,10982,1976,12958
2026-08-11,2026-08-12,DEL-BOM,Akasa,1,9792,1762,11554
2026-08-11,2026-08-12,DEL-BOM,Akasa,1,9880,1778,11658
2026-08-11,2026-08-12,DEL-BOM,Akasa,1,10761,1936,12697
2026-08-11,2026-09-25,DEL-BOM,SpiceJet,45,4131,743,4874
2026-08-11,2026-09-25,DEL-BOM,SpiceJet,45,3483,626,4109
2026-08-11,2026-09-25,DEL-BOM,SpiceJet,45,3768,678,4446
2026-08-11,2026-09-25,DEL-BOM,SpiceJet,45,3559,640,4199
2026-08-11,2026-09-25,DEL-BOM,SpiceJet,45,4279,770,5049
2026-08-11,2026-09-10,DEL-BOM,SpiceJet,30,3834,690,4524
2026-08-11,2026-09-10,DEL-BOM,SpiceJet,30,4601,828,5429
2026-08-11,2026-09-10,DEL-BOM,SpiceJet,30,4343,781,5124
2026-08-11,2026-09-10,DEL-BOM,SpiceJet,30,4747,854,5601
2026-08-11,2026-09-10,DEL-BOM,SpiceJet,30,3813,686,4499
2026-08-11,2026-08-26,DEL-BOM,SpiceJet,15,5824,1048,6872
2026-08-11,2026-08-26,DEL-BOM,SpiceJet,15,5431,977,6408
2026-08-11,2026-08-26,DEL-BOM,SpiceJet,15,4859,874,5733
2026-08-11,2026-08-26,DEL-BOM,SpiceJet,15,5843,1051,6894
2026-08-11,2026-08-26,DEL-BOM,SpiceJet,15,4811,865,5676
2026-08-11,2026-08-18,DEL-BOM,SpiceJet,7,6154,1107,7261
2026-08-11,2026-08-18,DEL-BOM,SpiceJet,7,7051,1269,8320
2026-08-11,2026-08-18,DEL-BOM,SpiceJet,7,7398,1331,8729
2026-08-11,2026-08-18,DEL-BOM,SpiceJet,7,6252,1125,7377
2026-08-11,2026-08-18,DEL-BOM,SpiceJet,7,6558,1180,7738
2026-08-11,2026-08-12,DEL-BOM,SpiceJet,1,9883,1778,11661
2026-08-11,2026-08-12,DEL-BOM,SpiceJet,1,11464,2063,13527
2026-08-11,2026-08-12,DEL-BOM,SpiceJet,1,11275,2029,13304
2026-08-11,2026-08-12,DEL-BOM,SpiceJet,1,11010,1981,12991
2026-08-11,2026-08-12,DEL-BOM,SpiceJet,1,10166,1829,11995
2026-08-11,2026-09-25,DEL-BLR,IndiGo,45,5941,1069,7010
2026-08-11,2026-09-25,DEL-BLR,IndiGo,45,5907,1063,6970
2026-08-11,2026-09-25,DEL-BLR,IndiGo,45,4976,895,5871
2026-08-11,2026-09-25,DEL-BLR,IndiGo,45,6065,1091,7156
2026-08-11,2026-09-25,DEL-BLR,IndiGo,45,5947,1070,7017
2026-08-11,2026-09-10,DEL-BLR,IndiGo,30,6408,1153,7561
2026-08-11,2026-09-10,DEL-BLR,IndiGo,30,6533,1175,7708
2026-08-11,2026-09-10,DEL-BLR,IndiGo,30,5863,1055,6918
2026-08-11,2026-09-10,DEL-BLR,IndiGo,30,6367,1146,7513
2026-08-11,2026-09-10,DEL-BLR,IndiGo,30,5993,1078,7071
2026-08-11,2026-08-26,DEL-BLR,IndiGo,15,7442,1339,8781
2026-08-11,2026-08-26,DEL-BLR,IndiGo,15,7020,1263,8283
2026-08-11,2026-08-26,DEL-BLR,IndiGo,15,7988,1437,9425
2026-08-11,2026-08-26,DEL-BLR,IndiGo,15,7356,1324,8680
2026-08-11,2026-08-26,DEL-BLR,IndiGo,15,6940,1249,8189
2026-08-11,2026-08-18,DEL-BLR,IndiGo,7,11363,2045,13408
2026-08-11,2026-08-18,DEL-BLR,IndiGo,7,9467,1704,11171
2026-08-11,2026-08-18,DEL-BLR,IndiGo,7,10404,1872,12276
2026-08-11,2026-08-18,DEL-BLR,IndiGo,7,9887,1779,11666
2026-08-11,2026-08-18,DEL-BLR,IndiGo,7,9784,1761,11545
2026-08-11,2026-08-12,DEL-BLR,IndiGo,1,14271,2568,16839
2026-08-11,2026-08-12,DEL-BLR,IndiGo,1,13536,2436,15972
2026-08-11,2026-08-12,DEL-BLR,IndiGo,1,16082,2894,18976
2026-08-11,2026-08-12,DEL-BLR,IndiGo,1,13213,2378,15591
2026-08-11,2026-08-12,DEL-BLR,IndiGo,1,16099,2897,18996
2026-08-11,2026-09-25,DEL-BLR,Air India,45,6493,1168,7661
2026-08-11,2026-09-25,DEL-BLR,Air India,45,5786,1041,6827
2026-08-11,2026-09-25,DEL-BLR,Air India,45,6799,1223,8022
2026-08-11,2026-09-25,DEL-BLR,Air India,45,5792,1042,6834
2026-08-11,2026-09-25,DEL-BLR,Air India,45,7159,1288,8447
2026-08-11,2026-09-10,DEL-BLR,Air India,30,7113,1280,8393
2026-08-11,2026-09-10,DEL-BLR,Air India,30,7332,1319,8651
2026-08-11,2026-09-10,DEL-BLR,Air India,30,7988,1437,9425
2026-08-11,2026-09-10,DEL-BLR,Air India,30,7383,1328,8711
2026-08-11,2026-09-10,DEL-BLR,Air India,30,7850,1413,9263
2026-08-11,2026-08-26,DEL-BLR,Air India,15,9383,1688,11071
2026-08-11,2026-08-26,DEL-BLR,Air India,15,9315,1676,10991
2026-08-11,2026-08-26,DEL-BLR,Air India,15,8834,1590,10424
2026-08-11,2026-08-26,DEL-BLR,Air India,15,8484,1527,10011
2026-08-11,2026-08-26,DEL-BLR,Air India,15,9369,1686,11055
2026-08-11,2026-08-18,DEL-BLR,Air India,7,10287,1851,12138
2026-08-11,2026-08-18,DEL-BLR,Air India,7,12583,2264,14847
2026-08-11,2026-08-18,DEL-BLR,Air India,7,10965,1973,12938
2026-08-11,2026-08-18,DEL-BLR,Air India,7,10569,1902,12471
2026-08-11,2026-08-18,DEL-BLR,Air India,7,12509,2251,14760
2026-08-11,2026-08-12,DEL-BLR,Air India,1,18789,3382,22171
2026-08-11,2026-08-12,DEL-BLR,Air India,1,18205,3276,21481
2026-08-11,2026-08-12,DEL-BLR,Air India,1,18130,3263,21393
2026-08-11,2026-08-12,DEL-BLR,Air India,1,16412,2954,19366
2026-08-11,2026-08-12,DEL-BLR,Air India,1,15558,2800,18358
2026-08-11,2026-09-25,DEL-BLR,Akasa,45,4956,892,5848
2026-08-11,2026-09-25,DEL-BLR,Akasa,45,5380,968,6348
2026-08-11,2026-09-25,DEL-BLR,Akasa,45,5764,1037,6801
2026-08-11,2026-09-25,DEL-BLR,Akasa,45,5003,900,5903
2026-08-11,2026-09-25,DEL-BLR,Akasa,45,5242,943,6185
2026-08-11,2026-09-10,DEL-BLR,Akasa,30,5432,977,6409
2026-08-11,2026-09-10,DEL-BLR,Akasa,30,5285,951,6236
2026-08-11,2026-09-10,DEL-BLR,Akasa,30,6481,1166,7647
2026-08-11,2026-09-10,DEL-BLR,Akasa,30,6178,1112,7290
2026-08-11,2026-09-10,DEL-BLR,Akasa,30,6577,1183,7760
2026-08-11,2026-08-26,DEL-BLR,Akasa,15,7630,1373,9003
2026-08-11,2026-08-26,DEL-BLR,Akasa,15,6991,1258,8249
2026-08-11,2026-08-26,DEL-BLR,Akasa,15,7391,1330,8721
2026-08-11,2026-08-26,DEL-BLR,Akasa,15,7876,1417,9293
2026-08-11,2026-08-26,DEL-BLR,Akasa,15,7651,1377,9028
2026-08-11,2026-08-18,DEL-BLR,Akasa,7,9478,1706,11184
2026-08-11,2026-08-18,DEL-BLR,Akasa,7,9379,1688,11067
2026-08-11,2026-08-18,DEL-BLR,Akasa,7,9196,1655,10851
2026-08-11,2026-08-18,DEL-BLR,Akasa,7,9089,1636,10725
2026-08-11,2026-08-18,DEL-BLR,Akasa,7,10133,1823,11956
2026-08-11,2026-08-12,DEL-BLR,Akasa,1,15405,2772,18177
2026-08-11,2026-08-12,DEL-BLR,Akasa,1,12920,2325,15245
2026-08-11,2026-08-12,DEL-BLR,Akasa,1,14520,2613,17133
2026-08-11,2026-08-12,DEL-BLR,Akasa,1,14510,2611,17121
2026-08-11,2026-08-12,DEL-BLR,Akasa,1,15611,2809,18420
2026-08-11,2026-09-25,DEL-BLR,SpiceJet,45,5566,1001,6567
2026-08-11,2026-09-25,DEL-BLR,SpiceJet,45,4457,802,5259
2026-08-11,2026-09-25,DEL-BLR,SpiceJet,45,4483,806,5289
2026-08-11,2026-09-25,DEL-BLR,SpiceJet,45,5651,1017,6668
2026-08-11,2026-09-25,DEL-BLR,SpiceJet,45,5028,905,5933
2026-08-11,2026-09-10,DEL-BLR,SpiceJet,30,5721,1029,6750
2026-08-11,2026-09-10,DEL-BLR,SpiceJet,30,6251,1125,7376
2026-08-11,2026-09-10,DEL-BLR,SpiceJet,30,5866,1055,6921
2026-08-11,2026-09-10,DEL-BLR,SpiceJet,30,6241,1123,7364
2026-08-11,2026-09-10,DEL-BLR,SpiceJet,30,6106,1099,7205
2026-08-11,2026-08-26,DEL-BLR,SpiceJet,15,7306,1315,8621
2026-08-11,2026-08-26,DEL-BLR,SpiceJet,15,6775,1219,7994
2026-08-11,2026-08-26,DEL-BLR,SpiceJet,15,7223,1300,8523
2026-08-11,2026-08-26,DEL-BLR,SpiceJet,15,6149,1106,7255
2026-08-11,2026-08-26,DEL-BLR,SpiceJet,15,6463,1163,7626
2026-08-11,2026-08-18,DEL-BLR,SpiceJet,7,9979,1796,11775
2026-08-11,2026-08-18,DEL-BLR,SpiceJet,7,8737,1572,10309
2026-08-11,2026-08-18,DEL-BLR,SpiceJet,7,9015,1622,10637
2026-08-11,2026-08-18,DEL-BLR,SpiceJet,7,8482,1526,10008
2026-08-11,2026-08-18,DEL-BLR,SpiceJet,7,9636,1734,11370
2026-08-11,2026-08-12,DEL-BLR,SpiceJet,1,13521,2433,15954
2026-08-11,2026-08-12,DEL-BLR,SpiceJet,1,14468,2604,17072
2026-08-11,2026-08-12,DEL-BLR,SpiceJet,1,12667,2280,14947
2026-08-11,2026-08-12,DEL-BLR,SpiceJet,1,14735,2652,17387
2026-08-11,2026-08-12,DEL-BLR,SpiceJet,1,14742,2653,17395
2026-08-11,2026-09-25,BOM-BLR,IndiGo,45,3751,675,4426
2026-08-11,2026-09-25,BOM-BLR,IndiGo,45,3847,692,4539
2026-08-11,2026-09-25,BOM-BLR,IndiGo,45,3712,668,4380
2026-08-11,2026-09-25,BOM-BLR,IndiGo,45,3842,691,4533
2026-08-11,2026-09-25,BOM-BLR,IndiGo,45,3678,662,4340
2026-08-11,2026-09-10,BOM-BLR,IndiGo,30,4187,753,4940
2026-08-11,2026-09-10,BOM-BLR,IndiGo,30,3999,719,4718
2026-08-11,2026-09-10,BOM-BLR,IndiGo,30,3815,686,4501
2026-08-11,2026-09-10,BOM-BLR,IndiGo,30,3602,648,4250
2026-08-11,2026-09-10,BOM-BLR,IndiGo,30,3478,626,4104
2026-08-11,2026-08-26,BOM-BLR,IndiGo,15,4786,861,5647
2026-08-11,2026-08-26,BOM-BLR,IndiGo,15,4861,874,5735
2026-08-11,2026-08-26,BOM-BLR,IndiGo,15,5275,949,6224
2026-08-11,2026-08-26,BOM-BLR,IndiGo,15,4287,771,5058
2026-08-11,2026-08-26,BOM-BLR,IndiGo,15,4297,773,5070
2026-08-11,2026-08-18,BOM-BLR,IndiGo,7,6048,1088,7136
2026-08-11,2026-08-18,BOM-BLR,IndiGo,7,6868,1236,8104
2026-08-11,2026-08-18,BOM-BLR,IndiGo,7,7056,1270,8326
2026-08-11,2026-08-18,BOM-BLR,IndiGo,7,6100,1098,7198
2026-08-11,2026-08-18,BOM-BLR,IndiGo,7,7053,1269,8322
2026-08-11,2026-08-12,BOM-BLR,IndiGo,1,9078,1634,10712
2026-08-11,2026-08-12,BOM-BLR,IndiGo,1,9271,1668,10939
2026-08-11,2026-08-12,BOM-BLR,IndiGo,1,8961,1612,10573
2026-08-11,2026-08-12,BOM-BLR,IndiGo,1,8630,1553,10183
2026-08-11,2026-08-12,BOM-BLR,IndiGo,1,8937,1608,10545
2026-08-11,2026-09-25,BOM-BLR,Air India,45,4407,793,5200
2026-08-11,2026-09-25,BOM-BLR,Air India,45,3687,663,4350
2026-08-11,2026-09-25,BOM-BLR,Air India,45,3905,702,4607
2026-08-11,2026-09-25,BOM-BLR,Air India,45,4354,783,5137
2026-08-11,2026-09-25,BOM-BLR,Air India,45,4083,734,4817
2026-08-11,2026-09-10,BOM-BLR,Air India,30,4861,874,5735
2026-08-11,2026-09-10,BOM-BLR,Air India,30,4368,786,5154
2026-08-11,2026-09-10,BOM-BLR,Air India,30,5000,900,5900
2026-08-11,2026-09-10,BOM-BLR,Air India,30,4196,755,4951
2026-08-11,2026-09-10,BOM-BLR,Air India,30,4727,850,5577
2026-08-11,2026-08-26,BOM-BLR,Air India,15,5931,1067,6998
2026-08-11,2026-08-26,BOM-BLR,Air India,15,5352,963,6315
2026-08-11,2026-08-26,BOM-BLR,Air India,15,5519,993,6512
2026-08-11,2026-08-26,BOM-BLR,Air India,15,5977,1075,7052
2026-08-11,2026-08-26,BOM-BLR,Air India,15,5684,1023,6707
2026-08-11,2026-08-18,BOM-BLR,Air India,7,8203,1476,9679
2026-08-11,2026-08-18,BOM-BLR,Air India,7,6746,1214,7960
2026-08-11,2026-08-18,BOM-BLR,Air India,7,7367,1326,8693
2026-08-11,2026-08-18,BOM-BLR,Air India,7,7882,1418,9300
2026-08-11,2026-08-18,BOM-BLR,Air India,7,8026,1444,9470
2026-08-11,2026-08-12,BOM-BLR,Air India,1,10478,1886,12364
2026-08-11,2026-08-12,BOM-BLR,Air India,1,10253,1845,12098
2026-08-11,2026-08-12,BOM-BLR,Air India,1,10357,1864,12221
2026-08-11,2026-08-12,BOM-BLR,Air India,1,9681,1742,11423
2026-08-11,2026-08-12,BOM-BLR,Air India,1,10935,1968,12903
2026-08-11,2026-09-25,BOM-BLR,Akasa,45,3693,664,4357
2026-08-11,2026-09-25,BOM-BLR,Akasa,45,3135,564,3699
2026-08-11,2026-09-25,BOM-BLR,Akasa,45,3618,651,4269
2026-08-11,2026-09-25,BOM-BLR,Akasa,45,3213,578,3791
2026-08-11,2026-09-25,BOM-BLR,Akasa,45,3619,651,4270
2026-08-11,2026-09-10,BOM-BLR,Akasa,30,3952,711,4663
2026-08-11,2026-09-10,BOM-BLR,Akasa,30,4122,741,4863
2026-08-11,2026-09-10,BOM-BLR,Akasa,30,3798,683,4481
2026-08-11,2026-09-10,BOM-BLR,Akasa,30,3993,718,4711
2026-08-11,2026-09-10,BOM-BLR,Akasa,30,3823,688,4511
2026-08-11,2026-08-26,BOM-BLR,Akasa,15,4982,896,5878
2026-08-11,2026-08-26,BOM-BLR,Akasa,15,4562,821,5383
2026-08-11,2026-08-26,BOM-BLR,Akasa,15,5009,901,5910
2026-08-11,2026-08-26,BOM-BLR,Akasa,15,4795,863,5658
2026-08-11,2026-08-26,BOM-BLR,Akasa,15,4505,810,5315
2026-08-11,2026-08-18,BOM-BLR,Akasa,7,5535,996,6531
2026-08-11,2026-08-18,BOM-BLR,Akasa,7,5500,990,6490
2026-08-11,2026-08-18,BOM-BLR,Akasa,7,6214,1118,7332
2026-08-11,2026-08-18,BOM-BLR,Akasa,7,6189,1114,7303
2026-08-11,2026-08-18,BOM-BLR,Akasa,7,6790,1222,8012
2026-08-11,2026-08-12,BOM-BLR,Akasa,1,8817,1587,10404
2026-08-11,2026-08-12,BOM-BLR,Akasa,1,9592,1726,11318
2026-08-11,2026-08-12,BOM-BLR,Akasa,1,8505,1530,10035
2026-08-11,2026-08-12,BOM-BLR,Akasa,1,8917,1605,10522
2026-08-11,2026-08-12,BOM-BLR,Akasa,1,9193,1654,10847
2026-08-11,2026-09-25,BOM-BLR,SpiceJet,45,2989,538,3527
2026-08-11,2026-09-25,BOM-BLR,SpiceJet,45,3219,579,3798
2026-08-11,2026-09-25,BOM-BLR,SpiceJet,45,3520,633,4153
2026-08-11,2026-09-25,BOM-BLR,SpiceJet,45,2999,539,3538
2026-08-11,2026-09-25,BOM-BLR,SpiceJet,45,3102,558,3660
2026-08-11,2026-09-10,BOM-BLR,SpiceJet,30,3780,680,4460
2026-08-11,2026-09-10,BOM-BLR,SpiceJet,30,3663,659,4322
2026-08-11,2026-09-10,BOM-BLR,SpiceJet,30,3559,640,4199
2026-08-11,2026-09-10,BOM-BLR,SpiceJet,30,3571,642,4213
2026-08-11,2026-09-10,BOM-BLR,SpiceJet,30,3156,568,3724
2026-08-11,2026-08-26,BOM-BLR,SpiceJet,15,4290,772,5062
2026-08-11,2026-08-26,BOM-BLR,SpiceJet,15,4792,862,5654
2026-08-11,2026-08-26,BOM-BLR,SpiceJet,15,4019,723,4742
2026-08-11,2026-08-26,BOM-BLR,SpiceJet,15,3996,719,4715
2026-08-11,2026-08-26,BOM-BLR,SpiceJet,15,4454,801,5255
2026-08-11,2026-08-18,BOM-BLR,SpiceJet,7,5559,1000,6559
2026-08-11,2026-08-18,BOM-BLR,SpiceJet,7,5481,986,6467
2026-08-11,2026-08-18,BOM-BLR,SpiceJet,7,5605,1008,6613
2026-08-11,2026-08-18,BOM-BLR,SpiceJet,7,5984,1077,7061
2026-08-11,2026-08-18,BOM-BLR,SpiceJet,7,5628,1013,6641
2026-08-11,2026-08-12,BOM-BLR,SpiceJet,1,8029,1445,9474
2026-08-11,2026-08-12,BOM-BLR,SpiceJet,1,7607,1369,8976
2026-08-11,2026-08-12,BOM-BLR,SpiceJet,1,8563,1541,10104
2026-08-11,2026-08-12,BOM-BLR,SpiceJet,1,9544,1717,11261
2026-08-11,2026-08-12,BOM-BLR,SpiceJet,1,7876,1417,9293
2026-08-11,2026-09-25,DEL-CCU,IndiGo,45,4960,892,5852
2026-08-11,2026-09-25,DEL-CCU,IndiGo,45,4579,824,5403
2026-08-11,2026-09-25,DEL-CCU,IndiGo,45,4919,885,5804
2026-08-11,2026-09-25,DEL-CCU,IndiGo,45,4408,793,5201
2026-08-11,2026-09-25,DEL-CCU,IndiGo,45,5437,978,6415
2026-08-11,2026-09-10,DEL-CCU,IndiGo,30,5064,911,5975
2026-08-11,2026-09-10,DEL-CCU,IndiGo,30,5766,1037,6803
2026-08-11,2026-09-10,DEL-CCU,IndiGo,30,6043,1087,7130
2026-08-11,2026-09-10,DEL-CCU,IndiGo,30,5168,930,6098
2026-08-11,2026-09-10,DEL-CCU,IndiGo,30,5730,1031,6761
2026-08-11,2026-08-26,DEL-CCU,IndiGo,15,6538,1176,7714
2026-08-11,2026-08-26,DEL-CCU,IndiGo,15,5937,1068,7005
2026-08-11,2026-08-26,DEL-CCU,IndiGo,15,6911,1243,8154
2026-08-11,2026-08-26,DEL-CCU,IndiGo,15,6605,1188,7793
2026-08-11,2026-08-26,DEL-CCU,IndiGo,15,7119,1281,8400
2026-08-11,2026-08-18,DEL-CCU,IndiGo,7,9629,1733,11362
2026-08-11,2026-08-18,DEL-CCU,IndiGo,7,9495,1709,11204
2026-08-11,2026-08-18,DEL-CCU,IndiGo,7,9135,1644,10779
2026-08-11,2026-08-18,DEL-CCU,IndiGo,7,9729,1751,11480
2026-08-11,2026-08-18,DEL-CCU,IndiGo,7,9904,1782,11686
2026-08-11,2026-08-12,DEL-CCU,IndiGo,1,12201,2196,14397
2026-08-11,2026-08-12,DEL-CCU,IndiGo,1,13358,2404,15762
2026-08-11,2026-08-12,DEL-CCU,IndiGo,1,12653,2277,14930
2026-08-11,2026-08-12,DEL-CCU,IndiGo,1,11982,2156,14138
2026-08-11,2026-08-12,DEL-CCU,IndiGo,1,12933,2327,15260
2026-08-11,2026-09-25,DEL-CCU,Air India,45,5661,1018,6679
2026-08-11,2026-09-25,DEL-CCU,Air India,45,5972,1074,7046
2026-08-11,2026-09-25,DEL-CCU,Air India,45,5464,983,6447
2026-08-11,2026-09-25,DEL-CCU,Air India,45,6128,1103,7231
2026-08-11,2026-09-25,DEL-CCU,Air India,45,5721,1029,6750
2026-08-11,2026-09-10,DEL-CCU,Air India,30,5904,1062,6966
2026-08-11,2026-09-10,DEL-CCU,Air India,30,6091,1096,7187
2026-08-11,2026-09-10,DEL-CCU,Air India,30,6718,1209,7927
2026-08-11,2026-09-10,DEL-CCU,Air India,30,6780,1220,8000
2026-08-11,2026-09-10,DEL-CCU,Air India,30,6400,1152,7552
2026-08-11,2026-08-26,DEL-CCU,Air India,15,7699,1385,9084
2026-08-11,2026-08-26,DEL-CCU,Air India,15,8323,1498,9821
2026-08-11,2026-08-26,DEL-CCU,Air India,15,7279,1310,8589
2026-08-11,2026-08-26,DEL-CCU,Air India,15,7087,1275,8362
2026-08-11,2026-08-26,DEL-CCU,Air India,15,7696,1385,9081
2026-08-11,2026-08-18,DEL-CCU,Air India,7,11335,2040,13375
2026-08-11,2026-08-18,DEL-CCU,Air India,7,10251,1845,12096
2026-08-11,2026-08-18,DEL-CCU,Air India,7,11365,2045,13410
2026-08-11,2026-08-18,DEL-CCU,Air India,7,11202,2016,13218
2026-08-11,2026-08-18,DEL-CCU,Air India,7,10585,1905,12490
2026-08-11,2026-08-12,DEL-CCU,Air India,1,14115,2540,16655
2026-08-11,2026-08-12,DEL-CCU,Air India,1,13960,2512,16472
2026-08-11,2026-08-12,DEL-CCU,Air India,1,15075,2713,17788
2026-08-11,2026-08-12,DEL-CCU,Air India,1,14789,2662,17451
2026-08-11,2026-08-12,DEL-CCU,Air India,1,14338,2580,16918
2026-08-11,2026-09-25,DEL-CCU,Akasa,45,5094,916,6010
2026-08-11,2026-09-25,DEL-CCU,Akasa,45,4893,880,5773
2026-08-11,2026-09-25,DEL-CCU,Akasa,45,4139,745,4884
2026-08-11,2026-09-25,DEL-CCU,Akasa,45,5156,928,6084
2026-08-11,2026-09-25,DEL-CCU,Akasa,45,5106,919,6025
2026-08-11,2026-09-10,DEL-CCU,Akasa,30,5209,937,6146
2026-08-11,2026-09-10,DEL-CCU,Akasa,30,5576,1003,6579
2026-08-11,2026-09-10,DEL-CCU,Akasa,30,5302,954,6256
2026-08-11,2026-09-10,DEL-CCU,Akasa,30,5758,1036,6794
2026-08-11,2026-09-10,DEL-CCU,Akasa,30,4766,857,5623
2026-08-11,2026-08-26,DEL-CCU,Akasa,15,6995,1259,8254
2026-08-11,2026-08-26,DEL-CCU,Akasa,15,6262,1127,7389
2026-08-11,2026-08-26,DEL-CCU,Akasa,15,5911,1063,6974
2026-08-11,2026-08-26,DEL-CCU,Akasa,15,6014,1082,7096
2026-08-11,2026-08-26,DEL-CCU,Akasa,15,6488,1167,7655
2026-08-11,2026-08-18,DEL-CCU,Akasa,7,8203,1476,9679
2026-08-11,2026-08-18,DEL-CCU,Akasa,7,8556,1540,10096
2026-08-11,2026-08-18,DEL-CCU,Akasa,7,9106,1639,10745
2026-08-11,2026-08-18,DEL-CCU,Akasa,7,8011,1441,9452
2026-08-11,2026-08-18,DEL-CCU,Akasa,7,8643,1555,10198
2026-08-11,2026-08-12,DEL-CCU,Akasa,1,12862,2315,15177
2026-08-11,2026-08-12,DEL-CCU,Akasa,1,12360,2224,14584
2026-08-11,2026-08-12,DEL-CCU,Akasa,1,13530,2435,15965
2026-08-11,2026-08-12,DEL-CCU,Akasa,1,11471,2064,13535
2026-08-11,2026-08-12,DEL-CCU,Akasa,1,12489,2248,14737
2026-08-11,2026-09-25,DEL-CCU,SpiceJet,45,4352,783,5135
2026-08-11,2026-09-25,DEL-CCU,SpiceJet,45,4186,753,4939
2026-08-11,2026-09-25,DEL-CCU,SpiceJet,45,4411,793,5204
2026-08-11,2026-09-25,DEL-CCU,SpiceJet,45,4716,848,5564
2026-08-11,2026-09-25,DEL-CCU,SpiceJet,45,4475,805,5280
2026-08-11,2026-09-10,DEL-CCU,SpiceJet,30,5143,925,6068
2026-08-11,2026-09-10,DEL-CCU,SpiceJet,30,4665,839,5504
2026-08-11,2026-09-10,DEL-CCU,SpiceJet,30,4738,852,5590
2026-08-11,2026-09-10,DEL-CCU,SpiceJet,30,4400,792,5192
2026-08-11,2026-09-10,DEL-CCU,SpiceJet,30,4632,833,5465
2026-08-11,2026-08-26,DEL-CCU,SpiceJet,15,6514,1172,7686
2026-08-11,2026-08-26,DEL-CCU,SpiceJet,15,5577,1003,6580
2026-08-11,2026-08-26,DEL-CCU,SpiceJet,15,5523,994,6517
2026-08-11,2026-08-26,DEL-CCU,SpiceJet,15,5716,1028,6744
2026-08-11,2026-08-26,DEL-CCU,SpiceJet,15,6646,1196,7842
2026-08-11,2026-08-18,DEL-CCU,SpiceJet,7,7862,1415,9277
2026-08-11,2026-08-18,DEL-CCU,SpiceJet,7,7415,1334,8749
2026-08-11,2026-08-18,DEL-CCU,SpiceJet,7,7205,1296,8501
2026-08-11,2026-08-18,DEL-CCU,SpiceJet,7,8439,1519,9958
2026-08-11,2026-08-18,DEL-CCU,SpiceJet,7,8743,1573,10316
2026-08-11,2026-08-12,DEL-CCU,SpiceJet,1,10841,1951,12792
2026-08-11,2026-08-12,DEL-CCU,SpiceJet,1,12432,2237,14669
2026-08-11,2026-08-12,DEL-CCU,SpiceJet,1,12891,2320,15211
2026-08-11,2026-08-12,DEL-CCU,SpiceJet,1,10498,1889,12387
2026-08-11,2026-08-12,DEL-CCU,SpiceJet,1,12212,2198,14410
2026-08-11,2026-09-25,BLR-HYD,IndiGo,45,2888,519,3407
2026-08-11,2026-09-25,BLR-HYD,IndiGo,45,2559,460,3019
2026-08-11,2026-09-25,BLR-HYD,IndiGo,45,3217,579,3796
2026-08-11,2026-09-25,BLR-HYD,IndiGo,45,2845,512,3357
2026-08-11,2026-09-25,BLR-HYD,IndiGo,45,3187,573,3760
2026-08-11,2026-09-10,BLR-HYD,IndiGo,30,3018,543,3561
2026-08-11,2026-09-10,BLR-HYD,IndiGo,30,3193,574,3767
2026-08-11,2026-09-10,BLR-HYD,IndiGo,30,3282,590,3872
2026-08-11,2026-09-10,BLR-HYD,IndiGo,30,2816,506,3322
2026-08-11,2026-09-10,BLR-HYD,IndiGo,30,3499,629,4128
2026-08-11,2026-08-26,BLR-HYD,IndiGo,15,4180,752,4932
2026-08-11,2026-08-26,BLR-HYD,IndiGo,15,3550,639,4189
2026-08-11,2026-08-26,BLR-HYD,IndiGo,15,3429,617,4046
2026-08-11,2026-08-26,BLR-HYD,IndiGo,15,3776,679,4455
2026-08-11,2026-08-26,BLR-HYD,IndiGo,15,4017,723,4740
2026-08-11,2026-08-18,BLR-HYD,IndiGo,7,5262,947,6209
2026-08-11,2026-08-18,BLR-HYD,IndiGo,7,5144,925,6069
2026-08-11,2026-08-18,BLR-HYD,IndiGo,7,5057,910,5967
2026-08-11,2026-08-18,BLR-HYD,IndiGo,7,4965,893,5858
2026-08-11,2026-08-18,BLR-HYD,IndiGo,7,5396,971,6367
2026-08-11,2026-08-12,BLR-HYD,IndiGo,1,7577,1363,8940
2026-08-11,2026-08-12,BLR-HYD,IndiGo,1,7469,1344,8813
2026-08-11,2026-08-12,BLR-HYD,IndiGo,1,6724,1210,7934
2026-08-11,2026-08-12,BLR-HYD,IndiGo,1,7697,1385,9082
2026-08-11,2026-08-12,BLR-HYD,IndiGo,1,7445,1340,8785
2026-08-11,2026-09-25,BLR-HYD,Air India,45,3239,583,3822
2026-08-11,2026-09-25,BLR-HYD,Air India,45,2987,537,3524
2026-08-11,2026-09-25,BLR-HYD,Air India,45,2977,535,3512
2026-08-11,2026-09-25,BLR-HYD,Air India,45,3646,656,4302
2026-08-11,2026-09-25,BLR-HYD,Air India,45,3014,542,3556
2026-08-11,2026-09-10,BLR-HYD,Air India,30,3359,604,3963
2026-08-11,2026-09-10,BLR-HYD,Air India,30,3901,702,4603
2026-08-11,2026-09-10,BLR-HYD,Air India,30,3210,577,3787
2026-08-11,2026-09-10,BLR-HYD,Air India,30,4041,727,4768
2026-08-11,2026-09-10,BLR-HYD,Air India,30,3492,628,4120
2026-08-11,2026-08-26,BLR-HYD,Air India,15,4454,801,5255
2026-08-11,2026-08-26,BLR-HYD,Air India,15,4662,839,5501
2026-08-11,2026-08-26,BLR-HYD,Air India,15,4616,830,5446
2026-08-11,2026-08-26,BLR-HYD,Air India,15,4867,876,5743
2026-08-11,2026-08-26,BLR-HYD,Air India,15,3976,715,4691
2026-08-11,2026-08-18,BLR-HYD,Air India,7,5585,1005,6590
2026-08-11,2026-08-18,BLR-HYD,Air India,7,6304,1134,7438
2026-08-11,2026-08-18,BLR-HYD,Air India,7,5701,1026,6727
2026-08-11,2026-08-18,BLR-HYD,Air India,7,5904,1062,6966
2026-08-11,2026-08-18,BLR-HYD,Air India,7,5791,1042,6833
2026-08-11,2026-08-12,BLR-HYD,Air India,1,8402,1512,9914
2026-08-11,2026-08-12,BLR-HYD,Air India,1,9547,1718,11265
2026-08-11,2026-08-12,BLR-HYD,Air India,1,8513,1532,10045
2026-08-11,2026-08-12,BLR-HYD,Air India,1,8061,1450,9511
2026-08-11,2026-08-12,BLR-HYD,Air India,1,8634,1554,10188
2026-08-11,2026-09-25,BLR-HYD,Akasa,45,2690,484,3174
2026-08-11,2026-09-25,BLR-HYD,Akasa,45,2925,526,3451
2026-08-11,2026-09-25,BLR-HYD,Akasa,45,2882,518,3400
2026-08-11,2026-09-25,BLR-HYD,Akasa,45,2529,455,2984
2026-08-11,2026-09-25,BLR-HYD,Akasa,45,2662,479,3141
2026-08-11,2026-09-10,BLR-HYD,Akasa,30,2927,526,3453
2026-08-11,2026-09-10,BLR-HYD,Akasa,30,3162,569,3731
2026-08-11,2026-09-10,BLR-HYD,Akasa,30,2723,490,3213
2026-08-11,2026-09-10,BLR-HYD,Akasa,30,3136,564,3700
2026-08-11,2026-09-10,BLR-HYD,Akasa,30,3288,591,3879
2026-08-11,2026-08-26,BLR-HYD,Akasa,15,3818,687,4505
2026-08-11,2026-08-26,BLR-HYD,Akasa,15,3896,701,4597
2026-08-11,2026-08-26,BLR-HYD,Akasa,15,3802,684,4486
2026-08-11,2026-08-26,BLR-HYD,Akasa,15,3395,611,4006
2026-08-11,2026-08-26,BLR-HYD,Akasa,15,3446,620,4066
2026-08-11,2026-08-18,BLR-HYD,Akasa,7,5467,984,6451
2026-08-11,2026-08-18,BLR-HYD,Akasa,7,4558,820,5378
2026-08-11,2026-08-18,BLR-HYD,Akasa,7,4364,785,5149
2026-08-11,2026-08-18,BLR-HYD,Akasa,7,4783,860,5643
2026-08-11,2026-08-18,BLR-HYD,Akasa,7,4817,867,5684
2026-08-11,2026-08-12,BLR-HYD,Akasa,1,7540,1357,8897
2026-08-11,2026-08-12,BLR-HYD,Akasa,1,6621,1191,7812
2026-08-11,2026-08-12,BLR-HYD,Akasa,1,6842,1231,8073
2026-08-11,2026-08-12,BLR-HYD,Akasa,1,6490,1168,7658
2026-08-11,2026-08-12,BLR-HYD,Akasa,1,7936,1428,9364
2026-08-11,2026-09-25,BLR-HYD,SpiceJet,45,2706,487,3193
2026-08-11,2026-09-25,BLR-HYD,SpiceJet,45,2879,518,3397
2026-08-11,2026-09-25,BLR-HYD,SpiceJet,45,2653,477,3130
2026-08-11,2026-09-25,BLR-HYD,SpiceJet,45,2637,474,3111
2026-08-11,2026-09-25,BLR-HYD,SpiceJet,45,2629,473,3102
2026-08-11,2026-09-10,BLR-HYD,SpiceJet,30,2833,509,3342
2026-08-11,2026-09-10,BLR-HYD,SpiceJet,30,2758,496,3254
2026-08-11,2026-09-10,BLR-HYD,SpiceJet,30,3115,560,3675
2026-08-11,2026-09-10,BLR-HYD,SpiceJet,30,2735,492,3227
2026-08-11,2026-09-10,BLR-HYD,SpiceJet,30,2894,520,3414
2026-08-11,2026-08-26,BLR-HYD,SpiceJet,15,3541,637,4178
2026-08-11,2026-08-26,BLR-HYD,SpiceJet,15,3446,620,4066
2026-08-11,2026-08-26,BLR-HYD,SpiceJet,15,3367,606,3973
2026-08-11,2026-08-26,BLR-HYD,SpiceJet,15,3568,642,4210
2026-08-11,2026-08-26,BLR-HYD,SpiceJet,15,3865,695,4560
2026-08-11,2026-08-18,BLR-HYD,SpiceJet,7,4429,797,5226
2026-08-11,2026-08-18,BLR-HYD,SpiceJet,7,4444,799,5243
2026-08-11,2026-08-18,BLR-HYD,SpiceJet,7,4258,766,5024
2026-08-11,2026-08-18,BLR-HYD,SpiceJet,7,4508,811,5319
2026-08-11,2026-08-18,BLR-HYD,SpiceJet,7,4939,889,5828
2026-08-11,2026-08-12,BLR-HYD,SpiceJet,1,7365,1325,8690
2026-08-11,2026-08-12,BLR-HYD,SpiceJet,1,7215,1298,8513
2026-08-11,2026-08-12,BLR-HYD,SpiceJet,1,7188,1293,8481
2026-08-11,2026-08-12,BLR-HYD,SpiceJet,1,7237,1302,8539
2026-08-11,2026-08-12,BLR-HYD,SpiceJet,1,6365,1145,7510
2026-08-12,2026-09-26,DEL-BOM,IndiGo,45,4539,817,5356
2026-08-12,2026-09-26,DEL-BOM,IndiGo,45,4388,789,5177
2026-08-12,2026-09-26,DEL-BOM,IndiGo,45,4715,848,5563
2026-08-12,2026-09-26,DEL-BOM,IndiGo,45,4518,813,5331
2026-08-12,2026-09-26,DEL-BOM,IndiGo,45,4385,789,5174
2026-08-12,2026-09-11,DEL-BOM,IndiGo,30,4165,749,4914
2026-08-12,2026-09-11,DEL-BOM,IndiGo,30,4560,820,5380
2026-08-12,2026-09-11,DEL-BOM,IndiGo,30,4342,781,5123
2026-08-12,2026-09-11,DEL-BOM,IndiGo,30,5123,922,6045
2026-08-12,2026-09-11,DEL-BOM,IndiGo,30,4985,897,5882
2026-08-12,2026-08-27,DEL-BOM,IndiGo,15,5183,932,6115
2026-08-12,2026-08-27,DEL-BOM,IndiGo,15,5314,956,6270
2026-08-12,2026-08-27,DEL-BOM,IndiGo,15,5978,1076,7054
2026-08-12,2026-08-27,DEL-BOM,IndiGo,15,6248,1124,7372
2026-08-12,2026-08-27,DEL-BOM,IndiGo,15,5904,1062,6966
2026-08-12,2026-08-19,DEL-BOM,IndiGo,7,7953,1431,9384
2026-08-12,2026-08-19,DEL-BOM,IndiGo,7,7941,1429,9370
2026-08-12,2026-08-19,DEL-BOM,IndiGo,7,7010,1261,8271
2026-08-12,2026-08-19,DEL-BOM,IndiGo,7,8226,1480,9706
2026-08-12,2026-08-19,DEL-BOM,IndiGo,7,8239,1483,9722
2026-08-12,2026-08-13,DEL-BOM,IndiGo,1,10583,1904,12487
2026-08-12,2026-08-13,DEL-BOM,IndiGo,1,12513,2252,14765
2026-08-12,2026-08-13,DEL-BOM,IndiGo,1,10788,1941,12729
2026-08-12,2026-08-13,DEL-BOM,IndiGo,1,12450,2241,14691
2026-08-12,2026-08-13,DEL-BOM,IndiGo,1,12029,2165,14194
2026-08-12,2026-09-26,DEL-BOM,Air India,45,4640,835,5475
2026-08-12,2026-09-26,DEL-BOM,Air India,45,5135,924,6059
2026-08-12,2026-09-26,DEL-BOM,Air India,45,4616,830,5446
2026-08-12,2026-09-26,DEL-BOM,Air India,45,4937,888,5825
2026-08-12,2026-09-26,DEL-BOM,Air India,45,5507,991,6498
2026-08-12,2026-09-11,DEL-BOM,Air India,30,4959,892,5851
2026-08-12,2026-09-11,DEL-BOM,Air India,30,5209,937,6146
2026-08-12,2026-09-11,DEL-BOM,Air India,30,6019,1083,7102
2026-08-12,2026-09-11,DEL-BOM,Air India,30,5761,1036,6797
2026-08-12,2026-09-11,DEL-BOM,Air India,30,5883,1058,6941
2026-08-12,2026-08-27,DEL-BOM,Air India,15,6930,1247,8177
2026-08-12,2026-08-27,DEL-BOM,Air India,15,7407,1333,8740
2026-08-12,2026-08-27,DEL-BOM,Air India,15,6507,1171,7678
2026-08-12,2026-08-27,DEL-BOM,Air India,15,6175,1111,7286
2026-08-12,2026-08-27,DEL-BOM,Air India,15,7085,1275,8360
2026-08-12,2026-08-19,DEL-BOM,Air India,7,9107,1639,10746
2026-08-12,2026-08-19,DEL-BOM,Air India,7,8168,1470,9638
2026-08-12,2026-08-19,DEL-BOM,Air India,7,9414,1694,11108
2026-08-12,2026-08-19,DEL-BOM,Air India,7,8371,1506,9877
2026-08-12,2026-08-19,DEL-BOM,Air India,7,9610,1729,11339
2026-08-12,2026-08-13,DEL-BOM,Air India,1,12051,2169,14220
2026-08-12,2026-08-13,DEL-BOM,Air India,1,11918,2145,14063
2026-08-12,2026-08-13,DEL-BOM,Air India,1,13329,2399,15728
2026-08-12,2026-08-13,DEL-BOM,Air India,1,12892,2320,15212
2026-08-12,2026-08-13,DEL-BOM,Air India,1,13221,2379,15600
2026-08-12,2026-09-26,DEL-BOM,Akasa,45,4158,748,4906
2026-08-12,2026-09-26,DEL-BOM,Akasa,45,4389,790,5179
2026-08-12,2026-09-26,DEL-BOM,Akasa,45,4024,724,4748
2026-08-12,2026-09-26,DEL-BOM,Akasa,45,3988,717,4705
2026-08-12,2026-09-26,DEL-BOM,Akasa,45,4199,755,4954
2026-08-12,2026-09-11,DEL-BOM,Akasa,30,4892,880,5772
2026-08-12,2026-09-11,DEL-BOM,Akasa,30,4854,873,5727
2026-08-12,2026-09-11,DEL-BOM,Akasa,30,4055,729,4784
2026-08-12,2026-09-11,DEL-BOM,Akasa,30,5028,905,5933
2026-08-12,2026-09-11,DEL-BOM,Akasa,30,4761,856,5617
2026-08-12,2026-08-27,DEL-BOM,Akasa,15,5026,904,5930
2026-08-12,2026-08-27,DEL-BOM,Akasa,15,5260,946,6206
2026-08-12,2026-08-27,DEL-BOM,Akasa,15,5575,1003,6578
2026-08-12,2026-08-27,DEL-BOM,Akasa,15,5003,900,5903
2026-08-12,2026-08-27,DEL-BOM,Akasa,15,5185,933,6118
2026-08-12,2026-08-19,DEL-BOM,Akasa,7,7304,1314,8618
2026-08-12,2026-08-19,DEL-BOM,Akasa,7,7300,1314,8614
2026-08-12,2026-08-19,DEL-BOM,Akasa,7,7311,1315,8626
2026-08-12,2026-08-19,DEL-BOM,Akasa,7,7959,1432,9391
2026-08-12,2026-08-19,DEL-BOM,Akasa,7,7384,1329,8713
2026-08-12,2026-08-13,DEL-BOM,Akasa,1,11750,2115,13865
2026-08-12,2026-08-13,DEL-BOM,Akasa,1,11857,2134,13991
2026-08-12,2026-08-13,DEL-BOM,Akasa,1,10731,1931,12662
2026-08-12,2026-08-13,DEL-BOM,Akasa,1,10549,1898,12447
2026-08-12,2026-08-13,DEL-BOM,Akasa,1,10440,1879,12319
2026-08-12,2026-09-26,DEL-BOM,SpiceJet,45,3842,691,4533
2026-08-12,2026-09-26,DEL-BOM,SpiceJet,45,3692,664,4356
2026-08-12,2026-09-26,DEL-BOM,SpiceJet,45,4268,768,5036
2026-08-12,2026-09-26,DEL-BOM,SpiceJet,45,3687,663,4350
2026-08-12,2026-09-26,DEL-BOM,SpiceJet,45,3891,700,4591
2026-08-12,2026-09-11,DEL-BOM,SpiceJet,30,3772,678,4450
2026-08-12,2026-09-11,DEL-BOM,SpiceJet,30,4316,776,5092
2026-08-12,2026-09-11,DEL-BOM,SpiceJet,30,3934,708,4642
2026-08-12,2026-09-11,DEL-BOM,SpiceJet,30,4313,776,5089
2026-08-12,2026-09-11,DEL-BOM,SpiceJet,30,4131,743,4874
2026-08-12,2026-08-27,DEL-BOM,SpiceJet,15,5695,1025,6720
2026-08-12,2026-08-27,DEL-BOM,SpiceJet,15,5585,1005,6590
2026-08-12,2026-08-27,DEL-BOM,SpiceJet,15,4612,830,5442
2026-08-12,2026-08-27,DEL-BOM,SpiceJet,15,5731,1031,6762
2026-08-12,2026-08-27,DEL-BOM,SpiceJet,15,4842,871,5713
2026-08-12,2026-08-19,DEL-BOM,SpiceJet,7,6518,1173,7691
2026-08-12,2026-08-19,DEL-BOM,SpiceJet,7,6488,1167,7655
2026-08-12,2026-08-19,DEL-BOM,SpiceJet,7,6640,1195,7835
2026-08-12,2026-08-19,DEL-BOM,SpiceJet,7,7554,1359,8913
2026-08-12,2026-08-19,DEL-BOM,SpiceJet,7,6314,1136,7450
2026-08-12,2026-08-13,DEL-BOM,SpiceJet,1,10718,1929,12647
2026-08-12,2026-08-13,DEL-BOM,SpiceJet,1,9714,1748,11462
2026-08-12,2026-08-13,DEL-BOM,SpiceJet,1,9923,1786,11709
2026-08-12,2026-08-13,DEL-BOM,SpiceJet,1,10698,1925,12623
2026-08-12,2026-08-13,DEL-BOM,SpiceJet,1,10687,1923,12610
2026-08-12,2026-09-26,DEL-BLR,IndiGo,45,5467,984,6451
2026-08-12,2026-09-26,DEL-BLR,IndiGo,45,5045,908,5953
2026-08-12,2026-09-26,DEL-BLR,IndiGo,45,5683,1022,6705
2026-08-12,2026-09-26,DEL-BLR,IndiGo,45,5135,924,6059
2026-08-12,2026-09-26,DEL-BLR,IndiGo,45,5858,1054,6912
2026-08-12,2026-09-11,DEL-BLR,IndiGo,30,6618,1191,7809
2026-08-12,2026-09-11,DEL-BLR,IndiGo,30,6154,1107,7261
2026-08-12,2026-09-11,DEL-BLR,IndiGo,30,6188,1113,7301
2026-08-12,2026-09-11,DEL-BLR,IndiGo,30,5672,1020,6692
2026-08-12,2026-09-11,DEL-BLR,IndiGo,30,6077,1093,7170
2026-08-12,2026-08-27,DEL-BLR,IndiGo,15,6695,1205,7900
2026-08-12,2026-08-27,DEL-BLR,IndiGo,15,8031,1445,9476
2026-08-12,2026-08-27,DEL-BLR,IndiGo,15,8347,1502,9849
2026-08-12,2026-08-27,DEL-BLR,IndiGo,15,8185,1473,9658
2026-08-12,2026-08-27,DEL-BLR,IndiGo,15,6728,1211,7939
2026-08-12,2026-08-19,DEL-BLR,IndiGo,7,9426,1696,11122
2026-08-12,2026-08-19,DEL-BLR,IndiGo,7,10080,1814,11894
2026-08-12,2026-08-19,DEL-BLR,IndiGo,7,9630,1733,11363
2026-08-12,2026-08-19,DEL-BLR,IndiGo,7,11056,1990,13046
2026-08-12,2026-08-19,DEL-BLR,IndiGo,7,10558,1900,12458
2026-08-12,2026-08-13,DEL-BLR,IndiGo,1,15229,2741,17970
2026-08-12,2026-08-13,DEL-BLR,IndiGo,1,15738,2832,18570
2026-08-12,2026-08-13,DEL-BLR,IndiGo,1,16508,2971,19479
2026-08-12,2026-08-13,DEL-BLR,IndiGo,1,16253,2925,19178
2026-08-12,2026-08-13,DEL-BLR,IndiGo,1,15798,2843,18641
2026-08-12,2026-09-26,DEL-BLR,Air India,45,6400,1152,7552
2026-08-12,2026-09-26,DEL-BLR,Air India,45,7135,1284,8419
2026-08-12,2026-09-26,DEL-BLR,Air India,45,6767,1218,7985
2026-08-12,2026-09-26,DEL-BLR,Air India,45,6473,1165,7638
2026-08-12,2026-09-26,DEL-BLR,Air India,45,6832,1229,8061
2026-08-12,2026-09-11,DEL-BLR,Air India,30,6773,1219,7992
2026-08-12,2026-09-11,DEL-BLR,Air India,30,7350,1323,8673
2026-08-12,2026-09-11,DEL-BLR,Air India,30,7454,1341,8795
2026-08-12,2026-09-11,DEL-BLR,Air India,30,7666,1379,9045
2026-08-12,2026-09-11,DEL-BLR,Air India,30,6557,1180,7737
2026-08-12,2026-08-27,DEL-BLR,Air India,15,8601,1548,10149
2026-08-12,2026-08-27,DEL-BLR,Air India,15,9377,1687,11064
2026-08-12,2026-08-27,DEL-BLR,Air India,15,8608,1549,10157
2026-08-12,2026-08-27,DEL-BLR,Air India,15,8200,1476,9676
2026-08-12,2026-08-27,DEL-BLR,Air India,15,8511,1531,10042
2026-08-12,2026-08-19,DEL-BLR,Air India,7,11522,2073,13595
2026-08-12,2026-08-19,DEL-BLR,Air India,7,11725,2110,13835
2026-08-12,2026-08-19,DEL-BLR,Air India,7,10352,1863,12215
2026-08-12,2026-08-19,DEL-BLR,Air India,7,13060,2350,15410
2026-08-12,2026-08-19,DEL-BLR,Air India,7,12997,2339,15336
2026-08-12,2026-08-13,DEL-BLR,Air India,1,18690,3364,22054
2026-08-12,2026-08-13,DEL-BLR,Air India,1,17802,3204,21006
2026-08-12,2026-08-13,DEL-BLR,Air India,1,15976,2875,18851
2026-08-12,2026-08-13,DEL-BLR,Air India,1,18030,3245,21275
2026-08-12,2026-08-13,DEL-BLR,Air India,1,15191,2734,17925
2026-08-12,2026-09-26,DEL-BLR,Akasa,45,5164,929,6093
2026-08-12,2026-09-26,DEL-BLR,Akasa,45,4950,891,5841
2026-08-12,2026-09-26,DEL-BLR,Akasa,45,5865,1055,6920
2026-08-12,2026-09-26,DEL-BLR,Akasa,45,5846,1052,6898
2026-08-12,2026-09-26,DEL-BLR,Akasa,45,5157,928,6085
2026-08-12,2026-09-11,DEL-BLR,Akasa,30,6127,1102,7229
2026-08-12,2026-09-11,DEL-BLR,Akasa,30,5657,1018,6675
2026-08-12,2026-09-11,DEL-BLR,Akasa,30,6265,1127,7392
2026-08-12,2026-09-11,DEL-BLR,Akasa,30,5570,1002,6572
2026-08-12,2026-09-11,DEL-BLR,Akasa,30,6046,1088,7134
2026-08-12,2026-08-27,DEL-BLR,Akasa,15,8035,1446,9481
2026-08-12,2026-08-27,DEL-BLR,Akasa,15,7279,1310,8589
2026-08-12,2026-08-27,DEL-BLR,Akasa,15,7943,1429,9372
2026-08-12,2026-08-27,DEL-BLR,Akasa,15,6659,1198,7857
2026-08-12,2026-08-27,DEL-BLR,Akasa,15,7736,1392,9128
2026-08-12,2026-08-19,DEL-BLR,Akasa,7,9362,1685,11047
2026-08-12,2026-08-19,DEL-BLR,Akasa,7,9137,1644,10781
2026-08-12,2026-08-19,DEL-BLR,Akasa,7,10457,1882,12339
2026-08-12,2026-08-19,DEL-BLR,Akasa,7,10368,1866,12234
2026-08-12,2026-08-19,DEL-BLR,Akasa,7,10112,1820,11932
2026-08-12,2026-08-13,DEL-BLR,Akasa,1,12697,2285,14982
2026-08-12,2026-08-13,DEL-BLR,Akasa,1,12642,2275,14917
2026-08-12,2026-08-13,DEL-BLR,Akasa,1,13409,2413,15822
2026-08-12,2026-08-13,DEL-BLR,Akasa,1,12739,2293,15032
2026-08-12,2026-08-13,DEL-BLR,Akasa,1,12674,2281,14955
2026-08-12,2026-09-26,DEL-BLR,SpiceJet,45,4465,803,5268
2026-08-12,2026-09-26,DEL-BLR,SpiceJet,45,5520,993,6513
2026-08-12,2026-09-26,DEL-BLR,SpiceJet,45,5132,923,6055
2026-08-12,2026-09-26,DEL-BLR,SpiceJet,45,4804,864,5668
2026-08-12,2026-09-26,DEL-BLR,SpiceJet,45,4849,872,5721
2026-08-12,2026-09-11,DEL-BLR,SpiceJet,30,5789,1042,6831
2026-08-12,2026-09-11,DEL-BLR,SpiceJet,30,5365,965,6330
2026-08-12,2026-09-11,DEL-BLR,SpiceJet,30,5443,979,6422
2026-08-12,2026-09-11,DEL-BLR,SpiceJet,30,5668,1020,6688
2026-08-12,2026-09-11,DEL-BLR,SpiceJet,30,5621,1011,6632
2026-08-12,2026-08-27,DEL-BLR,SpiceJet,15,7537,1356,8893
2026-08-12,2026-08-27,DEL-BLR,SpiceJet,15,7356,1324,8680
2026-08-12,2026-08-27,DEL-BLR,SpiceJet,15,6232,1121,7353
2026-08-12,2026-08-27,DEL-BLR,SpiceJet,15,6111,1099,7210
2026-08-12,2026-08-27,DEL-BLR,SpiceJet,15,6264,1127,7391
2026-08-12,2026-08-19,DEL-BLR,SpiceJet,7,8490,1528,10018
2026-08-12,2026-08-19,DEL-BLR,SpiceJet,7,9832,1769,11601
2026-08-12,2026-08-19,DEL-BLR,SpiceJet,7,10008,1801,11809
2026-08-12,2026-08-19,DEL-BLR,SpiceJet,7,8710,1567,10277
2026-08-12,2026-08-19,DEL-BLR,SpiceJet,7,8189,1474,9663
2026-08-12,2026-08-13,DEL-BLR,SpiceJet,1,13651,2457,16108
2026-08-12,2026-08-13,DEL-BLR,SpiceJet,1,12144,2185,14329
2026-08-12,2026-08-13,DEL-BLR,SpiceJet,1,13893,2500,16393
2026-08-12,2026-08-13,DEL-BLR,SpiceJet,1,13577,2443,16020
2026-08-12,2026-08-13,DEL-BLR,SpiceJet,1,13453,2421,15874
2026-08-12,2026-09-26,BOM-BLR,IndiGo,45,3859,694,4553
2026-08-12,2026-09-26,BOM-BLR,IndiGo,45,3915,704,4619
2026-08-12,2026-09-26,BOM-BLR,IndiGo,45,3188,573,3761
2026-08-12,2026-09-26,BOM-BLR,IndiGo,45,3185,573,3758
2026-08-12,2026-09-26,BOM-BLR,IndiGo,45,3410,613,4023
2026-08-12,2026-09-11,BOM-BLR,IndiGo,30,3665,659,4324
2026-08-12,2026-09-11,BOM-BLR,IndiGo,30,3790,682,4472
2026-08-12,2026-09-11,BOM-BLR,IndiGo,30,3912,704,4616
2026-08-12,2026-09-11,BOM-BLR,IndiGo,30,3843,691,4534
2026-08-12,2026-09-11,BOM-BLR,IndiGo,30,4295,773,5068
2026-08-12,2026-08-27,BOM-BLR,IndiGo,15,4990,898,5888
2026-08-12,2026-08-27,BOM-BLR,IndiGo,15,5009,901,5910
2026-08-12,2026-08-27,BOM-BLR,IndiGo,15,4992,898,5890
2026-08-12,2026-08-27,BOM-BLR,IndiGo,15,4750,855,5605
2026-08-12,2026-08-27,BOM-BLR,IndiGo,15,4837,870,5707
2026-08-12,2026-08-19,BOM-BLR,IndiGo,7,6730,1211,7941
2026-08-12,2026-08-19,BOM-BLR,IndiGo,7,6690,1204,7894
2026-08-12,2026-08-19,BOM-BLR,IndiGo,7,7049,1268,8317
2026-08-12,2026-08-19,BOM-BLR,IndiGo,7,6717,1209,7926
2026-08-12,2026-08-19,BOM-BLR,IndiGo,7,7031,1265,8296
2026-08-12,2026-08-13,BOM-BLR,IndiGo,1,9471,1704,11175
2026-08-12,2026-08-13,BOM-BLR,IndiGo,1,9632,1733,11365
2026-08-12,2026-08-13,BOM-BLR,IndiGo,1,8784,1581,10365
2026-08-12,2026-08-13,BOM-BLR,IndiGo,1,9765,1757,11522
2026-08-12,2026-08-13,BOM-BLR,IndiGo,1,9199,1655,10854
2026-08-12,2026-09-26,BOM-BLR,Air India,45,3890,700,4590
2026-08-12,2026-09-26,BOM-BLR,Air India,45,3734,672,4406
2026-08-12,2026-09-26,BOM-BLR,Air India,45,4166,749,4915
2026-08-12,2026-09-26,BOM-BLR,Air India,45,3910,703,4613
2026-08-12,2026-09-26,BOM-BLR,Air India,45,3743,673,4416
2026-08-12,2026-09-11,BOM-BLR,Air India,30,4032,725,4757
2026-08-12,2026-09-11,BOM-BLR,Air India,30,4253,765,5018
2026-08-12,2026-09-11,BOM-BLR,Air India,30,4721,849,5570
2026-08-12,2026-09-11,BOM-BLR,Air India,30,3985,717,4702
2026-08-12,2026-09-11,BOM-BLR,Air India,30,4583,824,5407
2026-08-12,2026-08-27,BOM-BLR,Air India,15,6111,1099,7210
2026-08-12,2026-08-27,BOM-BLR,Air India,15,5298,953,6251
2026-08-12,2026-08-27,BOM-BLR,Air India,15,5092,916,6008
2026-08-12,2026-08-27,BOM-BLR,Air India,15,5376,967,6343
2026-08-12,2026-08-27,BOM-BLR,Air India,15,5344,961,6305
2026-08-12,2026-08-19,BOM-BLR,Air India,7,7202,1296,8498
2026-08-12,2026-08-19,BOM-BLR,Air India,7,7382,1328,8710
2026-08-12,2026-08-19,BOM-BLR,Air India,7,8111,1459,9570
2026-08-12,2026-08-19,BOM-BLR,Air India,7,7104,1278,8382
2026-08-12,2026-08-19,BOM-BLR,Air India,7,7350,1323,8673
2026-08-12,2026-08-13,BOM-BLR,Air India,1,10607,1909,12516
2026-08-12,2026-08-13,BOM-BLR,Air India,1,11461,2062,13523
2026-08-12,2026-08-13,BOM-BLR,Air India,1,11497,2069,13566
2026-08-12,2026-08-13,BOM-BLR,Air India,1,10569,1902,12471
2026-08-12,2026-08-13,BOM-BLR,Air India,1,12197,2195,14392
2026-08-12,2026-09-26,BOM-BLR,Akasa,45,3416,614,4030
2026-08-12,2026-09-26,BOM-BLR,Akasa,45,3646,656,4302
2026-08-12,2026-09-26,BOM-BLR,Akasa,45,3480,626,4106
2026-08-12,2026-09-26,BOM-BLR,Akasa,45,3533,635,4168
2026-08-12,2026-09-26,BOM-BLR,Akasa,45,3321,597,3918
2026-08-12,2026-09-11,BOM-BLR,Akasa,30,4127,742,4869
2026-08-12,2026-09-11,BOM-BLR,Akasa,30,3681,662,4343
2026-08-12,2026-09-11,BOM-BLR,Akasa,30,3870,696,4566
2026-08-12,2026-09-11,BOM-BLR,Akasa,30,3827,688,4515
2026-08-12,2026-09-11,BOM-BLR,Akasa,30,3754,675,4429
2026-08-12,2026-08-27,BOM-BLR,Akasa,15,5135,924,6059
2026-08-12,2026-08-27,BOM-BLR,Akasa,15,4304,774,5078
2026-08-12,2026-08-27,BOM-BLR,Akasa,15,4689,844,5533
2026-08-12,2026-08-27,BOM-BLR,Akasa,15,4440,799,5239
2026-08-12,2026-08-27,BOM-BLR,Akasa,15,4278,770,5048
2026-08-12,2026-08-19,BOM-BLR,Akasa,7,5933,1067,7000
2026-08-12,2026-08-19,BOM-BLR,Akasa,7,5413,974,6387
2026-08-12,2026-08-19,BOM-BLR,Akasa,7,5708,1027,6735
2026-08-12,2026-08-19,BOM-BLR,Akasa,7,6039,1087,7126
2026-08-12,2026-08-19,BOM-BLR,Akasa,7,5772,1038,6810
2026-08-12,2026-08-13,BOM-BLR,Akasa,1,8113,1460,9573
2026-08-12,2026-08-13,BOM-BLR,Akasa,1,9907,1783,11690
2026-08-12,2026-08-13,BOM-BLR,Akasa,1,9390,1690,11080
2026-08-12,2026-08-13,BOM-BLR,Akasa,1,8434,1518,9952
2026-08-12,2026-08-13,BOM-BLR,Akasa,1,9272,1668,10940
2026-08-12,2026-09-26,BOM-BLR,SpiceJet,45,3070,552,3622
2026-08-12,2026-09-26,BOM-BLR,SpiceJet,45,3301,594,3895
2026-08-12,2026-09-26,BOM-BLR,SpiceJet,45,3505,630,4135
2026-08-12,2026-09-26,BOM-BLR,SpiceJet,45,3570,642,4212
2026-08-12,2026-09-26,BOM-BLR,SpiceJet,45,3598,647,4245
2026-08-12,2026-09-11,BOM-BLR,SpiceJet,30,3192,574,3766
2026-08-12,2026-09-11,BOM-BLR,SpiceJet,30,3150,567,3717
2026-08-12,2026-09-11,BOM-BLR,SpiceJet,30,3949,710,4659
2026-08-12,2026-09-11,BOM-BLR,SpiceJet,30,3786,681,4467
2026-08-12,2026-09-11,BOM-BLR,SpiceJet,30,3735,672,4407
2026-08-12,2026-08-27,BOM-BLR,SpiceJet,15,4171,750,4921
2026-08-12,2026-08-27,BOM-BLR,SpiceJet,15,4344,781,5125
2026-08-12,2026-08-27,BOM-BLR,SpiceJet,15,4551,819,5370
2026-08-12,2026-08-27,BOM-BLR,SpiceJet,15,4426,796,5222
2026-08-12,2026-08-27,BOM-BLR,SpiceJet,15,4081,734,4815
2026-08-12,2026-08-19,BOM-BLR,SpiceJet,7,6027,1084,7111
2026-08-12,2026-08-19,BOM-BLR,SpiceJet,7,5843,1051,6894
2026-08-12,2026-08-19,BOM-BLR,SpiceJet,7,5487,987,6474
2026-08-12,2026-08-19,BOM-BLR,SpiceJet,7,6080,1094,7174
2026-08-12,2026-08-19,BOM-BLR,SpiceJet,7,6096,1097,7193
2026-08-12,2026-08-13,BOM-BLR,SpiceJet,1,9085,1635,10720
2026-08-12,2026-08-13,BOM-BLR,SpiceJet,1,9565,1721,11286
2026-08-12,2026-08-13,BOM-BLR,SpiceJet,1,9514,1712,11226
2026-08-12,2026-08-13,BOM-BLR,SpiceJet,1,7665,1379,9044
2026-08-12,2026-08-13,BOM-BLR,SpiceJet,1,8667,1560,10227
2026-08-12,2026-09-26,DEL-CCU,IndiGo,45,5035,906,5941
2026-08-12,2026-09-26,DEL-CCU,IndiGo,45,5354,963,6317
2026-08-12,2026-09-26,DEL-CCU,IndiGo,45,4615,830,5445
2026-08-12,2026-09-26,DEL-CCU,IndiGo,45,4680,842,5522
2026-08-12,2026-09-26,DEL-CCU,IndiGo,45,5355,963,6318
2026-08-12,2026-09-11,DEL-CCU,IndiGo,30,5885,1059,6944
2026-08-12,2026-09-11,DEL-CCU,IndiGo,30,5829,1049,6878
2026-08-12,2026-09-11,DEL-CCU,IndiGo,30,5440,979,6419
2026-08-12,2026-09-11,DEL-CCU,IndiGo,30,5401,972,6373
2026-08-12,2026-09-11,DEL-CCU,IndiGo,30,5309,955,6264
2026-08-12,2026-08-27,DEL-CCU,IndiGo,15,6434,1158,7592
2026-08-12,2026-08-27,DEL-CCU,IndiGo,15,7280,1310,8590
2026-08-12,2026-08-27,DEL-CCU,IndiGo,15,7388,1329,8717
2026-08-12,2026-08-27,DEL-CCU,IndiGo,15,6548,1178,7726
2026-08-12,2026-08-27,DEL-CCU,IndiGo,15,7332,1319,8651
2026-08-12,2026-08-19,DEL-CCU,IndiGo,7,8765,1577,10342
2026-08-12,2026-08-19,DEL-CCU,IndiGo,7,8960,1612,10572
2026-08-12,2026-08-19,DEL-CCU,IndiGo,7,9573,1723,11296
2026-08-12,2026-08-19,DEL-CCU,IndiGo,7,7919,1425,9344
2026-08-12,2026-08-19,DEL-CCU,IndiGo,7,8022,1443,9465
2026-08-12,2026-08-13,DEL-CCU,IndiGo,1,14184,2553,16737
2026-08-12,2026-08-13,DEL-CCU,IndiGo,1,12142,2185,14327
2026-08-12,2026-08-13,DEL-CCU,IndiGo,1,12644,2275,14919
2026-08-12,2026-08-13,DEL-CCU,IndiGo,1,12801,2304,15105
2026-08-12,2026-08-13,DEL-CCU,IndiGo,1,13317,2397,15714
2026-08-12,2026-09-26,DEL-CCU,Air India,45,5631,1013,6644
2026-08-12,2026-09-26,DEL-CCU,Air India,45,5106,919,6025
2026-08-12,2026-09-26,DEL-CCU,Air India,45,5846,1052,6898
2026-08-12,2026-09-26,DEL-CCU,Air India,45,5177,931,6108
2026-08-12,2026-09-26,DEL-CCU,Air India,45,5528,995,6523
2026-08-12,2026-09-11,DEL-CCU,Air India,30,5643,1015,6658
2026-08-12,2026-09-11,DEL-CCU,Air India,30,5664,1019,6683
2026-08-12,2026-09-11,DEL-CCU,Air India,30,5522,993,6515
2026-08-12,2026-09-11,DEL-CCU,Air India,30,5701,1026,6727
2026-08-12,2026-09-11,DEL-CCU,Air India,30,6720,1209,7929
2026-08-12,2026-08-27,DEL-CCU,Air India,15,6970,1254,8224
2026-08-12,2026-08-27,DEL-CCU,Air India,15,7663,1379,9042
2026-08-12,2026-08-27,DEL-CCU,Air India,15,7832,1409,9241
2026-08-12,2026-08-27,DEL-CCU,Air India,15,7225,1300,8525
2026-08-12,2026-08-27,DEL-CCU,Air India,15,6735,1212,7947
2026-08-12,2026-08-19,DEL-CCU,Air India,7,9688,1743,11431
2026-08-12,2026-08-19,DEL-CCU,Air India,7,10373,1867,12240
2026-08-12,2026-08-19,DEL-CCU,Air India,7,9427,1696,11123
2026-08-12,2026-08-19,DEL-CCU,Air India,7,10474,1885,12359
2026-08-12,2026-08-19,DEL-CCU,Air India,7,10466,1883,12349
2026-08-12,2026-08-13,DEL-CCU,Air India,1,13341,2401,15742
2026-08-12,2026-08-13,DEL-CCU,Air India,1,15213,2738,17951
2026-08-12,2026-08-13,DEL-CCU,Air India,1,16706,3007,19713
2026-08-12,2026-08-13,DEL-CCU,Air India,1,16812,3026,19838
2026-08-12,2026-08-13,DEL-CCU,Air India,1,16200,2916,19116
2026-08-12,2026-09-26,DEL-CCU,Akasa,45,4521,813,5334
2026-08-12,2026-09-26,DEL-CCU,Akasa,45,4268,768,5036
2026-08-12,2026-09-26,DEL-CCU,Akasa,45,4286,771,5057
2026-08-12,2026-09-26,DEL-CCU,Akasa,45,5040,907,5947
2026-08-12,2026-09-26,DEL-CCU,Akasa,45,4605,828,5433
2026-08-12,2026-09-11,DEL-CCU,Akasa,30,5276,949,6225
2026-08-12,2026-09-11,DEL-CCU,Akasa,30,5612,1010,6622
2026-08-12,2026-09-11,DEL-CCU,Akasa,30,5315,956,6271
2026-08-12,2026-09-11,DEL-CCU,Akasa,30,4918,885,5803
2026-08-12,2026-09-11,DEL-CCU,Akasa,30,5112,920,6032
2026-08-12,2026-08-27,DEL-CCU,Akasa,15,6777,1219,7996
2026-08-12,2026-08-27,DEL-CCU,Akasa,15,6065,1091,7156
2026-08-12,2026-08-27,DEL-CCU,Akasa,15,6668,1200,7868
2026-08-12,2026-08-27,DEL-CCU,Akasa,15,5690,1024,6714
2026-08-12,2026-08-27,DEL-CCU,Akasa,15,6209,1117,7326
2026-08-12,2026-08-19,DEL-CCU,Akasa,7,9041,1627,10668
2026-08-12,2026-08-19,DEL-CCU,Akasa,7,7889,1420,9309
2026-08-12,2026-08-19,DEL-CCU,Akasa,7,8270,1488,9758
2026-08-12,2026-08-19,DEL-CCU,Akasa,7,9292,1672,10964
2026-08-12,2026-08-19,DEL-CCU,Akasa,7,8905,1602,10507
2026-08-12,2026-08-13,DEL-CCU,Akasa,1,12905,2322,15227
2026-08-12,2026-08-13,DEL-CCU,Akasa,1,11994,2158,14152
2026-08-12,2026-08-13,DEL-CCU,Akasa,1,12429,2237,14666
2026-08-12,2026-08-13,DEL-CCU,Akasa,1,12085,2175,14260
2026-08-12,2026-08-13,DEL-CCU,Akasa,1,11294,2032,13326
2026-08-12,2026-09-26,DEL-CCU,SpiceJet,45,3988,717,4705
2026-08-12,2026-09-26,DEL-CCU,SpiceJet,45,4028,725,4753
2026-08-12,2026-09-26,DEL-CCU,SpiceJet,45,4027,724,4751
2026-08-12,2026-09-26,DEL-CCU,SpiceJet,45,4942,889,5831
2026-08-12,2026-09-26,DEL-CCU,SpiceJet,45,4458,802,5260
2026-08-12,2026-09-11,DEL-CCU,SpiceJet,30,5441,979,6420
2026-08-12,2026-09-11,DEL-CCU,SpiceJet,30,4649,836,5485
2026-08-12,2026-09-11,DEL-CCU,SpiceJet,30,5299,953,6252
2026-08-12,2026-09-11,DEL-CCU,SpiceJet,30,4427,796,5223
2026-08-12,2026-09-11,DEL-CCU,SpiceJet,30,4711,847,5558
2026-08-12,2026-08-27,DEL-CCU,SpiceJet,15,5332,959,6291
2026-08-12,2026-08-27,DEL-CCU,SpiceJet,15,5900,1062,6962
2026-08-12,2026-08-27,DEL-CCU,SpiceJet,15,6021,1083,7104
2026-08-12,2026-08-27,DEL-CCU,SpiceJet,15,5988,1077,7065
2026-08-12,2026-08-27,DEL-CCU,SpiceJet,15,5484,987,6471
2026-08-12,2026-08-19,DEL-CCU,SpiceJet,7,8270,1488,9758
2026-08-12,2026-08-19,DEL-CCU,SpiceJet,7,7293,1312,8605
2026-08-12,2026-08-19,DEL-CCU,SpiceJet,7,7623,1372,8995
2026-08-12,2026-08-19,DEL-CCU,SpiceJet,7,8831,1589,10420
2026-08-12,2026-08-19,DEL-CCU,SpiceJet,7,7981,1436,9417
2026-08-12,2026-08-13,DEL-CCU,SpiceJet,1,12453,2241,14694
2026-08-12,2026-08-13,DEL-CCU,SpiceJet,1,11507,2071,13578
2026-08-12,2026-08-13,DEL-CCU,SpiceJet,1,11004,1980,12984
2026-08-12,2026-08-13,DEL-CCU,SpiceJet,1,13071,2352,15423
2026-08-12,2026-08-13,DEL-CCU,SpiceJet,1,10500,1890,12390
2026-08-12,2026-09-26,BLR-HYD,IndiGo,45,2736,492,3228
2026-08-12,2026-09-26,BLR-HYD,IndiGo,45,3168,570,3738
2026-08-12,2026-09-26,BLR-HYD,IndiGo,45,3050,549,3599
2026-08-12,2026-09-26,BLR-HYD,IndiGo,45,2634,474,3108
2026-08-12,2026-09-26,BLR-HYD,IndiGo,45,2881,518,3399
2026-08-12,2026-09-11,BLR-HYD,IndiGo,30,3255,585,3840
2026-08-12,2026-09-11,BLR-HYD,IndiGo,30,3455,621,4076
2026-08-12,2026-09-11,BLR-HYD,IndiGo,30,3042,547,3589
2026-08-12,2026-09-11,BLR-HYD,IndiGo,30,2852,513,3365
2026-08-12,2026-09-11,BLR-HYD,IndiGo,30,2978,536,3514
2026-08-12,2026-08-27,BLR-HYD,IndiGo,15,3495,629,4124
2026-08-12,2026-08-27,BLR-HYD,IndiGo,15,4100,738,4838
2026-08-12,2026-08-27,BLR-HYD,IndiGo,15,3696,665,4361
2026-08-12,2026-08-27,BLR-HYD,IndiGo,15,3586,645,4231
2026-08-12,2026-08-27,BLR-HYD,IndiGo,15,3810,685,4495
2026-08-12,2026-08-19,BLR-HYD,IndiGo,7,5637,1014,6651
2026-08-12,2026-08-19,BLR-HYD,IndiGo,7,4596,827,5423
2026-08-12,2026-08-19,BLR-HYD,IndiGo,7,4809,865,5674
2026-08-12,2026-08-19,BLR-HYD,IndiGo,7,5633,1013,6646
2026-08-12,2026-08-19,BLR-HYD,IndiGo,7,5470,984,6454
2026-08-12,2026-08-13,BLR-HYD,IndiGo,1,6967,1254,8221
2026-08-12,2026-08-13,BLR-HYD,IndiGo,1,8165,1469,9634
2026-08-12,2026-08-13,BLR-HYD,IndiGo,1,6732,1211,7943
2026-08-12,2026-08-13,BLR-HYD,IndiGo,1,7913,1424,9337
2026-08-12,2026-08-13,BLR-HYD,IndiGo,1,8155,1467,9622
2026-08-12,2026-09-26,BLR-HYD,Air India,45,3009,541,3550
2026-08-12,2026-09-26,BLR-HYD,Air India,45,3415,614,4029
2026-08-12,2026-09-26,BLR-HYD,Air India,45,3172,570,3742
2026-08-12,2026-09-26,BLR-HYD,Air India,45,3224,580,3804
2026-08-12,2026-09-26,BLR-HYD,Air India,45,2930,527,3457
2026-08-12,2026-09-11,BLR-HYD,Air India,30,3391,610,4001
2026-08-12,2026-09-11,BLR-HYD,Air India,30,3701,666,4367
2026-08-12,2026-09-11,BLR-HYD,Air India,30,3968,714,4682
2026-08-12,2026-09-11,BLR-HYD,Air India,30,3929,707,4636
2026-08-12,2026-09-11,BLR-HYD,Air India,30,3412,614,4026
2026-08-12,2026-08-27,BLR-HYD,Air India,15,4198,755,4953
2026-08-12,2026-08-27,BLR-HYD,Air India,15,4940,889,5829
2026-08-12,2026-08-27,BLR-HYD,Air India,15,4502,810,5312
2026-08-12,2026-08-27,BLR-HYD,Air India,15,4574,823,5397
2026-08-12,2026-08-27,BLR-HYD,Air India,15,4822,867,5689
2026-08-12,2026-08-19,BLR-HYD,Air India,7,6541,1177,7718
2026-08-12,2026-08-19,BLR-HYD,Air India,7,5454,981,6435
2026-08-12,2026-08-19,BLR-HYD,Air India,7,5976,1075,7051
2026-08-12,2026-08-19,BLR-HYD,Air India,7,5449,980,6429
2026-08-12,2026-08-19,BLR-HYD,Air India,7,6049,1088,7137
2026-08-12,2026-08-13,BLR-HYD,Air India,1,9438,1698,11136
2026-08-12,2026-08-13,BLR-HYD,Air India,1,8592,1546,10138
2026-08-12,2026-08-13,BLR-HYD,Air India,1,9156,1648,10804
2026-08-12,2026-08-13,BLR-HYD,Air India,1,8396,1511,9907
2026-08-12,2026-08-13,BLR-HYD,Air India,1,8340,1501,9841
2026-08-12,2026-09-26,BLR-HYD,Akasa,45,2856,514,3370
2026-08-12,2026-09-26,BLR-HYD,Akasa,45,2606,469,3075
2026-08-12,2026-09-26,BLR-HYD,Akasa,45,2666,479,3145
2026-08-12,2026-09-26,BLR-HYD,Akasa,45,2982,536,3518
2026-08-12,2026-09-26,BLR-HYD,Akasa,45,2561,460,3021
2026-08-12,2026-09-11,BLR-HYD,Akasa,30,2725,490,3215
2026-08-12,2026-09-11,BLR-HYD,Akasa,30,3006,541,3547
2026-08-12,2026-09-11,BLR-HYD,Akasa,30,3070,552,3622
2026-08-12,2026-09-11,BLR-HYD,Akasa,30,3204,576,3780
2026-08-12,2026-09-11,BLR-HYD,Akasa,30,2912,524,3436
2026-08-12,2026-08-27,BLR-HYD,Akasa,15,3399,611,4010
2026-08-12,2026-08-27,BLR-HYD,Akasa,15,3942,709,4651
2026-08-12,2026-08-27,BLR-HYD,Akasa,15,3277,589,3866
2026-08-12,2026-08-27,BLR-HYD,Akasa,15,3544,637,4181
2026-08-12,2026-08-27,BLR-HYD,Akasa,15,3312,596,3908
2026-08-12,2026-08-19,BLR-HYD,Akasa,7,4837,870,5707
2026-08-12,2026-08-19,BLR-HYD,Akasa,7,4669,840,5509
2026-08-12,2026-08-19,BLR-HYD,Akasa,7,4409,793,5202
2026-08-12,2026-08-19,BLR-HYD,Akasa,7,4866,875,5741
2026-08-12,2026-08-19,BLR-HYD,Akasa,7,4561,820,5381
2026-08-12,2026-08-13,BLR-HYD,Akasa,1,7587,1365,8952
2026-08-12,2026-08-13,BLR-HYD,Akasa,1,7491,1348,8839
2026-08-12,2026-08-13,BLR-HYD,Akasa,1,7935,1428,9363
2026-08-12,2026-08-13,BLR-HYD,Akasa,1,6412,1154,7566
2026-08-12,2026-08-13,BLR-HYD,Akasa,1,7040,1267,8307
2026-08-12,2026-09-26,BLR-HYD,SpiceJet,45,2748,494,3242
2026-08-12,2026-09-26,BLR-HYD,SpiceJet,45,2600,468,3068
2026-08-12,2026-09-26,BLR-HYD,SpiceJet,45,2853,513,3366
2026-08-12,2026-09-26,BLR-HYD,SpiceJet,45,2472,444,2916
2026-08-12,2026-09-26,BLR-HYD,SpiceJet,45,2282,410,2692
2026-08-12,2026-09-11,BLR-HYD,SpiceJet,30,3038,546,3584
2026-08-12,2026-09-11,BLR-HYD,SpiceJet,30,2520,453,2973
2026-08-12,2026-09-11,BLR-HYD,SpiceJet,30,3063,551,3614
2026-08-12,2026-09-11,BLR-HYD,SpiceJet,30,2850,513,3363
2026-08-12,2026-09-11,BLR-HYD,SpiceJet,30,3048,548,3596
2026-08-12,2026-08-27,BLR-HYD,SpiceJet,15,3625,652,4277
2026-08-12,2026-08-27,BLR-HYD,SpiceJet,15,3752,675,4427
2026-08-12,2026-08-27,BLR-HYD,SpiceJet,15,3426,616,4042
2026-08-12,2026-08-27,BLR-HYD,SpiceJet,15,3153,567,3720
2026-08-12,2026-08-27,BLR-HYD,SpiceJet,15,3842,691,4533
2026-08-12,2026-08-19,BLR-HYD,SpiceJet,7,4860,874,5734
2026-08-12,2026-08-19,BLR-HYD,SpiceJet,7,4584,825,5409
2026-08-12,2026-08-19,BLR-HYD,SpiceJet,7,4639,835,5474
2026-08-12,2026-08-19,BLR-HYD,SpiceJet,7,4809,865,5674
2026-08-12,2026-08-19,BLR-HYD,SpiceJet,7,5207,937,6144
2026-08-12,2026-08-13,BLR-HYD,SpiceJet,1,7673,1381,9054
2026-08-12,2026-08-13,BLR-HYD,SpiceJet,1,7669,1380,9049
2026-08-12,2026-08-13,BLR-HYD,SpiceJet,1,6271,1128,7399
2026-08-12,2026-08-13,BLR-HYD,SpiceJet,1,6451,1161,7612
2026-08-12,2026-08-13,BLR-HYD,SpiceJet,1,6391,1150,7541
2026-08-13,2026-09-27,DEL-BOM,IndiGo,45,3934,708,4642
2026-08-13,2026-09-27,DEL-BOM,IndiGo,45,3814,686,4500
2026-08-13,2026-09-27,DEL-BOM,IndiGo,45,4477,805,5282
2026-08-13,2026-09-27,DEL-BOM,IndiGo,45,4584,825,5409
2026-08-13,2026-09-27,DEL-BOM,IndiGo,45,4769,858,5627
2026-08-13,2026-09-12,DEL-BOM,IndiGo,30,4346,782,5128
2026-08-13,2026-09-12,DEL-BOM,IndiGo,30,5044,907,5951
2026-08-13,2026-09-12,DEL-BOM,IndiGo,30,4184,753,4937
2026-08-13,2026-09-12,DEL-BOM,IndiGo,30,5294,952,6246
2026-08-13,2026-09-12,DEL-BOM,IndiGo,30,4282,770,5052
2026-08-13,2026-08-28,DEL-BOM,IndiGo,15,5482,986,6468
2026-08-13,2026-08-28,DEL-BOM,IndiGo,15,5810,1045,6855
2026-08-13,2026-08-28,DEL-BOM,IndiGo,15,6294,1132,7426
2026-08-13,2026-08-28,DEL-BOM,IndiGo,15,5461,982,6443
2026-08-13,2026-08-28,DEL-BOM,IndiGo,15,5586,1005,6591
2026-08-13,2026-08-20,DEL-BOM,IndiGo,7,7178,1292,8470
2026-08-13,2026-08-20,DEL-BOM,IndiGo,7,7108,1279,8387
2026-08-13,2026-08-20,DEL-BOM,IndiGo,7,7364,1325,8689
2026-08-13,2026-08-20,DEL-BOM,IndiGo,7,7278,1310,8588
2026-08-13,2026-08-20,DEL-BOM,IndiGo,7,7025,1264,8289
2026-08-13,2026-08-14,DEL-BOM,IndiGo,1,11703,2106,13809
2026-08-13,2026-08-14,DEL-BOM,IndiGo,1,10081,1814,11895
2026-08-13,2026-08-14,DEL-BOM,IndiGo,1,11871,2136,14007
2026-08-13,2026-08-14,DEL-BOM,IndiGo,1,11325,2038,13363
2026-08-13,2026-08-14,DEL-BOM,IndiGo,1,10541,1897,12438
2026-08-13,2026-09-27,DEL-BOM,Air India,45,4850,873,5723
2026-08-13,2026-09-27,DEL-BOM,Air India,45,4495,809,5304
2026-08-13,2026-09-27,DEL-BOM,Air India,45,4919,885,5804
2026-08-13,2026-09-27,DEL-BOM,Air India,45,5011,901,5912
2026-08-13,2026-09-27,DEL-BOM,Air India,45,5385,969,6354
2026-08-13,2026-09-12,DEL-BOM,Air India,30,5995,1079,7074
2026-08-13,2026-09-12,DEL-BOM,Air India,30,5856,1054,6910
2026-08-13,2026-09-12,DEL-BOM,Air India,30,6057,1090,7147
2026-08-13,2026-09-12,DEL-BOM,Air India,30,5430,977,6407
2026-08-13,2026-09-12,DEL-BOM,Air India,30,6104,1098,7202
2026-08-13,2026-08-28,DEL-BOM,Air India,15,6563,1181,7744
2026-08-13,2026-08-28,DEL-BOM,Air India,15,6587,1185,7772
2026-08-13,2026-08-28,DEL-BOM,Air India,15,5988,1077,7065
2026-08-13,2026-08-28,DEL-BOM,Air India,15,5974,1075,7049
2026-08-13,2026-08-28,DEL-BOM,Air India,15,6538,1176,7714
2026-08-13,2026-08-20,DEL-BOM,Air India,7,8917,1605,10522
2026-08-13,2026-08-20,DEL-BOM,Air India,7,9555,1719,11274
2026-08-13,2026-08-20,DEL-BOM,Air India,7,9697,1745,11442
2026-08-13,2026-08-20,DEL-BOM,Air India,7,9396,1691,11087
2026-08-13,2026-08-20,DEL-BOM,Air India,7,8293,1492,9785
2026-08-13,2026-08-14,DEL-BOM,Air India,1,13804,2484,16288
2026-08-13,2026-08-14,DEL-BOM,Air India,1,12585,2265,14850
2026-08-13,2026-08-14,DEL-BOM,Air India,1,11743,2113,13856
2026-08-13,2026-08-14,DEL-BOM,Air India,1,14451,2601,17052
2026-08-13,2026-08-14,DEL-BOM,Air India,1,11832,2129,13961
2026-08-13,2026-09-27,DEL-BOM,Akasa,45,4434,798,5232
2026-08-13,2026-09-27,DEL-BOM,Akasa,45,3702,666,4368
2026-08-13,2026-09-27,DEL-BOM,Akasa,45,4364,785,5149
2026-08-13,2026-09-27,DEL-BOM,Akasa,45,4195,755,4950
2026-08-13,2026-09-27,DEL-BOM,Akasa,45,4043,727,4770
2026-08-13,2026-09-12,DEL-BOM,Akasa,30,4834,870,5704
2026-08-13,2026-09-12,DEL-BOM,Akasa,30,4462,803,5265
2026-08-13,2026-09-12,DEL-BOM,Akasa,30,4062,731,4793
2026-08-13,2026-09-12,DEL-BOM,Akasa,30,4678,842,5520
2026-08-13,2026-09-12,DEL-BOM,Akasa,30,4168,750,4918
2026-08-13,2026-08-28,DEL-BOM,Akasa,15,5192,934,6126
2026-08-13,2026-08-28,DEL-BOM,Akasa,15,5801,1044,6845
2026-08-13,2026-08-28,DEL-BOM,Akasa,15,5933,1067,7000
2026-08-13,2026-08-28,DEL-BOM,Akasa,15,5086,915,6001
2026-08-13,2026-08-28,DEL-BOM,Akasa,15,6010,1081,7091
2026-08-13,2026-08-20,DEL-BOM,Akasa,7,7809,1405,9214
2026-08-13,2026-08-20,DEL-BOM,Akasa,7,8162,1469,9631
2026-08-13,2026-08-20,DEL-BOM,Akasa,7,7089,1276,8365
2026-08-13,2026-08-20,DEL-BOM,Akasa,7,6544,1177,7721
2026-08-13,2026-08-20,DEL-BOM,Akasa,7,7366,1325,8691
2026-08-13,2026-08-14,DEL-BOM,Akasa,1,10223,1840,12063
2026-08-13,2026-08-14,DEL-BOM,Akasa,1,11209,2017,13226
2026-08-13,2026-08-14,DEL-BOM,Akasa,1,9800,1764,11564
2026-08-13,2026-08-14,DEL-BOM,Akasa,1,11505,2070,13575
2026-08-13,2026-08-14,DEL-BOM,Akasa,1,10495,1889,12384
2026-08-13,2026-09-27,DEL-BOM,SpiceJet,45,3939,709,4648
2026-08-13,2026-09-27,DEL-BOM,SpiceJet,45,3695,665,4360
2026-08-13,2026-09-27,DEL-BOM,SpiceJet,45,3478,626,4104
2026-08-13,2026-09-27,DEL-BOM,SpiceJet,45,3607,649,4256
2026-08-13,2026-09-27,DEL-BOM,SpiceJet,45,3841,691,4532
2026-08-13,2026-09-12,DEL-BOM,SpiceJet,30,4569,822,5391
2026-08-13,2026-09-12,DEL-BOM,SpiceJet,30,4660,838,5498
2026-08-13,2026-09-12,DEL-BOM,SpiceJet,30,4174,751,4925
2026-08-13,2026-09-12,DEL-BOM,SpiceJet,30,4176,751,4927
2026-08-13,2026-09-12,DEL-BOM,SpiceJet,30,4378,788,5166
2026-08-13,2026-08-28,DEL-BOM,SpiceJet,15,5155,927,6082
2026-08-13,2026-08-28,DEL-BOM,SpiceJet,15,4738,852,5590
2026-08-13,2026-08-28,DEL-BOM,SpiceJet,15,5602,1008,6610
2026-08-13,2026-08-28,DEL-BOM,SpiceJet,15,5824,1048,6872
2026-08-13,2026-08-28,DEL-BOM,SpiceJet,15,4712,848,5560
2026-08-13,2026-08-20,DEL-BOM,SpiceJet,7,7387,1329,8716
2026-08-13,2026-08-20,DEL-BOM,SpiceJet,7,6569,1182,7751
2026-08-13,2026-08-20,DEL-BOM,SpiceJet,7,6385,1149,7534
2026-08-13,2026-08-20,DEL-BOM,SpiceJet,7,6752,1215,7967
2026-08-13,2026-08-20,DEL-BOM,SpiceJet,7,6822,1227,8049
2026-08-13,2026-08-14,DEL-BOM,SpiceJet,1,11194,2014,13208
2026-08-13,2026-08-14,DEL-BOM,SpiceJet,1,10579,1904,12483
2026-08-13,2026-08-14,DEL-BOM,SpiceJet,1,9786,1761,11547
2026-08-13,2026-08-14,DEL-BOM,SpiceJet,1,9405,1692,11097
2026-08-13,2026-08-14,DEL-BOM,SpiceJet,1,11340,2041,13381
2026-08-13,2026-09-27,DEL-BLR,IndiGo,45,6120,1101,7221
2026-08-13,2026-09-27,DEL-BLR,IndiGo,45,5527,994,6521
2026-08-13,2026-09-27,DEL-BLR,IndiGo,45,6143,1105,7248
2026-08-13,2026-09-27,DEL-BLR,IndiGo,45,5130,923,6053
2026-08-13,2026-09-27,DEL-BLR,IndiGo,45,5008,901,5909
2026-08-13,2026-09-12,DEL-BLR,IndiGo,30,6288,1131,7419
2026-08-13,2026-09-12,DEL-BLR,IndiGo,30,5883,1058,6941
2026-08-13,2026-09-12,DEL-BLR,IndiGo,30,5514,992,6506
2026-08-13,2026-09-12,DEL-BLR,IndiGo,30,5851,1053,6904
2026-08-13,2026-09-12,DEL-BLR,IndiGo,30,6426,1156,7582
2026-08-13,2026-08-28,DEL-BLR,IndiGo,15,7649,1376,9025
2026-08-13,2026-08-28,DEL-BLR,IndiGo,15,6708,1207,7915
2026-08-13,2026-08-28,DEL-BLR,IndiGo,15,7474,1345,8819
2026-08-13,2026-08-28,DEL-BLR,IndiGo,15,7258,1306,8564
2026-08-13,2026-08-28,DEL-BLR,IndiGo,15,7655,1377,9032
2026-08-13,2026-08-20,DEL-BLR,IndiGo,7,10243,1843,12086
2026-08-13,2026-08-20,DEL-BLR,IndiGo,7,10703,1926,12629
2026-08-13,2026-08-20,DEL-BLR,IndiGo,7,9724,1750,11474
2026-08-13,2026-08-20,DEL-BLR,IndiGo,7,10795,1943,12738
2026-08-13,2026-08-20,DEL-BLR,IndiGo,7,10562,1901,12463
2026-08-13,2026-08-14,DEL-BLR,IndiGo,1,15357,2764,18121
2026-08-13,2026-08-14,DEL-BLR,IndiGo,1,14918,2685,17603
2026-08-13,2026-08-14,DEL-BLR,IndiGo,1,15635,2814,18449
2026-08-13,2026-08-14,DEL-BLR,IndiGo,1,13586,2445,16031
2026-08-13,2026-08-14,DEL-BLR,IndiGo,1,14393,2590,16983
2026-08-13,2026-09-27,DEL-BLR,Air India,45,6556,1180,7736
2026-08-13,2026-09-27,DEL-BLR,Air India,45,7206,1297,8503
2026-08-13,2026-09-27,DEL-BLR,Air India,45,6056,1090,7146
2026-08-13,2026-09-27,DEL-BLR,Air India,45,6058,1090,7148
2026-08-13,2026-09-27,DEL-BLR,Air India,45,6103,1098,7201
2026-08-13,2026-09-12,DEL-BLR,Air India,30,6450,1161,7611
2026-08-13,2026-09-12,DEL-BLR,Air India,30,6842,1231,8073
2026-08-13,2026-09-12,DEL-BLR,Air India,30,7706,1387,9093
2026-08-13,2026-09-12,DEL-BLR,Air India,30,6701,1206,7907
2026-08-13,2026-09-12,DEL-BLR,Air India,30,6316,1136,7452
2026-08-13,2026-08-28,DEL-BLR,Air India,15,8477,1525,10002
2026-08-13,2026-08-28,DEL-BLR,Air India,15,8984,1617,10601
2026-08-13,2026-08-28,DEL-BLR,Air India,15,7925,1426,9351
2026-08-13,2026-08-28,DEL-BLR,Air India,15,8007,1441,9448
2026-08-13,2026-08-28,DEL-BLR,Air India,15,8407,1513,9920
2026-08-13,2026-08-20,DEL-BLR,Air India,7,12848,2312,15160
2026-08-13,2026-08-20,DEL-BLR,Air India,7,10477,1885,12362
2026-08-13,2026-08-20,DEL-BLR,Air India,7,11219,2019,13238
2026-08-13,2026-08-20,DEL-BLR,Air India,7,12385,2229,14614
2026-08-13,2026-08-20,DEL-BLR,Air India,7,12770,2298,15068
2026-08-13,2026-08-14,DEL-BLR,Air India,1,16866,3035,19901
2026-08-13,2026-08-14,DEL-BLR,Air India,1,17557,3160,20717
2026-08-13,2026-08-14,DEL-BLR,Air India,1,16744,3013,19757
2026-08-13,2026-08-14,DEL-BLR,Air India,1,18869,3396,22265
2026-08-13,2026-08-14,DEL-BLR,Air India,1,17125,3082,20207
2026-08-13,2026-09-27,DEL-BLR,Akasa,45,5585,1005,6590
2026-08-13,2026-09-27,DEL-BLR,Akasa,45,5298,953,6251
2026-08-13,2026-09-27,DEL-BLR,Akasa,45,5037,906,5943
2026-08-13,2026-09-27,DEL-BLR,Akasa,45,5367,966,6333
2026-08-13,2026-09-27,DEL-BLR,Akasa,45,5356,964,6320
2026-08-13,2026-09-12,DEL-BLR,Akasa,30,5283,950,6233
2026-08-13,2026-09-12,DEL-BLR,Akasa,30,5851,1053,6904
2026-08-13,2026-09-12,DEL-BLR,Akasa,30,5733,1031,6764
2026-08-13,2026-09-12,DEL-BLR,Akasa,30,5740,1033,6773
2026-08-13,2026-09-12,DEL-BLR,Akasa,30,6046,1088,7134
2026-08-13,2026-08-28,DEL-BLR,Akasa,15,7535,1356,8891
2026-08-13,2026-08-28,DEL-BLR,Akasa,15,7342,1321,8663
2026-08-13,2026-08-28,DEL-BLR,Akasa,15,7680,1382,9062
2026-08-13,2026-08-28,DEL-BLR,Akasa,15,6662,1199,7861
2026-08-13,2026-08-28,DEL-BLR,Akasa,15,6534,1176,7710
2026-08-13,2026-08-20,DEL-BLR,Akasa,7,9292,1672,10964
2026-08-13,2026-08-20,DEL-BLR,Akasa,7,8673,1561,10234
2026-08-13,2026-08-20,DEL-BLR,Akasa,7,8560,1540,10100
2026-08-13,2026-08-20,DEL-BLR,Akasa,7,10507,1891,12398
2026-08-13,2026-08-20,DEL-BLR,Akasa,7,8836,1590,10426
2026-08-13,2026-08-14,DEL-BLR,Akasa,1,13026,2344,15370
2026-08-13,2026-08-14,DEL-BLR,Akasa,1,15417,2775,18192
2026-08-13,2026-08-14,DEL-BLR,Akasa,1,13121,2361,15482
2026-08-13,2026-08-14,DEL-BLR,Akasa,1,15081,2714,17795
2026-08-13,2026-08-14,DEL-BLR,Akasa,1,13421,2415,15836
2026-08-13,2026-09-27,DEL-BLR,SpiceJet,45,4529,815,5344
2026-08-13,2026-09-27,DEL-BLR,SpiceJet,45,4999,899,5898
2026-08-13,2026-09-27,DEL-BLR,SpiceJet,45,5331,959,6290
2026-08-13,2026-09-27,DEL-BLR,SpiceJet,45,4665,839,5504
2026-08-13,2026-09-27,DEL-BLR,SpiceJet,45,5377,967,6344
2026-08-13,2026-09-12,DEL-BLR,SpiceJet,30,5104,918,6022
2026-08-13,2026-09-12,DEL-BLR,SpiceJet,30,4917,885,5802
2026-08-13,2026-09-12,DEL-BLR,SpiceJet,30,6218,1119,7337
2026-08-13,2026-09-12,DEL-BLR,SpiceJet,30,5551,999,6550
2026-08-13,2026-09-12,DEL-BLR,SpiceJet,30,5018,903,5921
2026-08-13,2026-08-28,DEL-BLR,SpiceJet,15,6297,1133,7430
2026-08-13,2026-08-28,DEL-BLR,SpiceJet,15,7454,1341,8795
2026-08-13,2026-08-28,DEL-BLR,SpiceJet,15,7408,1333,8741
2026-08-13,2026-08-28,DEL-BLR,SpiceJet,15,6577,1183,7760
2026-08-13,2026-08-28,DEL-BLR,SpiceJet,15,7014,1262,8276
2026-08-13,2026-08-20,DEL-BLR,SpiceJet,7,8406,1513,9919
2026-08-13,2026-08-20,DEL-BLR,SpiceJet,7,8314,1496,9810
2026-08-13,2026-08-20,DEL-BLR,SpiceJet,7,8942,1609,10551
2026-08-13,2026-08-20,DEL-BLR,SpiceJet,7,9304,1674,10978
2026-08-13,2026-08-20,DEL-BLR,SpiceJet,7,10186,1833,12019
2026-08-13,2026-08-14,DEL-BLR,SpiceJet,1,12502,2250,14752
2026-08-13,2026-08-14,DEL-BLR,SpiceJet,1,14330,2579,16909
2026-08-13,2026-08-14,DEL-BLR,SpiceJet,1,13483,2426,15909
2026-08-13,2026-08-14,DEL-BLR,SpiceJet,1,12161,2188,14349
2026-08-13,2026-08-14,DEL-BLR,SpiceJet,1,14756,2656,17412
2026-08-13,2026-09-27,BOM-BLR,IndiGo,45,4019,723,4742
2026-08-13,2026-09-27,BOM-BLR,IndiGo,45,4020,723,4743
2026-08-13,2026-09-27,BOM-BLR,IndiGo,45,3250,585,3835
2026-08-13,2026-09-27,BOM-BLR,IndiGo,45,4015,722,4737
2026-08-13,2026-09-27,BOM-BLR,IndiGo,45,3986,717,4703
2026-08-13,2026-09-12,BOM-BLR,IndiGo,30,4222,759,4981
2026-08-13,2026-09-12,BOM-BLR,IndiGo,30,4307,775,5082
2026-08-13,2026-09-12,BOM-BLR,IndiGo,30,4358,784,5142
2026-08-13,2026-09-12,BOM-BLR,IndiGo,30,4296,773,5069
2026-08-13,2026-09-12,BOM-BLR,IndiGo,30,4204,756,4960
2026-08-13,2026-08-28,BOM-BLR,IndiGo,15,4706,847,5553
2026-08-13,2026-08-28,BOM-BLR,IndiGo,15,4475,805,5280
2026-08-13,2026-08-28,BOM-BLR,IndiGo,15,5036,906,5942
2026-08-13,2026-08-28,BOM-BLR,IndiGo,15,5221,939,6160
2026-08-13,2026-08-28,BOM-BLR,IndiGo,15,4769,858,5627
2026-08-13,2026-08-20,BOM-BLR,IndiGo,7,5913,1064,6977
2026-08-13,2026-08-20,BOM-BLR,IndiGo,7,5771,1038,6809
2026-08-13,2026-08-20,BOM-BLR,IndiGo,7,6535,1176,7711
2026-08-13,2026-08-20,BOM-BLR,IndiGo,7,6434,1158,7592
2026-08-13,2026-08-20,BOM-BLR,IndiGo,7,5795,1043,6838
2026-08-13,2026-08-14,BOM-BLR,IndiGo,1,8541,1537,10078
2026-08-13,2026-08-14,BOM-BLR,IndiGo,1,9635,1734,11369
2026-08-13,2026-08-14,BOM-BLR,IndiGo,1,9893,1780,11673
2026-08-13,2026-08-14,BOM-BLR,IndiGo,1,10639,1915,12554
2026-08-13,2026-08-14,BOM-BLR,IndiGo,1,9086,1635,10721
2026-08-13,2026-09-27,BOM-BLR,Air India,45,4586,825,5411
2026-08-13,2026-09-27,BOM-BLR,Air India,45,4123,742,4865
2026-08-13,2026-09-27,BOM-BLR,Air India,45,4316,776,5092
2026-08-13,2026-09-27,BOM-BLR,Air India,45,4121,741,4862
2026-08-13,2026-09-27,BOM-BLR,Air India,45,3816,686,4502
2026-08-13,2026-09-12,BOM-BLR,Air India,30,4866,875,5741
2026-08-13,2026-09-12,BOM-BLR,Air India,30,4497,809,5306
2026-08-13,2026-09-12,BOM-BLR,Air India,30,4443,799,5242
2026-08-13,2026-09-12,BOM-BLR,Air India,30,4431,797,5228
2026-08-13,2026-09-12,BOM-BLR,Air India,30,4130,743,4873
2026-08-13,2026-08-28,BOM-BLR,Air India,15,4929,887,5816
2026-08-13,2026-08-28,BOM-BLR,Air India,15,5213,938,6151
2026-08-13,2026-08-28,BOM-BLR,Air India,15,5154,927,6081
2026-08-13,2026-08-28,BOM-BLR,Air India,15,5922,1065,6987
2026-08-13,2026-08-28,BOM-BLR,Air India,15,5976,1075,7051
2026-08-13,2026-08-20,BOM-BLR,Air India,7,7043,1267,8310
2026-08-13,2026-08-20,BOM-BLR,Air India,7,8273,1489,9762
2026-08-13,2026-08-20,BOM-BLR,Air India,7,7020,1263,8283
2026-08-13,2026-08-20,BOM-BLR,Air India,7,7754,1395,9149
2026-08-13,2026-08-20,BOM-BLR,Air India,7,6696,1205,7901
2026-08-13,2026-08-14,BOM-BLR,Air India,1,10384,1869,12253
2026-08-13,2026-08-14,BOM-BLR,Air India,1,11258,2026,13284
2026-08-13,2026-08-14,BOM-BLR,Air India,1,11872,2136,14008
2026-08-13,2026-08-14,BOM-BLR,Air India,1,11272,2028,13300
2026-08-13,2026-08-14,BOM-BLR,Air India,1,10875,1957,12832
2026-08-13,2026-09-27,BOM-BLR,Akasa,45,3800,684,4484
2026-08-13,2026-09-27,BOM-BLR,Akasa,45,3272,588,3860
2026-08-13,2026-09-27,BOM-BLR,Akasa,45,3107,559,3666
2026-08-13,2026-09-27,BOM-BLR,Akasa,45,3345,602,3947
2026-08-13,2026-09-27,BOM-BLR,Akasa,45,3131,563,3694
2026-08-13,2026-09-12,BOM-BLR,Akasa,30,3874,697,4571
2026-08-13,2026-09-12,BOM-BLR,Akasa,30,3726,670,4396
2026-08-13,2026-09-12,BOM-BLR,Akasa,30,3856,694,4550
2026-08-13,2026-09-12,BOM-BLR,Akasa,30,3402,612,4014
2026-08-13,2026-09-12,BOM-BLR,Akasa,30,3718,669,4387
2026-08-13,2026-08-28,BOM-BLR,Akasa,15,4430,797,5227
2026-08-13,2026-08-28,BOM-BLR,Akasa,15,5043,907,5950
2026-08-13,2026-08-28,BOM-BLR,Akasa,15,4189,754,4943
2026-08-13,2026-08-28,BOM-BLR,Akasa,15,4073,733,4806
2026-08-13,2026-08-28,BOM-BLR,Akasa,15,4342,781,5123
2026-08-13,2026-08-20,BOM-BLR,Akasa,7,5898,1061,6959
2026-08-13,2026-08-20,BOM-BLR,Akasa,7,6233,1121,7354
2026-08-13,2026-08-20,BOM-BLR,Akasa,7,5696,1025,6721
2026-08-13,2026-08-20,BOM-BLR,Akasa,7,6754,1215,7969
2026-08-13,2026-08-20,BOM-BLR,Akasa,7,5595,1007,6602
2026-08-13,2026-08-14,BOM-BLR,Akasa,1,8265,1487,9752
2026-08-13,2026-08-14,BOM-BLR,Akasa,1,9227,1660,10887
2026-08-13,2026-08-14,BOM-BLR,Akasa,1,9557,1720,11277
2026-08-13,2026-08-14,BOM-BLR,Akasa,1,10062,1811,11873
2026-08-13,2026-08-14,BOM-BLR,Akasa,1,8747,1574,10321
2026-08-13,2026-09-27,BOM-BLR,SpiceJet,45,3583,644,4227
2026-08-13,2026-09-27,BOM-BLR,SpiceJet,45,3339,601,3940
2026-08-13,2026-09-27,BOM-BLR,SpiceJet,45,3600,648,4248
2026-08-13,2026-09-27,BOM-BLR,SpiceJet,45,2856,514,3370
2026-08-13,2026-09-27,BOM-BLR,SpiceJet,45,3603,648,4251
2026-08-13,2026-09-12,BOM-BLR,SpiceJet,30,3617,651,4268
2026-08-13,2026-09-12,BOM-BLR,SpiceJet,30,3588,645,4233
2026-08-13,2026-09-12,BOM-BLR,SpiceJet,30,3533,635,4168
2026-08-13,2026-09-12,BOM-BLR,SpiceJet,30,3655,657,4312
2026-08-13,2026-09-12,BOM-BLR,SpiceJet,30,3320,597,3917
2026-08-13,2026-08-28,BOM-BLR,SpiceJet,15,4792,862,5654
2026-08-13,2026-08-28,BOM-BLR,SpiceJet,15,4268,768,5036
2026-08-13,2026-08-28,BOM-BLR,SpiceJet,15,4776,859,5635
2026-08-13,2026-08-28,BOM-BLR,SpiceJet,15,4116,740,4856
2026-08-13,2026-08-28,BOM-BLR,SpiceJet,15,4159,748,4907
2026-08-13,2026-08-20,BOM-BLR,SpiceJet,7,6029,1085,7114
2026-08-13,2026-08-20,BOM-BLR,SpiceJet,7,5665,1019,6684
2026-08-13,2026-08-20,BOM-BLR,SpiceJet,7,6091,1096,7187
2026-08-13,2026-08-20,BOM-BLR,SpiceJet,7,6501,1170,7671
2026-08-13,2026-08-20,BOM-BLR,SpiceJet,7,5391,970,6361
2026-08-13,2026-08-14,BOM-BLR,SpiceJet,1,7691,1384,9075
2026-08-13,2026-08-14,BOM-BLR,SpiceJet,1,7840,1411,9251
2026-08-13,2026-08-14,BOM-BLR,SpiceJet,1,8726,1570,10296
2026-08-13,2026-08-14,BOM-BLR,SpiceJet,1,9358,1684,11042
2026-08-13,2026-08-14,BOM-BLR,SpiceJet,1,7555,1359,8914
2026-08-13,2026-09-27,DEL-CCU,IndiGo,45,5292,952,6244
2026-08-13,2026-09-27,DEL-CCU,IndiGo,45,4750,855,5605
2026-08-13,2026-09-27,DEL-CCU,IndiGo,45,4588,825,5413
2026-08-13,2026-09-27,DEL-CCU,IndiGo,45,5438,978,6416
2026-08-13,2026-09-27,DEL-CCU,IndiGo,45,4663,839,5502
2026-08-13,2026-09-12,DEL-CCU,IndiGo,30,5303,954,6257
2026-08-13,2026-09-12,DEL-CCU,IndiGo,30,5526,994,6520
2026-08-13,2026-09-12,DEL-CCU,IndiGo,30,5634,1014,6648
2026-08-13,2026-09-12,DEL-CCU,IndiGo,30,5130,923,6053
2026-08-13,2026-09-12,DEL-CCU,IndiGo,30,5280,950,6230
2026-08-13,2026-08-28,DEL-CCU,IndiGo,15,7112,1280,8392
2026-08-13,2026-08-28,DEL-CCU,IndiGo,15,5907,1063,6970
2026-08-13,2026-08-28,DEL-CCU,IndiGo,15,7123,1282,8405
2026-08-13,2026-08-28,DEL-CCU,IndiGo,15,6845,1232,8077
2026-08-13,2026-08-28,DEL-CCU,IndiGo,15,6835,1230,8065
2026-08-13,2026-08-20,DEL-CCU,IndiGo,7,8335,1500,9835
2026-08-13,2026-08-20,DEL-CCU,IndiGo,7,8120,1461,9581
2026-08-13,2026-08-20,DEL-CCU,IndiGo,7,9804,1764,11568
2026-08-13,2026-08-20,DEL-CCU,IndiGo,7,8516,1532,10048
2026-08-13,2026-08-20,DEL-CCU,IndiGo,7,8295,1493,9788
2026-08-13,2026-08-14,DEL-CCU,IndiGo,1,11553,2079,13632
2026-08-13,2026-08-14,DEL-CCU,IndiGo,1,12862,2315,15177
2026-08-13,2026-08-14,DEL-CCU,IndiGo,1,14126,2542,16668
2026-08-13,2026-08-14,DEL-CCU,IndiGo,1,14396,2591,16987
2026-08-13,2026-08-14,DEL-CCU,IndiGo,1,12044,2167,14211
2026-08-13,2026-09-27,DEL-CCU,Air India,45,5469,984,6453
2026-08-13,2026-09-27,DEL-CCU,Air India,45,6114,1100,7214
2026-08-13,2026-09-27,DEL-CCU,Air India,45,5966,1073,7039
2026-08-13,2026-09-27,DEL-CCU,Air India,45,6006,1081,7087
2026-08-13,2026-09-27,DEL-CCU,Air India,45,5505,990,6495
2026-08-13,2026-09-12,DEL-CCU,Air India,30,6406,1153,7559
2026-08-13,2026-09-12,DEL-CCU,Air India,30,6601,1188,7789
2026-08-13,2026-09-12,DEL-CCU,Air India,30,5511,991,6502
2026-08-13,2026-09-12,DEL-CCU,Air India,30,6454,1161,7615
2026-08-13,2026-09-12,DEL-CCU,Air India,30,6068,1092,7160
2026-08-13,2026-08-28,DEL-CCU,Air India,15,6859,1234,8093
2026-08-13,2026-08-28,DEL-CCU,Air India,15,8325,1498,9823
2026-08-13,2026-08-28,DEL-CCU,Air India,15,6856,1234,8090
2026-08-13,2026-08-28,DEL-CCU,Air India,15,8194,1474,9668
2026-08-13,2026-08-28,DEL-CCU,Air India,15,8522,1533,10055
2026-08-13,2026-08-20,DEL-CCU,Air India,7,9020,1623,10643
2026-08-13,2026-08-20,DEL-CCU,Air India,7,9822,1767,11589
2026-08-13,2026-08-20,DEL-CCU,Air India,7,10898,1961,12859
2026-08-13,2026-08-20,DEL-CCU,Air India,7,8947,1610,10557
2026-08-13,2026-08-20,DEL-CCU,Air India,7,9960,1792,11752
2026-08-13,2026-08-14,DEL-CCU,Air India,1,16167,2910,19077
2026-08-13,2026-08-14,DEL-CCU,Air India,1,13489,2428,15917
2026-08-13,2026-08-14,DEL-CCU,Air India,1,13566,2441,16007
2026-08-13,2026-08-14,DEL-CCU,Air India,1,16556,2980,19536
2026-08-13,2026-08-14,DEL-CCU,Air India,1,15970,2874,18844
2026-08-13,2026-09-27,DEL-CCU,Akasa,45,4587,825,5412
2026-08-13,2026-09-27,DEL-CCU,Akasa,45,4709,847,5556
2026-08-13,2026-09-27,DEL-CCU,Akasa,45,4890,880,5770
2026-08-13,2026-09-27,DEL-CCU,Akasa,45,5183,932,6115
2026-08-13,2026-09-27,DEL-CCU,Akasa,45,4329,779,5108
2026-08-13,2026-09-12,DEL-CCU,Akasa,30,5050,909,5959
2026-08-13,2026-09-12,DEL-CCU,Akasa,30,5762,1037,6799
2026-08-13,2026-09-12,DEL-CCU,Akasa,30,5307,955,6262
2026-08-13,2026-09-12,DEL-CCU,Akasa,30,5245,944,6189
2026-08-13,2026-09-12,DEL-CCU,Akasa,30,4892,880,5772
2026-08-13,2026-08-28,DEL-CCU,Akasa,15,6673,1201,7874
2026-08-13,2026-08-28,DEL-CCU,Akasa,15,6293,1132,7425
2026-08-13,2026-08-28,DEL-CCU,Akasa,15,6668,1200,7868
2026-08-13,2026-08-28,DEL-CCU,Akasa,15,6911,1243,8154
2026-08-13,2026-08-28,DEL-CCU,Akasa,15,5816,1046,6862
2026-08-13,2026-08-20,DEL-CCU,Akasa,7,9146,1646,10792
2026-08-13,2026-08-20,DEL-CCU,Akasa,7,8151,1467,9618
2026-08-13,2026-08-20,DEL-CCU,Akasa,7,8674,1561,10235
2026-08-13,2026-08-20,DEL-CCU,Akasa,7,8448,1520,9968
2026-08-13,2026-08-20,DEL-CCU,Akasa,7,8245,1484,9729
2026-08-13,2026-08-14,DEL-CCU,Akasa,1,13745,2474,16219
2026-08-13,2026-08-14,DEL-CCU,Akasa,1,11113,2000,13113
2026-08-13,2026-08-14,DEL-CCU,Akasa,1,12021,2163,14184
2026-08-13,2026-08-14,DEL-CCU,Akasa,1,13656,2458,16114
2026-08-13,2026-08-14,DEL-CCU,Akasa,1,12768,2298,15066
2026-08-13,2026-09-27,DEL-CCU,SpiceJet,45,4794,862,5656
2026-08-13,2026-09-27,DEL-CCU,SpiceJet,45,4464,803,5267
2026-08-13,2026-09-27,DEL-CCU,SpiceJet,45,3987,717,4704
2026-08-13,2026-09-27,DEL-CCU,SpiceJet,45,4326,778,5104
2026-08-13,2026-09-27,DEL-CCU,SpiceJet,45,4816,866,5682
2026-08-13,2026-09-12,DEL-CCU,SpiceJet,30,4468,804,5272
2026-08-13,2026-09-12,DEL-CCU,SpiceJet,30,4575,823,5398
2026-08-13,2026-09-12,DEL-CCU,SpiceJet,30,5167,930,6097
2026-08-13,2026-09-12,DEL-CCU,SpiceJet,30,4358,784,5142
2026-08-13,2026-09-12,DEL-CCU,SpiceJet,30,4532,815,5347
2026-08-13,2026-08-28,DEL-CCU,SpiceJet,15,6575,1183,7758
2026-08-13,2026-08-28,DEL-CCU,SpiceJet,15,6578,1184,7762
2026-08-13,2026-08-28,DEL-CCU,SpiceJet,15,5665,1019,6684
2026-08-13,2026-08-28,DEL-CCU,SpiceJet,15,5491,988,6479
2026-08-13,2026-08-28,DEL-CCU,SpiceJet,15,5878,1058,6936
2026-08-13,2026-08-20,DEL-CCU,SpiceJet,7,7186,1293,8479
2026-08-13,2026-08-20,DEL-CCU,SpiceJet,7,8760,1576,10336
2026-08-13,2026-08-20,DEL-CCU,SpiceJet,7,7401,1332,8733
2026-08-13,2026-08-20,DEL-CCU,SpiceJet,7,8765,1577,10342
2026-08-13,2026-08-20,DEL-CCU,SpiceJet,7,8897,1601,10498
2026-08-13,2026-08-14,DEL-CCU,SpiceJet,1,11860,2134,13994
2026-08-13,2026-08-14,DEL-CCU,SpiceJet,1,12795,2303,15098
2026-08-13,2026-08-14,DEL-CCU,SpiceJet,1,10992,1978,12970
2026-08-13,2026-08-14,DEL-CCU,SpiceJet,1,12824,2308,15132
2026-08-13,2026-08-14,DEL-CCU,SpiceJet,1,10840,1951,12791
2026-08-13,2026-09-27,BLR-HYD,IndiGo,45,2975,535,3510
2026-08-13,2026-09-27,BLR-HYD,IndiGo,45,2806,505,3311
2026-08-13,2026-09-27,BLR-HYD,IndiGo,45,3050,549,3599
2026-08-13,2026-09-27,BLR-HYD,IndiGo,45,2759,496,3255
2026-08-13,2026-09-27,BLR-HYD,IndiGo,45,2576,463,3039
2026-08-13,2026-09-12,BLR-HYD,IndiGo,30,3310,595,3905
2026-08-13,2026-09-12,BLR-HYD,IndiGo,30,3221,579,3800
2026-08-13,2026-09-12,BLR-HYD,IndiGo,30,2874,517,3391
2026-08-13,2026-09-12,BLR-HYD,IndiGo,30,3063,551,3614
2026-08-13,2026-09-12,BLR-HYD,IndiGo,30,3407,613,4020
2026-08-13,2026-08-28,BLR-HYD,IndiGo,15,3668,660,4328
2026-08-13,2026-08-28,BLR-HYD,IndiGo,15,3485,627,4112
2026-08-13,2026-08-28,BLR-HYD,IndiGo,15,4254,765,5019
2026-08-13,2026-08-28,BLR-HYD,IndiGo,15,3959,712,4671
2026-08-13,2026-08-28,BLR-HYD,IndiGo,15,3668,660,4328
2026-08-13,2026-08-20,BLR-HYD,IndiGo,7,4587,825,5412
2026-08-13,2026-08-20,BLR-HYD,IndiGo,7,5459,982,6441
2026-08-13,2026-08-20,BLR-HYD,IndiGo,7,5206,937,6143
2026-08-13,2026-08-20,BLR-HYD,IndiGo,7,4600,828,5428
2026-08-13,2026-08-20,BLR-HYD,IndiGo,7,5518,993,6511
2026-08-13,2026-08-14,BLR-HYD,IndiGo,1,8245,1484,9729
2026-08-13,2026-08-14,BLR-HYD,IndiGo,1,7465,1343,8808
2026-08-13,2026-08-14,BLR-HYD,IndiGo,1,8277,1489,9766
2026-08-13,2026-08-14,BLR-HYD,IndiGo,1,7239,1303,8542
2026-08-13,2026-08-14,BLR-HYD,IndiGo,1,8057,1450,9507
2026-08-13,2026-09-27,BLR-HYD,Air India,45,3233,581,3814
2026-08-13,2026-09-27,BLR-HYD,Air India,45,3356,604,3960
2026-08-13,2026-09-27,BLR-HYD,Air India,45,3665,659,4324
2026-08-13,2026-09-27,BLR-HYD,Air India,45,3183,572,3755
2026-08-13,2026-09-27,BLR-HYD,Air India,45,3472,624,4096
2026-08-13,2026-09-12,BLR-HYD,Air India,30,4012,722,4734
2026-08-13,2026-09-12,BLR-HYD,Air India,30,3876,697,4573
2026-08-13,2026-09-12,BLR-HYD,Air India,30,3948,710,4658
2026-08-13,2026-09-12,BLR-HYD,Air India,30,3531,635,4166
2026-08-13,2026-09-12,BLR-HYD,Air India,30,3492,628,4120
2026-08-13,2026-08-28,BLR-HYD,Air India,15,4269,768,5037
2026-08-13,2026-08-28,BLR-HYD,Air India,15,4967,894,5861
2026-08-13,2026-08-28,BLR-HYD,Air India,15,4376,787,5163
2026-08-13,2026-08-28,BLR-HYD,Air India,15,4745,854,5599
2026-08-13,2026-08-28,BLR-HYD,Air India,15,4614,830,5444
2026-08-13,2026-08-20,BLR-HYD,Air India,7,5375,967,6342
2026-08-13,2026-08-20,BLR-HYD,Air India,7,5507,991,6498
2026-08-13,2026-08-20,BLR-HYD,Air India,7,5691,1024,6715
2026-08-13,2026-08-20,BLR-HYD,Air India,7,5670,1020,6690
2026-08-13,2026-08-20,BLR-HYD,Air India,7,5497,989,6486
2026-08-13,2026-08-14,BLR-HYD,Air India,1,8478,1526,10004
2026-08-13,2026-08-14,BLR-HYD,Air India,1,7845,1412,9257
2026-08-13,2026-08-14,BLR-HYD,Air India,1,9056,1630,10686
2026-08-13,2026-08-14,BLR-HYD,Air India,1,9335,1680,11015
2026-08-13,2026-08-14,BLR-HYD,Air India,1,8387,1509,9896
2026-08-13,2026-09-27,BLR-HYD,Akasa,45,2890,520,3410
2026-08-13,2026-09-27,BLR-HYD,Akasa,45,3040,547,3587
2026-08-13,2026-09-27,BLR-HYD,Akasa,45,2671,480,3151
2026-08-13,2026-09-27,BLR-HYD,Akasa,45,2929,527,3456
2026-08-13,2026-09-27,BLR-HYD,Akasa,45,2476,445,2921
2026-08-13,2026-09-12,BLR-HYD,Akasa,30,3153,567,3720
2026-08-13,2026-09-12,BLR-HYD,Akasa,30,3094,556,3650
2026-08-13,2026-09-12,BLR-HYD,Akasa,30,3173,571,3744
2026-08-13,2026-09-12,BLR-HYD,Akasa,30,3347,602,3949
2026-08-13,2026-09-12,BLR-HYD,Akasa,30,3226,580,3806
2026-08-13,2026-08-28,BLR-HYD,Akasa,15,4101,738,4839
2026-08-13,2026-08-28,BLR-HYD,Akasa,15,4121,741,4862
2026-08-13,2026-08-28,BLR-HYD,Akasa,15,3327,598,3925
2026-08-13,2026-08-28,BLR-HYD,Akasa,15,3677,661,4338
2026-08-13,2026-08-28,BLR-HYD,Akasa,15,4066,731,4797
2026-08-13,2026-08-20,BLR-HYD,Akasa,7,5362,965,6327
2026-08-13,2026-08-20,BLR-HYD,Akasa,7,5327,958,6285
2026-08-13,2026-08-20,BLR-HYD,Akasa,7,5295,953,6248
2026-08-13,2026-08-20,BLR-HYD,Akasa,7,5385,969,6354
2026-08-13,2026-08-20,BLR-HYD,Akasa,7,5484,987,6471
2026-08-13,2026-08-14,BLR-HYD,Akasa,1,6369,1146,7515
2026-08-13,2026-08-14,BLR-HYD,Akasa,1,8083,1454,9537
2026-08-13,2026-08-14,BLR-HYD,Akasa,1,7960,1432,9392
2026-08-13,2026-08-14,BLR-HYD,Akasa,1,6812,1226,8038
2026-08-13,2026-08-14,BLR-HYD,Akasa,1,7716,1388,9104
2026-08-13,2026-09-27,BLR-HYD,SpiceJet,45,2710,487,3197
2026-08-13,2026-09-27,BLR-HYD,SpiceJet,45,2457,442,2899
2026-08-13,2026-09-27,BLR-HYD,SpiceJet,45,2596,467,3063
2026-08-13,2026-09-27,BLR-HYD,SpiceJet,45,2649,476,3125
2026-08-13,2026-09-27,BLR-HYD,SpiceJet,45,2529,455,2984
2026-08-13,2026-09-12,BLR-HYD,SpiceJet,30,2715,488,3203
2026-08-13,2026-09-12,BLR-HYD,SpiceJet,30,2595,467,3062
2026-08-13,2026-09-12,BLR-HYD,SpiceJet,30,2787,501,3288
2026-08-13,2026-09-12,BLR-HYD,SpiceJet,30,2850,513,3363
2026-08-13,2026-09-12,BLR-HYD,SpiceJet,30,2752,495,3247
2026-08-13,2026-08-28,BLR-HYD,SpiceJet,15,3178,572,3750
2026-08-13,2026-08-28,BLR-HYD,SpiceJet,15,3645,656,4301
2026-08-13,2026-08-28,BLR-HYD,SpiceJet,15,3291,592,3883
2026-08-13,2026-08-28,BLR-HYD,SpiceJet,15,3718,669,4387
2026-08-13,2026-08-28,BLR-HYD,SpiceJet,15,3458,622,4080
2026-08-13,2026-08-20,BLR-HYD,SpiceJet,7,4399,791,5190
2026-08-13,2026-08-20,BLR-HYD,SpiceJet,7,4835,870,5705
2026-08-13,2026-08-20,BLR-HYD,SpiceJet,7,5177,931,6108
2026-08-13,2026-08-20,BLR-HYD,SpiceJet,7,4708,847,5555
2026-08-13,2026-08-20,BLR-HYD,SpiceJet,7,4248,764,5012
2026-08-13,2026-08-14,BLR-HYD,SpiceJet,1,7495,1349,8844
2026-08-13,2026-08-14,BLR-HYD,SpiceJet,1,6322,1137,7459
2026-08-13,2026-08-14,BLR-HYD,SpiceJet,1,7165,1289,8454
2026-08-13,2026-08-14,BLR-HYD,SpiceJet,1,6330,1139,7469
2026-08-13,2026-08-14,BLR-HYD,SpiceJet,1,7509,1351,8860
2026-08-14,2026-09-28,DEL-BOM,IndiGo,45,4392,790,5182
2026-08-14,2026-09-28,DEL-BOM,IndiGo,45,4326,778,5104
2026-08-14,2026-09-28,DEL-BOM,IndiGo,45,3897,701,4598
2026-08-14,2026-09-28,DEL-BOM,IndiGo,45,4053,729,4782
2026-08-14,2026-09-28,DEL-BOM,IndiGo,45,4772,858,5630
2026-08-14,2026-09-13,DEL-BOM,IndiGo,30,4757,856,5613
2026-08-14,2026-09-13,DEL-BOM,IndiGo,30,4965,893,5858
2026-08-14,2026-09-13,DEL-BOM,IndiGo,30,4299,773,5072
2026-08-14,2026-09-13,DEL-BOM,IndiGo,30,4941,889,5830
2026-08-14,2026-09-13,DEL-BOM,IndiGo,30,5231,941,6172
2026-08-14,2026-08-29,DEL-BOM,IndiGo,15,5475,985,6460
2026-08-14,2026-08-29,DEL-BOM,IndiGo,15,5388,969,6357
2026-08-14,2026-08-29,DEL-BOM,IndiGo,15,5480,986,6466
2026-08-14,2026-08-29,DEL-BOM,IndiGo,15,6277,1129,7406
2026-08-14,2026-08-29,DEL-BOM,IndiGo,15,6020,1083,7103
2026-08-14,2026-08-21,DEL-BOM,IndiGo,7,6859,1234,8093
2026-08-14,2026-08-21,DEL-BOM,IndiGo,7,8123,1462,9585
2026-08-14,2026-08-21,DEL-BOM,IndiGo,7,8342,1501,9843
2026-08-14,2026-08-21,DEL-BOM,IndiGo,7,8167,1470,9637
2026-08-14,2026-08-21,DEL-BOM,IndiGo,7,6905,1242,8147
2026-08-14,2026-08-15,DEL-BOM,IndiGo,1,11808,2125,13933
2026-08-14,2026-08-15,DEL-BOM,IndiGo,1,11200,2016,13216
2026-08-14,2026-08-15,DEL-BOM,IndiGo,1,11458,2062,13520
2026-08-14,2026-08-15,DEL-BOM,IndiGo,1,11227,2020,13247
2026-08-14,2026-08-15,DEL-BOM,IndiGo,1,10833,1949,12782
2026-08-14,2026-09-28,DEL-BOM,Air India,45,4943,889,5832
2026-08-14,2026-09-28,DEL-BOM,Air India,45,5295,953,6248
2026-08-14,2026-09-28,DEL-BOM,Air India,45,4837,870,5707
2026-08-14,2026-09-28,DEL-BOM,Air India,45,5347,962,6309
2026-08-14,2026-09-28,DEL-BOM,Air India,45,4627,832,5459
2026-08-14,2026-09-13,DEL-BOM,Air India,30,4930,887,5817
2026-08-14,2026-09-13,DEL-BOM,Air India,30,5167,930,6097
2026-08-14,2026-09-13,DEL-BOM,Air India,30,5656,1018,6674
2026-08-14,2026-09-13,DEL-BOM,Air India,30,5207,937,6144
2026-08-14,2026-09-13,DEL-BOM,Air India,30,5069,912,5981
2026-08-14,2026-08-29,DEL-BOM,Air India,15,7193,1294,8487
2026-08-14,2026-08-29,DEL-BOM,Air India,15,7364,1325,8689
2026-08-14,2026-08-29,DEL-BOM,Air India,15,7265,1307,8572
2026-08-14,2026-08-29,DEL-BOM,Air India,15,6336,1140,7476
2026-08-14,2026-08-29,DEL-BOM,Air India,15,6970,1254,8224
2026-08-14,2026-08-21,DEL-BOM,Air India,7,8894,1600,10494
2026-08-14,2026-08-21,DEL-BOM,Air India,7,9169,1650,10819
2026-08-14,2026-08-21,DEL-BOM,Air India,7,8745,1574,10319
2026-08-14,2026-08-21,DEL-BOM,Air India,7,8234,1482,9716
2026-08-14,2026-08-21,DEL-BOM,Air India,7,8799,1583,10382
2026-08-14,2026-08-15,DEL-BOM,Air India,1,13933,2507,16440
2026-08-14,2026-08-15,DEL-BOM,Air India,1,11572,2082,13654
2026-08-14,2026-08-15,DEL-BOM,Air India,1,12581,2264,14845
2026-08-14,2026-08-15,DEL-BOM,Air India,1,13071,2352,15423
2026-08-14,2026-08-15,DEL-BOM,Air India,1,13359,2404,15763
2026-08-14,2026-09-28,DEL-BOM,Akasa,45,4257,766,5023
2026-08-14,2026-09-28,DEL-BOM,Akasa,45,4365,785,5150
2026-08-14,2026-09-28,DEL-BOM,Akasa,45,4124,742,4866
2026-08-14,2026-09-28,DEL-BOM,Akasa,45,3972,714,4686
2026-08-14,2026-09-28,DEL-BOM,Akasa,45,4567,822,5389
2026-08-14,2026-09-13,DEL-BOM,Akasa,30,4547,818,5365
2026-08-14,2026-09-13,DEL-BOM,Akasa,30,4926,886,5812
2026-08-14,2026-09-13,DEL-BOM,Akasa,30,4371,786,5157
2026-08-14,2026-09-13,DEL-BOM,Akasa,30,4510,811,5321
2026-08-14,2026-09-13,DEL-BOM,Akasa,30,4892,880,5772
2026-08-14,2026-08-29,DEL-BOM,Akasa,15,5581,1004,6585
2026-08-14,2026-08-29,DEL-BOM,Akasa,15,5474,985,6459
2026-08-14,2026-08-29,DEL-BOM,Akasa,15,6001,1080,7081
2026-08-14,2026-08-29,DEL-BOM,Akasa,15,4859,874,5733
2026-08-14,2026-08-29,DEL-BOM,Akasa,15,4981,896,5877
2026-08-14,2026-08-21,DEL-BOM,Akasa,7,6542,1177,7719
2026-08-14,2026-08-21,DEL-BOM,Akasa,7,8205,1476,9681
2026-08-14,2026-08-21,DEL-BOM,Akasa,7,7661,1378,9039
2026-08-14,2026-08-21,DEL-BOM,Akasa,7,7932,1427,9359
2026-08-14,2026-08-21,DEL-BOM,Akasa,7,6816,1226,8042
2026-08-14,2026-08-15,DEL-BOM,Akasa,1,10759,1936,12695
2026-08-14,2026-08-15,DEL-BOM,Akasa,1,11738,2112,13850
2026-08-14,2026-08-15,DEL-BOM,Akasa,1,10241,1843,12084
2026-08-14,2026-08-15,DEL-BOM,Akasa,1,10766,1937,12703
2026-08-14,2026-08-15,DEL-BOM,Akasa,1,11659,2098,13757
2026-08-14,2026-09-28,DEL-BOM,SpiceJet,45,3454,621,4075
2026-08-14,2026-09-28,DEL-BOM,SpiceJet,45,3837,690,4527
2026-08-14,2026-09-28,DEL-BOM,SpiceJet,45,3533,635,4168
2026-08-14,2026-09-28,DEL-BOM,SpiceJet,45,3922,705,4627
2026-08-14,2026-09-28,DEL-BOM,SpiceJet,45,3614,650,4264
2026-08-14,2026-09-13,DEL-BOM,SpiceJet,30,4643,835,5478
2026-08-14,2026-09-13,DEL-BOM,SpiceJet,30,4163,749,4912
2026-08-14,2026-09-13,DEL-BOM,SpiceJet,30,4062,731,4793
2026-08-14,2026-09-13,DEL-BOM,SpiceJet,30,4605,828,5433
2026-08-14,2026-09-13,DEL-BOM,SpiceJet,30,4459,802,5261
2026-08-14,2026-08-29,DEL-BOM,SpiceJet,15,5746,1034,6780
2026-08-14,2026-08-29,DEL-BOM,SpiceJet,15,5809,1045,6854
2026-08-14,2026-08-29,DEL-BOM,SpiceJet,15,5215,938,6153
2026-08-14,2026-08-29,DEL-BOM,SpiceJet,15,5780,1040,6820
2026-08-14,2026-08-29,DEL-BOM,SpiceJet,15,4801,864,5665
2026-08-14,2026-08-21,DEL-BOM,SpiceJet,7,7556,1360,8916
2026-08-14,2026-08-21,DEL-BOM,SpiceJet,7,7343,1321,8664
2026-08-14,2026-08-21,DEL-BOM,SpiceJet,7,6241,1123,7364
2026-08-14,2026-08-21,DEL-BOM,SpiceJet,7,6746,1214,7960
2026-08-14,2026-08-21,DEL-BOM,SpiceJet,7,6266,1127,7393
2026-08-14,2026-08-15,DEL-BOM,SpiceJet,1,9988,1797,11785
2026-08-14,2026-08-15,DEL-BOM,SpiceJet,1,9368,1686,11054
2026-08-14,2026-08-15,DEL-BOM,SpiceJet,1,9631,1733,11364
2026-08-14,2026-08-15,DEL-BOM,SpiceJet,1,11096,1997,13093
2026-08-14,2026-08-15,DEL-BOM,SpiceJet,1,11512,2072,13584
2026-08-14,2026-09-28,DEL-BLR,IndiGo,45,5227,940,6167
2026-08-14,2026-09-28,DEL-BLR,IndiGo,45,5571,1002,6573
2026-08-14,2026-09-28,DEL-BLR,IndiGo,45,5664,1019,6683
2026-08-14,2026-09-28,DEL-BLR,IndiGo,45,5343,961,6304
2026-08-14,2026-09-28,DEL-BLR,IndiGo,45,6281,1130,7411
2026-08-14,2026-09-13,DEL-BLR,IndiGo,30,5575,1003,6578
2026-08-14,2026-09-13,DEL-BLR,IndiGo,30,6435,1158,7593
2026-08-14,2026-09-13,DEL-BLR,IndiGo,30,6828,1229,8057
2026-08-14,2026-09-13,DEL-BLR,IndiGo,30,5653,1017,6670
2026-08-14,2026-09-13,DEL-BLR,IndiGo,30,6659,1198,7857
2026-08-14,2026-08-29,DEL-BLR,IndiGo,15,7180,1292,8472
2026-08-14,2026-08-29,DEL-BLR,IndiGo,15,7522,1353,8875
2026-08-14,2026-08-29,DEL-BLR,IndiGo,15,7648,1376,9024
2026-08-14,2026-08-29,DEL-BLR,IndiGo,15,8198,1475,9673
2026-08-14,2026-08-29,DEL-BLR,IndiGo,15,8271,1488,9759
2026-08-14,2026-08-21,DEL-BLR,IndiGo,7,9348,1682,11030
2026-08-14,2026-08-21,DEL-BLR,IndiGo,7,11007,1981,12988
2026-08-14,2026-08-21,DEL-BLR,IndiGo,7,9706,1747,11453
2026-08-14,2026-08-21,DEL-BLR,IndiGo,7,9520,1713,11233
2026-08-14,2026-08-21,DEL-BLR,IndiGo,7,9825,1768,11593
2026-08-14,2026-08-15,DEL-BLR,IndiGo,1,16070,2892,18962
2026-08-14,2026-08-15,DEL-BLR,IndiGo,1,15525,2794,18319
2026-08-14,2026-08-15,DEL-BLR,IndiGo,1,15395,2771,18166
2026-08-14,2026-08-15,DEL-BLR,IndiGo,1,13491,2428,15919
2026-08-14,2026-08-15,DEL-BLR,IndiGo,1,14819,2667,17486
2026-08-14,2026-09-28,DEL-BLR,Air India,45,6138,1104,7242
2026-08-14,2026-09-28,DEL-BLR,Air India,45,5926,1066,6992
2026-08-14,2026-09-28,DEL-BLR,Air India,45,6221,1119,7340
2026-08-14,2026-09-28,DEL-BLR,Air India,45,6660,1198,7858
2026-08-14,2026-09-28,DEL-BLR,Air India,45,6536,1176,7712
2026-08-14,2026-09-13,DEL-BLR,Air India,30,7698,1385,9083
2026-08-14,2026-09-13,DEL-BLR,Air India,30,6704,1206,7910
2026-08-14,2026-09-13,DEL-BLR,Air India,30,6700,1206,7906
2026-08-14,2026-09-13,DEL-BLR,Air India,30,7440,1339,8779
2026-08-14,2026-09-13,DEL-BLR,Air India,30,6405,1152,7557
2026-08-14,2026-08-29,DEL-BLR,Air India,15,8691,1564,10255
2026-08-14,2026-08-29,DEL-BLR,Air India,15,9748,1754,11502
2026-08-14,2026-08-29,DEL-BLR,Air India,15,8757,1576,10333
2026-08-14,2026-08-29,DEL-BLR,Air India,15,9314,1676,10990
2026-08-14,2026-08-29,DEL-BLR,Air India,15,8982,1616,10598
2026-08-14,2026-08-21,DEL-BLR,Air India,7,11291,2032,13323
2026-08-14,2026-08-21,DEL-BLR,Air India,7,11595,2087,13682
2026-08-14,2026-08-21,DEL-BLR,Air India,7,11213,2018,13231
2026-08-14,2026-08-21,DEL-BLR,Air India,7,10643,1915,12558
2026-08-14,2026-08-21,DEL-BLR,Air India,7,12656,2278,14934
2026-08-14,2026-08-15,DEL-BLR,Air India,1,19081,3434,22515
2026-08-14,2026-08-15,DEL-BLR,Air India,1,17225,3100,20325
2026-08-14,2026-08-15,DEL-BLR,Air India,1,17795,3203,20998
2026-08-14,2026-08-15,DEL-BLR,Air India,1,16183,2912,19095
2026-08-14,2026-08-15,DEL-BLR,Air India,1,17312,3116,20428
2026-08-14,2026-09-28,DEL-BLR,Akasa,45,5495,989,6484
2026-08-14,2026-09-28,DEL-BLR,Akasa,45,5718,1029,6747
2026-08-14,2026-09-28,DEL-BLR,Akasa,45,5736,1032,6768
2026-08-14,2026-09-28,DEL-BLR,Akasa,45,5986,1077,7063
2026-08-14,2026-09-28,DEL-BLR,Akasa,45,5333,959,6292
2026-08-14,2026-09-13,DEL-BLR,Akasa,30,5195,935,6130
2026-08-14,2026-09-13,DEL-BLR,Akasa,30,5950,1071,7021
2026-08-14,2026-09-13,DEL-BLR,Akasa,30,6151,1107,7258
2026-08-14,2026-09-13,DEL-BLR,Akasa,30,5789,1042,6831
2026-08-14,2026-09-13,DEL-BLR,Akasa,30,5720,1029,6749
2026-08-14,2026-08-29,DEL-BLR,Akasa,15,7007,1261,8268
2026-08-14,2026-08-29,DEL-BLR,Akasa,15,6570,1182,7752
2026-08-14,2026-08-29,DEL-BLR,Akasa,15,6581,1184,7765
2026-08-14,2026-08-29,DEL-BLR,Akasa,15,6639,1195,7834
2026-08-14,2026-08-29,DEL-BLR,Akasa,15,6367,1146,7513
2026-08-14,2026-08-21,DEL-BLR,Akasa,7,10198,1835,12033
2026-08-14,2026-08-21,DEL-BLR,Akasa,7,9079,1634,10713
2026-08-14,2026-08-21,DEL-BLR,Akasa,7,8994,1618,10612
2026-08-14,2026-08-21,DEL-BLR,Akasa,7,8856,1594,10450
2026-08-14,2026-08-21,DEL-BLR,Akasa,7,10216,1838,12054
2026-08-14,2026-08-15,DEL-BLR,Akasa,1,13598,2447,16045
2026-08-14,2026-08-15,DEL-BLR,Akasa,1,15826,2848,18674
2026-08-14,2026-08-15,DEL-BLR,Akasa,1,14989,2698,17687
2026-08-14,2026-08-15,DEL-BLR,Akasa,1,12835,2310,15145
2026-08-14,2026-08-15,DEL-BLR,Akasa,1,13707,2467,16174
2026-08-14,2026-09-28,DEL-BLR,SpiceJet,45,4753,855,5608
2026-08-14,2026-09-28,DEL-BLR,SpiceJet,45,5136,924,6060
2026-08-14,2026-09-28,DEL-BLR,SpiceJet,45,5351,963,6314
2026-08-14,2026-09-28,DEL-BLR,SpiceJet,45,5598,1007,6605
2026-08-14,2026-09-28,DEL-BLR,SpiceJet,45,5185,933,6118
2026-08-14,2026-09-13,DEL-BLR,SpiceJet,30,5172,930,6102
2026-08-14,2026-09-13,DEL-BLR,SpiceJet,30,5018,903,5921
2026-08-14,2026-09-13,DEL-BLR,SpiceJet,30,5274,949,6223
2026-08-14,2026-09-13,DEL-BLR,SpiceJet,30,5117,921,6038
2026-08-14,2026-09-13,DEL-BLR,SpiceJet,30,5194,934,6128
2026-08-14,2026-08-29,DEL-BLR,SpiceJet,15,6061,1090,7151
2026-08-14,2026-08-29,DEL-BLR,SpiceJet,15,7387,1329,8716
2026-08-14,2026-08-29,DEL-BLR,SpiceJet,15,6975,1255,8230
2026-08-14,2026-08-29,DEL-BLR,SpiceJet,15,7150,1287,8437
2026-08-14,2026-08-29,DEL-BLR,SpiceJet,15,6077,1093,7170
2026-08-14,2026-08-21,DEL-BLR,SpiceJet,7,8306,1495,9801
2026-08-14,2026-08-21,DEL-BLR,SpiceJet,7,8482,1526,10008
2026-08-14,2026-08-21,DEL-BLR,SpiceJet,7,8864,1595,10459
2026-08-14,2026-08-21,DEL-BLR,SpiceJet,7,9400,1692,11092
2026-08-14,2026-08-21,DEL-BLR,SpiceJet,7,8770,1578,10348
2026-08-14,2026-08-15,DEL-BLR,SpiceJet,1,13788,2481,16269
2026-08-14,2026-08-15,DEL-BLR,SpiceJet,1,14218,2559,16777
2026-08-14,2026-08-15,DEL-BLR,SpiceJet,1,13428,2417,15845
2026-08-14,2026-08-15,DEL-BLR,SpiceJet,1,12647,2276,14923
2026-08-14,2026-08-15,DEL-BLR,SpiceJet,1,14945,2690,17635
2026-08-14,2026-09-28,BOM-BLR,IndiGo,45,3587,645,4232
2026-08-14,2026-09-28,BOM-BLR,IndiGo,45,3416,614,4030
2026-08-14,2026-09-28,BOM-BLR,IndiGo,45,3936,708,4644
2026-08-14,2026-09-28,BOM-BLR,IndiGo,45,3681,662,4343
2026-08-14,2026-09-28,BOM-BLR,IndiGo,45,3748,674,4422
2026-08-14,2026-09-13,BOM-BLR,IndiGo,30,4047,728,4775
2026-08-14,2026-09-13,BOM-BLR,IndiGo,30,3853,693,4546
2026-08-14,2026-09-13,BOM-BLR,IndiGo,30,4154,747,4901
2026-08-14,2026-09-13,BOM-BLR,IndiGo,30,4156,748,4904
2026-08-14,2026-09-13,BOM-BLR,IndiGo,30,3794,682,4476
2026-08-14,2026-08-29,BOM-BLR,IndiGo,15,4927,886,5813
2026-08-14,2026-08-29,BOM-BLR,IndiGo,15,5242,943,6185
2026-08-14,2026-08-29,BOM-BLR,IndiGo,15,4788,861,5649
2026-08-14,2026-08-29,BOM-BLR,IndiGo,15,5339,961,6300
2026-08-14,2026-08-29,BOM-BLR,IndiGo,15,4481,806,5287
2026-08-14,2026-08-21,BOM-BLR,IndiGo,7,5879,1058,6937
2026-08-14,2026-08-21,BOM-BLR,IndiGo,7,6406,1153,7559
2026-08-14,2026-08-21,BOM-BLR,IndiGo,7,6045,1088,7133
2026-08-14,2026-08-21,BOM-BLR,IndiGo,7,6742,1213,7955
2026-08-14,2026-08-21,BOM-BLR,IndiGo,7,6418,1155,7573
2026-08-14,2026-08-15,BOM-BLR,IndiGo,1,10501,1890,12391
2026-08-14,2026-08-15,BOM-BLR,IndiGo,1,10285,1851,12136
2026-08-14,2026-08-15,BOM-BLR,IndiGo,1,8893,1600,10493
2026-08-14,2026-08-15,BOM-BLR,IndiGo,1,8453,1521,9974
2026-08-14,2026-08-15,BOM-BLR,IndiGo,1,8659,1558,10217
2026-08-14,2026-09-28,BOM-BLR,Air India,45,4305,774,5079
2026-08-14,2026-09-28,BOM-BLR,Air India,45,4060,730,4790
2026-08-14,2026-09-28,BOM-BLR,Air India,45,3648,656,4304
2026-08-14,2026-09-28,BOM-BLR,Air India,45,3936,708,4644
2026-08-14,2026-09-28,BOM-BLR,Air India,45,4595,827,5422
2026-08-14,2026-09-13,BOM-BLR,Air India,30,4957,892,5849
2026-08-14,2026-09-13,BOM-BLR,Air India,30,4779,860,5639
2026-08-14,2026-09-13,BOM-BLR,Air India,30,4440,799,5239
2026-08-14,2026-09-13,BOM-BLR,Air India,30,5081,914,5995
2026-08-14,2026-09-13,BOM-BLR,Air India,30,4846,872,5718
2026-08-14,2026-08-29,BOM-BLR,Air India,15,5915,1064,6979
2026-08-14,2026-08-29,BOM-BLR,Air India,15,5357,964,6321
2026-08-14,2026-08-29,BOM-BLR,Air India,15,5917,1065,6982
2026-08-14,2026-08-29,BOM-BLR,Air India,15,5599,1007,6606
2026-08-14,2026-08-29,BOM-BLR,Air India,15,5919,1065,6984
2026-08-14,2026-08-21,BOM-BLR,Air India,7,8249,1484,9733
2026-08-14,2026-08-21,BOM-BLR,Air India,7,7197,1295,8492
2026-08-14,2026-08-21,BOM-BLR,Air India,7,6945,1250,8195
2026-08-14,2026-08-21,BOM-BLR,Air India,7,7996,1439,9435
2026-08-14,2026-08-21,BOM-BLR,Air India,7,6965,1253,8218
2026-08-14,2026-08-15,BOM-BLR,Air India,1,11069,1992,13061
2026-08-14,2026-08-15,BOM-BLR,Air India,1,10151,1827,11978
2026-08-14,2026-08-15,BOM-BLR,Air India,1,11451,2061,13512
2026-08-14,2026-08-15,BOM-BLR,Air India,1,12135,2184,14319
2026-08-14,2026-08-15,BOM-BLR,Air India,1,10270,1848,12118
2026-08-14,2026-09-28,BOM-BLR,Akasa,45,3333,599,3932
2026-08-14,2026-09-28,BOM-BLR,Akasa,45,3664,659,4323
2026-08-14,2026-09-28,BOM-BLR,Akasa,45,3558,640,4198
2026-08-14,2026-09-28,BOM-BLR,Akasa,45,3567,642,4209
2026-08-14,2026-09-28,BOM-BLR,Akasa,45,3296,593,3889
2026-08-14,2026-09-13,BOM-BLR,Akasa,30,3640,655,4295
2026-08-14,2026-09-13,BOM-BLR,Akasa,30,3725,670,4395
2026-08-14,2026-09-13,BOM-BLR,Akasa,30,3676,661,4337
2026-08-14,2026-09-13,BOM-BLR,Akasa,30,3747,674,4421
2026-08-14,2026-09-13,BOM-BLR,Akasa,30,3393,610,4003
2026-08-14,2026-08-29,BOM-BLR,Akasa,15,4598,827,5425
2026-08-14,2026-08-29,BOM-BLR,Akasa,15,4887,879,5766
2026-08-14,2026-08-29,BOM-BLR,Akasa,15,5135,924,6059
2026-08-14,2026-08-29,BOM-BLR,Akasa,15,4722,849,5571
2026-08-14,2026-08-29,BOM-BLR,Akasa,15,5096,917,6013
2026-08-14,2026-08-21,BOM-BLR,Akasa,7,6256,1126,7382
2026-08-14,2026-08-21,BOM-BLR,Akasa,7,5408,973,6381
2026-08-14,2026-08-21,BOM-BLR,Akasa,7,5607,1009,6616
2026-08-14,2026-08-21,BOM-BLR,Akasa,7,5947,1070,7017
2026-08-14,2026-08-21,BOM-BLR,Akasa,7,5451,981,6432
2026-08-14,2026-08-15,BOM-BLR,Akasa,1,9381,1688,11069
2026-08-14,2026-08-15,BOM-BLR,Akasa,1,9125,1642,10767
2026-08-14,2026-08-15,BOM-BLR,Akasa,1,9699,1745,11444
2026-08-14,2026-08-15,BOM-BLR,Akasa,1,9338,1680,11018
2026-08-14,2026-08-15,BOM-BLR,Akasa,1,9946,1790,11736
2026-08-14,2026-09-28,BOM-BLR,SpiceJet,45,3122,561,3683
2026-08-14,2026-09-28,BOM-BLR,SpiceJet,45,3374,607,3981
2026-08-14,2026-09-28,BOM-BLR,SpiceJet,45,3119,561,3680
2026-08-14,2026-09-28,BOM-BLR,SpiceJet,45,3384,609,3993
2026-08-14,2026-09-28,BOM-BLR,SpiceJet,45,3384,609,3993
2026-08-14,2026-09-13,BOM-BLR,SpiceJet,30,3946,710,4656
2026-08-14,2026-09-13,BOM-BLR,SpiceJet,30,3450,621,4071
2026-08-14,2026-09-13,BOM-BLR,SpiceJet,30,3771,678,4449
2026-08-14,2026-09-13,BOM-BLR,SpiceJet,30,3640,655,4295
2026-08-14,2026-09-13,BOM-BLR,SpiceJet,30,3815,686,4501
2026-08-14,2026-08-29,BOM-BLR,SpiceJet,15,3941,709,4650
2026-08-14,2026-08-29,BOM-BLR,SpiceJet,15,4642,835,5477
2026-08-14,2026-08-29,BOM-BLR,SpiceJet,15,4806,865,5671
2026-08-14,2026-08-29,BOM-BLR,SpiceJet,15,4645,836,5481
2026-08-14,2026-08-29,BOM-BLR,SpiceJet,15,4039,727,4766
2026-08-14,2026-08-21,BOM-BLR,SpiceJet,7,5667,1020,6687
2026-08-14,2026-08-21,BOM-BLR,SpiceJet,7,5359,964,6323
2026-08-14,2026-08-21,BOM-BLR,SpiceJet,7,5554,999,6553
2026-08-14,2026-08-21,BOM-BLR,SpiceJet,7,5990,1078,7068
2026-08-14,2026-08-21,BOM-BLR,SpiceJet,7,5728,1031,6759
2026-08-14,2026-08-15,BOM-BLR,SpiceJet,1,9277,1669,10946
2026-08-14,2026-08-15,BOM-BLR,SpiceJet,1,8906,1603,10509
2026-08-14,2026-08-15,BOM-BLR,SpiceJet,1,9369,1686,11055
2026-08-14,2026-08-15,BOM-BLR,SpiceJet,1,8644,1555,10199
2026-08-14,2026-08-15,BOM-BLR,SpiceJet,1,8685,1563,10248
2026-08-14,2026-09-28,DEL-CCU,IndiGo,45,5497,989,6486
2026-08-14,2026-09-28,DEL-CCU,IndiGo,45,5281,950,6231
2026-08-14,2026-09-28,DEL-CCU,IndiGo,45,4414,794,5208
2026-08-14,2026-09-28,DEL-CCU,IndiGo,45,5345,962,6307
2026-08-14,2026-09-28,DEL-CCU,IndiGo,45,5270,948,6218
2026-08-14,2026-09-13,DEL-CCU,IndiGo,30,5853,1053,6906
2026-08-14,2026-09-13,DEL-CCU,IndiGo,30,5626,1012,6638
2026-08-14,2026-09-13,DEL-CCU,IndiGo,30,5577,1003,6580
2026-08-14,2026-09-13,DEL-CCU,IndiGo,30,4759,856,5615
2026-08-14,2026-09-13,DEL-CCU,IndiGo,30,5619,1011,6630
2026-08-14,2026-08-29,DEL-CCU,IndiGo,15,6571,1182,7753
2026-08-14,2026-08-29,DEL-CCU,IndiGo,15,6867,1236,8103
2026-08-14,2026-08-29,DEL-CCU,IndiGo,15,6403,1152,7555
2026-08-14,2026-08-29,DEL-CCU,IndiGo,15,6309,1135,7444
2026-08-14,2026-08-29,DEL-CCU,IndiGo,15,6635,1194,7829
2026-08-14,2026-08-21,DEL-CCU,IndiGo,7,9432,1697,11129
2026-08-14,2026-08-21,DEL-CCU,IndiGo,7,9047,1628,10675
2026-08-14,2026-08-21,DEL-CCU,IndiGo,7,9631,1733,11364
2026-08-14,2026-08-21,DEL-CCU,IndiGo,7,9287,1671,10958
2026-08-14,2026-08-21,DEL-CCU,IndiGo,7,9648,1736,11384
2026-08-14,2026-08-15,DEL-CCU,IndiGo,1,12700,2286,14986
2026-08-14,2026-08-15,DEL-CCU,IndiGo,1,11637,2094,13731
2026-08-14,2026-08-15,DEL-CCU,IndiGo,1,13774,2479,16253
2026-08-14,2026-08-15,DEL-CCU,IndiGo,1,11845,2132,13977
2026-08-14,2026-08-15,DEL-CCU,IndiGo,1,11642,2095,13737
2026-08-14,2026-09-28,DEL-CCU,Air India,45,5328,959,6287
2026-08-14,2026-09-28,DEL-CCU,Air India,45,6021,1083,7104
2026-08-14,2026-09-28,DEL-CCU,Air India,45,6089,1096,7185
2026-08-14,2026-09-28,DEL-CCU,Air India,45,5800,1044,6844
2026-08-14,2026-09-28,DEL-CCU,Air India,45,5291,952,6243
2026-08-14,2026-09-13,DEL-CCU,Air India,30,6636,1194,7830
2026-08-14,2026-09-13,DEL-CCU,Air India,30,6421,1155,7576
2026-08-14,2026-09-13,DEL-CCU,Air India,30,6440,1159,7599
2026-08-14,2026-09-13,DEL-CCU,Air India,30,6478,1166,7644
2026-08-14,2026-09-13,DEL-CCU,Air India,30,6925,1246,8171
2026-08-14,2026-08-29,DEL-CCU,Air India,15,7409,1333,8742
2026-08-14,2026-08-29,DEL-CCU,Air India,15,8077,1453,9530
2026-08-14,2026-08-29,DEL-CCU,Air India,15,7574,1363,8937
2026-08-14,2026-08-29,DEL-CCU,Air India,15,7107,1279,8386
2026-08-14,2026-08-29,DEL-CCU,Air India,15,7618,1371,8989
2026-08-14,2026-08-21,DEL-CCU,Air India,7,10219,1839,12058
2026-08-14,2026-08-21,DEL-CCU,Air India,7,10262,1847,12109
2026-08-14,2026-08-21,DEL-CCU,Air India,7,9299,1673,10972
2026-08-14,2026-08-21,DEL-CCU,Air India,7,9397,1691,11088
2026-08-14,2026-08-21,DEL-CCU,Air India,7,11332,2039,13371
2026-08-14,2026-08-15,DEL-CCU,Air India,1,16719,3009,19728
2026-08-14,2026-08-15,DEL-CCU,Air India,1,13354,2403,15757
2026-08-14,2026-08-15,DEL-CCU,Air India,1,14006,2521,16527
2026-08-14,2026-08-15,DEL-CCU,Air India,1,15513,2792,18305
2026-08-14,2026-08-15,DEL-CCU,Air India,1,15698,2825,18523
2026-08-14,2026-09-28,DEL-CCU,Akasa,45,4125,742,4867
2026-08-14,2026-09-28,DEL-CCU,Akasa,45,4148,746,4894
2026-08-14,2026-09-28,DEL-CCU,Akasa,45,4617,831,5448
2026-08-14,2026-09-28,DEL-CCU,Akasa,45,4907,883,5790
2026-08-14,2026-09-28,DEL-CCU,Akasa,45,4421,795,5216
2026-08-14,2026-09-13,DEL-CCU,Akasa,30,4717,849,5566
2026-08-14,2026-09-13,DEL-CCU,Akasa,30,5592,1006,6598
2026-08-14,2026-09-13,DEL-CCU,Akasa,30,5231,941,6172
2026-08-14,2026-09-13,DEL-CCU,Akasa,30,5009,901,5910
2026-08-14,2026-09-13,DEL-CCU,Akasa,30,4576,823,5399
2026-08-14,2026-08-29,DEL-CCU,Akasa,15,5697,1025,6722
2026-08-14,2026-08-29,DEL-CCU,Akasa,15,6525,1174,7699
2026-08-14,2026-08-29,DEL-CCU,Akasa,15,6501,1170,7671
2026-08-14,2026-08-29,DEL-CCU,Akasa,15,6323,1138,7461
2026-08-14,2026-08-29,DEL-CCU,Akasa,15,6922,1245,8167
2026-08-14,2026-08-21,DEL-CCU,Akasa,7,8655,1557,10212
2026-08-14,2026-08-21,DEL-CCU,Akasa,7,7728,1391,9119
2026-08-14,2026-08-21,DEL-CCU,Akasa,7,9045,1628,10673
2026-08-14,2026-08-21,DEL-CCU,Akasa,7,8243,1483,9726
2026-08-14,2026-08-21,DEL-CCU,Akasa,7,7525,1354,8879
2026-08-14,2026-08-15,DEL-CCU,Akasa,1,11127,2002,13129
2026-08-14,2026-08-15,DEL-CCU,Akasa,1,11229,2021,13250
2026-08-14,2026-08-15,DEL-CCU,Akasa,1,12804,2304,15108
2026-08-14,2026-08-15,DEL-CCU,Akasa,1,11101,1998,13099
2026-08-14,2026-08-15,DEL-CCU,Akasa,1,10975,1975,12950
2026-08-14,2026-09-28,DEL-CCU,SpiceJet,45,4888,879,5767
2026-08-14,2026-09-28,DEL-CCU,SpiceJet,45,4924,886,5810
2026-08-14,2026-09-28,DEL-CCU,SpiceJet,45,4533,815,5348
2026-08-14,2026-09-28,DEL-CCU,SpiceJet,45,4889,880,5769
2026-08-14,2026-09-28,DEL-CCU,SpiceJet,45,4137,744,4881
2026-08-14,2026-09-13,DEL-CCU,SpiceJet,30,4693,844,5537
2026-08-14,2026-09-13,DEL-CCU,SpiceJet,30,4590,826,5416
2026-08-14,2026-09-13,DEL-CCU,SpiceJet,30,5136,924,6060
2026-08-14,2026-09-13,DEL-CCU,SpiceJet,30,4655,837,5492
2026-08-14,2026-09-13,DEL-CCU,SpiceJet,30,4766,857,5623
2026-08-14,2026-08-29,DEL-CCU,SpiceJet,15,6701,1206,7907
2026-08-14,2026-08-29,DEL-CCU,SpiceJet,15,6052,1089,7141
2026-08-14,2026-08-29,DEL-CCU,SpiceJet,15,5607,1009,6616
2026-08-14,2026-08-29,DEL-CCU,SpiceJet,15,6466,1163,7629
2026-08-14,2026-08-29,DEL-CCU,SpiceJet,15,5952,1071,7023
2026-08-14,2026-08-21,DEL-CCU,SpiceJet,7,7221,1299,8520
2026-08-14,2026-08-21,DEL-CCU,SpiceJet,7,8715,1568,10283
2026-08-14,2026-08-21,DEL-CCU,SpiceJet,7,7713,1388,9101
2026-08-14,2026-08-21,DEL-CCU,SpiceJet,7,7515,1352,8867
2026-08-14,2026-08-21,DEL-CCU,SpiceJet,7,7298,1313,8611
2026-08-14,2026-08-15,DEL-CCU,SpiceJet,1,10625,1912,12537
2026-08-14,2026-08-15,DEL-CCU,SpiceJet,1,12839,2311,15150
2026-08-14,2026-08-15,DEL-CCU,SpiceJet,1,11214,2018,13232
2026-08-14,2026-08-15,DEL-CCU,SpiceJet,1,11813,2126,13939
2026-08-14,2026-08-15,DEL-CCU,SpiceJet,1,10673,1921,12594
2026-08-14,2026-09-28,BLR-HYD,IndiGo,45,2821,507,3328
2026-08-14,2026-09-28,BLR-HYD,IndiGo,45,2937,528,3465
2026-08-14,2026-09-28,BLR-HYD,IndiGo,45,2901,522,3423
2026-08-14,2026-09-28,BLR-HYD,IndiGo,45,2576,463,3039
2026-08-14,2026-09-28,BLR-HYD,IndiGo,45,2874,517,3391
2026-08-14,2026-09-13,BLR-HYD,IndiGo,30,3132,563,3695
2026-08-14,2026-09-13,BLR-HYD,IndiGo,30,2971,534,3505
2026-08-14,2026-09-13,BLR-HYD,IndiGo,30,3528,635,4163
2026-08-14,2026-09-13,BLR-HYD,IndiGo,30,3143,565,3708
2026-08-14,2026-09-13,BLR-HYD,IndiGo,30,2993,538,3531
2026-08-14,2026-08-29,BLR-HYD,IndiGo,15,3660,658,4318
2026-08-14,2026-08-29,BLR-HYD,IndiGo,15,4269,768,5037
2026-08-14,2026-08-29,BLR-HYD,IndiGo,15,3997,719,4716
2026-08-14,2026-08-29,BLR-HYD,IndiGo,15,4048,728,4776
2026-08-14,2026-08-29,BLR-HYD,IndiGo,15,3614,650,4264
2026-08-14,2026-08-21,BLR-HYD,IndiGo,7,5786,1041,6827
2026-08-14,2026-08-21,BLR-HYD,IndiGo,7,5114,920,6034
2026-08-14,2026-08-21,BLR-HYD,IndiGo,7,5004,900,5904
2026-08-14,2026-08-21,BLR-HYD,IndiGo,7,5496,989,6485
2026-08-14,2026-08-21,BLR-HYD,IndiGo,7,4969,894,5863
2026-08-14,2026-08-15,BLR-HYD,IndiGo,1,7614,1370,8984
2026-08-14,2026-08-15,BLR-HYD,IndiGo,1,8280,1490,9770
2026-08-14,2026-08-15,BLR-HYD,IndiGo,1,8422,1515,9937
2026-08-14,2026-08-15,BLR-HYD,IndiGo,1,8284,1491,9775
2026-08-14,2026-08-15,BLR-HYD,IndiGo,1,7853,1413,9266
2026-08-14,2026-09-28,BLR-HYD,Air India,45,3027,544,3571
2026-08-14,2026-09-28,BLR-HYD,Air India,45,3352,603,3955
2026-08-14,2026-09-28,BLR-HYD,Air India,45,3269,588,3857
2026-08-14,2026-09-28,BLR-HYD,Air India,45,3276,589,3865
2026-08-14,2026-09-28,BLR-HYD,Air India,45,3491,628,4119
2026-08-14,2026-09-13,BLR-HYD,Air India,30,3364,605,3969
2026-08-14,2026-09-13,BLR-HYD,Air India,30,3560,640,4200
2026-08-14,2026-09-13,BLR-HYD,Air India,30,3254,585,3839
2026-08-14,2026-09-13,BLR-HYD,Air India,30,3943,709,4652
2026-08-14,2026-09-13,BLR-HYD,Air India,30,3940,709,4649
2026-08-14,2026-08-29,BLR-HYD,Air India,15,4552,819,5371
2026-08-14,2026-08-29,BLR-HYD,Air India,15,4610,829,5439
2026-08-14,2026-08-29,BLR-HYD,Air India,15,4599,827,5426
2026-08-14,2026-08-29,BLR-HYD,Air India,15,4117,741,4858
2026-08-14,2026-08-29,BLR-HYD,Air India,15,4381,788,5169
2026-08-14,2026-08-21,BLR-HYD,Air India,7,5403,972,6375
2026-08-14,2026-08-21,BLR-HYD,Air India,7,6260,1126,7386
2026-08-14,2026-08-21,BLR-HYD,Air India,7,6105,1098,7203
2026-08-14,2026-08-21,BLR-HYD,Air India,7,5928,1067,6995
2026-08-14,2026-08-21,BLR-HYD,Air India,7,6089,1096,7185
2026-08-14,2026-08-15,BLR-HYD,Air India,1,9489,1708,11197
2026-08-14,2026-08-15,BLR-HYD,Air India,1,9185,1653,10838
2026-08-14,2026-08-15,BLR-HYD,Air India,1,8013,1442,9455
2026-08-14,2026-08-15,BLR-HYD,Air India,1,9411,1693,11104
2026-08-14,2026-08-15,BLR-HYD,Air India,1,9530,1715,11245
2026-08-14,2026-09-28,BLR-HYD,Akasa,45,2405,432,2837
2026-08-14,2026-09-28,BLR-HYD,Akasa,45,2923,526,3449
2026-08-14,2026-09-28,BLR-HYD,Akasa,45,2489,448,2937
2026-08-14,2026-09-28,BLR-HYD,Akasa,45,2739,493,3232
2026-08-14,2026-09-28,BLR-HYD,Akasa,45,2981,536,3517
2026-08-14,2026-09-13,BLR-HYD,Akasa,30,3349,602,3951
2026-08-14,2026-09-13,BLR-HYD,Akasa,30,3075,553,3628
2026-08-14,2026-09-13,BLR-HYD,Akasa,30,2934,528,3462
2026-08-14,2026-09-13,BLR-HYD,Akasa,30,2935,528,3463
2026-08-14,2026-09-13,BLR-HYD,Akasa,30,3335,600,3935
2026-08-14,2026-08-29,BLR-HYD,Akasa,15,3543,637,4180
2026-08-14,2026-08-29,BLR-HYD,Akasa,15,3661,658,4319
2026-08-14,2026-08-29,BLR-HYD,Akasa,15,3352,603,3955
2026-08-14,2026-08-29,BLR-HYD,Akasa,15,3655,657,4312
2026-08-14,2026-08-29,BLR-HYD,Akasa,15,4064,731,4795
2026-08-14,2026-08-21,BLR-HYD,Akasa,7,5008,901,5909
2026-08-14,2026-08-21,BLR-HYD,Akasa,7,5339,961,6300
2026-08-14,2026-08-21,BLR-HYD,Akasa,7,4856,874,5730
2026-08-14,2026-08-21,BLR-HYD,Akasa,7,4755,855,5610
2026-08-14,2026-08-21,BLR-HYD,Akasa,7,5360,964,6324
2026-08-14,2026-08-15,BLR-HYD,Akasa,1,6413,1154,7567
2026-08-14,2026-08-15,BLR-HYD,Akasa,1,6698,1205,7903
2026-08-14,2026-08-15,BLR-HYD,Akasa,1,7128,1283,8411
2026-08-14,2026-08-15,BLR-HYD,Akasa,1,7182,1292,8474
2026-08-14,2026-08-15,BLR-HYD,Akasa,1,7100,1278,8378
2026-08-14,2026-09-28,BLR-HYD,SpiceJet,45,2337,420,2757
2026-08-14,2026-09-28,BLR-HYD,SpiceJet,45,2708,487,3195
2026-08-14,2026-09-28,BLR-HYD,SpiceJet,45,2713,488,3201
2026-08-14,2026-09-28,BLR-HYD,SpiceJet,45,2655,477,3132
2026-08-14,2026-09-28,BLR-HYD,SpiceJet,45,2422,435,2857
2026-08-14,2026-09-13,BLR-HYD,SpiceJet,30,2854,513,3367
2026-08-14,2026-09-13,BLR-HYD,SpiceJet,30,3126,562,3688
2026-08-14,2026-09-13,BLR-HYD,SpiceJet,30,2897,521,3418
2026-08-14,2026-09-13,BLR-HYD,SpiceJet,30,2850,513,3363
2026-08-14,2026-09-13,BLR-HYD,SpiceJet,30,2978,536,3514
2026-08-14,2026-08-29,BLR-HYD,SpiceJet,15,3766,677,4443
2026-08-14,2026-08-29,BLR-HYD,SpiceJet,15,3414,614,4028
2026-08-14,2026-08-29,BLR-HYD,SpiceJet,15,3167,570,3737
2026-08-14,2026-08-29,BLR-HYD,SpiceJet,15,3565,641,4206
2026-08-14,2026-08-29,BLR-HYD,SpiceJet,15,3081,554,3635
2026-08-14,2026-08-21,BLR-HYD,SpiceJet,7,4541,817,5358
2026-08-14,2026-08-21,BLR-HYD,SpiceJet,7,4307,775,5082
2026-08-14,2026-08-21,BLR-HYD,SpiceJet,7,5051,909,5960
2026-08-14,2026-08-21,BLR-HYD,SpiceJet,7,5183,932,6115
2026-08-14,2026-08-21,BLR-HYD,SpiceJet,7,4540,817,5357
2026-08-14,2026-08-15,BLR-HYD,SpiceJet,1,7248,1304,8552
2026-08-14,2026-08-15,BLR-HYD,SpiceJet,1,7373,1327,8700
2026-08-14,2026-08-15,BLR-HYD,SpiceJet,1,6116,1100,7216
2026-08-14,2026-08-15,BLR-HYD,SpiceJet,1,6252,1125,7377
2026-08-14,2026-08-15,BLR-HYD,SpiceJet,1,7145,1286,8431
2026-08-15,2026-09-29,DEL-BOM,IndiGo,45,4390,790,5180
2026-08-15,2026-09-29,DEL-BOM,IndiGo,45,4544,817,5361
2026-08-15,2026-09-29,DEL-BOM,IndiGo,45,4603,828,5431
2026-08-15,2026-09-29,DEL-BOM,IndiGo,45,3953,711,4664
2026-08-15,2026-09-29,DEL-BOM,IndiGo,45,4706,847,5553
2026-08-15,2026-09-14,DEL-BOM,IndiGo,30,4212,758,4970
2026-08-15,2026-09-14,DEL-BOM,IndiGo,30,4605,828,5433
2026-08-15,2026-09-14,DEL-BOM,IndiGo,30,4338,780,5118
2026-08-15,2026-09-14,DEL-BOM,IndiGo,30,4470,804,5274
2026-08-15,2026-09-14,DEL-BOM,IndiGo,30,4271,768,5039
2026-08-15,2026-08-30,DEL-BOM,IndiGo,15,5739,1033,6772
2026-08-15,2026-08-30,DEL-BOM,IndiGo,15,5914,1064,6978
2026-08-15,2026-08-30,DEL-BOM,IndiGo,15,6056,1090,7146
2026-08-15,2026-08-30,DEL-BOM,IndiGo,15,5948,1070,7018
2026-08-15,2026-08-30,DEL-BOM,IndiGo,15,5514,992,6506
2026-08-15,2026-08-22,DEL-BOM,IndiGo,7,7378,1328,8706
2026-08-15,2026-08-22,DEL-BOM,IndiGo,7,8357,1504,9861
2026-08-15,2026-08-22,DEL-BOM,IndiGo,7,7700,1386,9086
2026-08-15,2026-08-22,DEL-BOM,IndiGo,7,8645,1556,10201
2026-08-15,2026-08-22,DEL-BOM,IndiGo,7,7129,1283,8412
2026-08-15,2026-08-16,DEL-BOM,IndiGo,1,12375,2227,14602
2026-08-15,2026-08-16,DEL-BOM,IndiGo,1,11639,2095,13734
2026-08-15,2026-08-16,DEL-BOM,IndiGo,1,12231,2201,14432
2026-08-15,2026-08-16,DEL-BOM,IndiGo,1,12197,2195,14392
2026-08-15,2026-08-16,DEL-BOM,IndiGo,1,10408,1873,12281
2026-08-15,2026-09-29,DEL-BOM,Air India,45,4952,891,5843
2026-08-15,2026-09-29,DEL-BOM,Air India,45,5522,993,6515
2026-08-15,2026-09-29,DEL-BOM,Air India,45,5360,964,6324
2026-08-15,2026-09-29,DEL-BOM,Air India,45,4498,809,5307
2026-08-15,2026-09-29,DEL-BOM,Air India,45,5157,928,6085
2026-08-15,2026-09-14,DEL-BOM,Air India,30,5253,945,6198
2026-08-15,2026-09-14,DEL-BOM,Air India,30,6036,1086,7122
2026-08-15,2026-09-14,DEL-BOM,Air India,30,6101,1098,7199
2026-08-15,2026-09-14,DEL-BOM,Air India,30,5217,939,6156
2026-08-15,2026-09-14,DEL-BOM,Air India,30,5733,1031,6764
2026-08-15,2026-08-30,DEL-BOM,Air India,15,7212,1298,8510
2026-08-15,2026-08-30,DEL-BOM,Air India,15,6344,1141,7485
2026-08-15,2026-08-30,DEL-BOM,Air India,15,6556,1180,7736
2026-08-15,2026-08-30,DEL-BOM,Air India,15,6596,1187,7783
2026-08-15,2026-08-30,DEL-BOM,Air India,15,6604,1188,7792
2026-08-15,2026-08-22,DEL-BOM,Air India,7,9967,1794,11761
2026-08-15,2026-08-22,DEL-BOM,Air India,7,8673,1561,10234
2026-08-15,2026-08-22,DEL-BOM,Air India,7,9265,1667,10932
2026-08-15,2026-08-22,DEL-BOM,Air India,7,8668,1560,10228
2026-08-15,2026-08-22,DEL-BOM,Air India,7,9763,1757,11520
2026-08-15,2026-08-16,DEL-BOM,Air India,1,12027,2164,14191
2026-08-15,2026-08-16,DEL-BOM,Air India,1,11788,2121,13909
2026-08-15,2026-08-16,DEL-BOM,Air India,1,14132,2543,16675
2026-08-15,2026-08-16,DEL-BOM,Air India,1,13101,2358,15459
2026-08-15,2026-08-16,DEL-BOM,Air India,1,13477,2425,15902
2026-08-15,2026-09-29,DEL-BOM,Akasa,45,4162,749,4911
2026-08-15,2026-09-29,DEL-BOM,Akasa,45,4361,784,5145
2026-08-15,2026-09-29,DEL-BOM,Akasa,45,4217,759,4976
2026-08-15,2026-09-29,DEL-BOM,Akasa,45,3648,656,4304
2026-08-15,2026-09-29,DEL-BOM,Akasa,45,4153,747,4900
2026-08-15,2026-09-14,DEL-BOM,Akasa,30,4424,796,5220
2026-08-15,2026-09-14,DEL-BOM,Akasa,30,4410,793,5203
2026-08-15,2026-09-14,DEL-BOM,Akasa,30,4879,878,5757
2026-08-15,2026-09-14,DEL-BOM,Akasa,30,4698,845,5543
2026-08-15,2026-09-14,DEL-BOM,Akasa,30,4476,805,5281
2026-08-15,2026-08-30,DEL-BOM,Akasa,15,4940,889,5829
2026-08-15,2026-08-30,DEL-BOM,Akasa,15,5158,928,6086
2026-08-15,2026-08-30,DEL-BOM,Akasa,15,4863,875,5738
2026-08-15,2026-08-30,DEL-BOM,Akasa,15,6036,1086,7122
2026-08-15,2026-08-30,DEL-BOM,Akasa,15,5457,982,6439
2026-08-15,2026-08-22,DEL-BOM,Akasa,7,7210,1297,8507
2026-08-15,2026-08-22,DEL-BOM,Akasa,7,7686,1383,9069
2026-08-15,2026-08-22,DEL-BOM,Akasa,7,7725,1390,9115
2026-08-15,2026-08-22,DEL-BOM,Akasa,7,7185,1293,8478
2026-08-15,2026-08-22,DEL-BOM,Akasa,7,7602,1368,8970
2026-08-15,2026-08-16,DEL-BOM,Akasa,1,9579,1724,11303
2026-08-15,2026-08-16,DEL-BOM,Akasa,1,9771,1758,11529
2026-08-15,2026-08-16,DEL-BOM,Akasa,1,11027,1984,13011
2026-08-15,2026-08-16,DEL-BOM,Akasa,1,9796,1763,11559
2026-08-15,2026-08-16,DEL-BOM,Akasa,1,11607,2089,13696
2026-08-15,2026-09-29,DEL-BOM,SpiceJet,45,3465,623,4088
2026-08-15,2026-09-29,DEL-BOM,SpiceJet,45,4059,730,4789
2026-08-15,2026-09-29,DEL-BOM,SpiceJet,45,3719,669,4388
2026-08-15,2026-09-29,DEL-BOM,SpiceJet,45,3575,643,4218
2026-08-15,2026-09-29,DEL-BOM,SpiceJet,45,3829,689,4518
2026-08-15,2026-09-14,DEL-BOM,SpiceJet,30,4288,771,5059
2026-08-15,2026-09-14,DEL-BOM,SpiceJet,30,4279,770,5049
2026-08-15,2026-09-14,DEL-BOM,SpiceJet,30,3817,687,4504
2026-08-15,2026-09-14,DEL-BOM,SpiceJet,30,4274,769,5043
2026-08-15,2026-09-14,DEL-BOM,SpiceJet,30,4762,857,5619
2026-08-15,2026-08-30,DEL-BOM,SpiceJet,15,5498,989,6487
2026-08-15,2026-08-30,DEL-BOM,SpiceJet,15,5837,1050,6887
2026-08-15,2026-08-30,DEL-BOM,SpiceJet,15,4783,860,5643
2026-08-15,2026-08-30,DEL-BOM,SpiceJet,15,5024,904,5928
2026-08-15,2026-08-30,DEL-BOM,SpiceJet,15,5627,1012,6639
2026-08-15,2026-08-22,DEL-BOM,SpiceJet,7,7152,1287,8439
2026-08-15,2026-08-22,DEL-BOM,SpiceJet,7,6249,1124,7373
2026-08-15,2026-08-22,DEL-BOM,SpiceJet,7,6131,1103,7234
2026-08-15,2026-08-22,DEL-BOM,SpiceJet,7,7708,1387,9095
2026-08-15,2026-08-22,DEL-BOM,SpiceJet,7,7119,1281,8400
2026-08-15,2026-08-16,DEL-BOM,SpiceJet,1,10843,1951,12794
2026-08-15,2026-08-16,DEL-BOM,SpiceJet,1,10817,1947,12764
2026-08-15,2026-08-16,DEL-BOM,SpiceJet,1,9307,1675,10982
2026-08-15,2026-08-16,DEL-BOM,SpiceJet,1,11377,2047,13424
2026-08-15,2026-08-16,DEL-BOM,SpiceJet,1,10855,1953,12808
2026-08-15,2026-09-29,DEL-BLR,IndiGo,45,5280,950,6230
2026-08-15,2026-09-29,DEL-BLR,IndiGo,45,5422,975,6397
2026-08-15,2026-09-29,DEL-BLR,IndiGo,45,5916,1064,6980
2026-08-15,2026-09-29,DEL-BLR,IndiGo,45,5232,941,6173
2026-08-15,2026-09-29,DEL-BLR,IndiGo,45,5814,1046,6860
2026-08-15,2026-09-14,DEL-BLR,IndiGo,30,5738,1032,6770
2026-08-15,2026-09-14,DEL-BLR,IndiGo,30,6342,1141,7483
2026-08-15,2026-09-14,DEL-BLR,IndiGo,30,5887,1059,6946
2026-08-15,2026-09-14,DEL-BLR,IndiGo,30,6196,1115,7311
2026-08-15,2026-09-14,DEL-BLR,IndiGo,30,6320,1137,7457
2026-08-15,2026-08-30,DEL-BLR,IndiGo,15,7917,1425,9342
2026-08-15,2026-08-30,DEL-BLR,IndiGo,15,8254,1485,9739
2026-08-15,2026-08-30,DEL-BLR,IndiGo,15,8459,1522,9981
2026-08-15,2026-08-30,DEL-BLR,IndiGo,15,7714,1388,9102
2026-08-15,2026-08-30,DEL-BLR,IndiGo,15,6982,1256,8238
2026-08-15,2026-08-22,DEL-BLR,IndiGo,7,10347,1862,12209
2026-08-15,2026-08-22,DEL-BLR,IndiGo,7,10311,1855,12166
2026-08-15,2026-08-22,DEL-BLR,IndiGo,7,10018,1803,11821
2026-08-15,2026-08-22,DEL-BLR,IndiGo,7,10058,1810,11868
2026-08-15,2026-08-22,DEL-BLR,IndiGo,7,9081,1634,10715
2026-08-15,2026-08-16,DEL-BLR,IndiGo,1,14179,2552,16731
2026-08-15,2026-08-16,DEL-BLR,IndiGo,1,16256,2926,19182
2026-08-15,2026-08-16,DEL-BLR,IndiGo,1,15190,2734,17924
2026-08-15,2026-08-16,DEL-BLR,IndiGo,1,13609,2449,16058
2026-08-15,2026-08-16,DEL-BLR,IndiGo,1,13646,2456,16102
2026-08-15,2026-09-29,DEL-BLR,Air India,45,5789,1042,6831
2026-08-15,2026-09-29,DEL-BLR,Air India,45,6179,1112,7291
2026-08-15,2026-09-29,DEL-BLR,Air India,45,5862,1055,6917
2026-08-15,2026-09-29,DEL-BLR,Air India,45,6708,1207,7915
2026-08-15,2026-09-29,DEL-BLR,Air India,45,6281,1130,7411
2026-08-15,2026-09-14,DEL-BLR,Air India,30,7114,1280,8394
2026-08-15,2026-09-14,DEL-BLR,Air India,30,7456,1342,8798
2026-08-15,2026-09-14,DEL-BLR,Air India,30,7806,1405,9211
2026-08-15,2026-09-14,DEL-BLR,Air India,30,7440,1339,8779
2026-08-15,2026-09-14,DEL-BLR,Air India,30,6492,1168,7660
2026-08-15,2026-08-30,DEL-BLR,Air India,15,8648,1556,10204
2026-08-15,2026-08-30,DEL-BLR,Air India,15,8721,1569,10290
2026-08-15,2026-08-30,DEL-BLR,Air India,15,7992,1438,9430
2026-08-15,2026-08-30,DEL-BLR,Air India,15,9629,1733,11362
2026-08-15,2026-08-30,DEL-BLR,Air India,15,8440,1519,9959
2026-08-15,2026-08-22,DEL-BLR,Air India,7,11177,2011,13188
2026-08-15,2026-08-22,DEL-BLR,Air India,7,12326,2218,14544
2026-08-15,2026-08-22,DEL-BLR,Air India,7,10928,1967,12895
2026-08-15,2026-08-22,DEL-BLR,Air India,7,10631,1913,12544
2026-08-15,2026-08-22,DEL-BLR,Air India,7,11364,2045,13409
2026-08-15,2026-08-16,DEL-BLR,Air India,1,18545,3338,21883
2026-08-15,2026-08-16,DEL-BLR,Air India,1,16742,3013,19755
2026-08-15,2026-08-16,DEL-BLR,Air India,1,15200,2736,17936
2026-08-15,2026-08-16,DEL-BLR,Air India,1,15539,2797,18336
2026-08-15,2026-08-16,DEL-BLR,Air India,1,18725,3370,22095
2026-08-15,2026-09-29,DEL-BLR,Akasa,45,5155,927,6082
2026-08-15,2026-09-29,DEL-BLR,Akasa,45,5055,909,5964
2026-08-15,2026-09-29,DEL-BLR,Akasa,45,5359,964,6323
2026-08-15,2026-09-29,DEL-BLR,Akasa,45,4968,894,5862
2026-08-15,2026-09-29,DEL-BLR,Akasa,45,4714,848,5562
2026-08-15,2026-09-14,DEL-BLR,Akasa,30,6102,1098,7200
2026-08-15,2026-09-14,DEL-BLR,Akasa,30,5694,1024,6718
2026-08-15,2026-09-14,DEL-BLR,Akasa,30,5979,1076,7055
2026-08-15,2026-09-14,DEL-BLR,Akasa,30,5599,1007,6606
2026-08-15,2026-09-14,DEL-BLR,Akasa,30,6118,1101,7219
2026-08-15,2026-08-30,DEL-BLR,Akasa,15,7515,1352,8867
2026-08-15,2026-08-30,DEL-BLR,Akasa,15,7654,1377,9031
2026-08-15,2026-08-30,DEL-BLR,Akasa,15,8051,1449,9500
2026-08-15,2026-08-30,DEL-BLR,Akasa,15,6724,1210,7934
2026-08-15,2026-08-30,DEL-BLR,Akasa,15,7201,1296,8497
2026-08-15,2026-08-22,DEL-BLR,Akasa,7,10364,1865,12229
2026-08-15,2026-08-22,DEL-BLR,Akasa,7,10768,1938,12706
2026-08-15,2026-08-22,DEL-BLR,Akasa,7,9915,1784,11699
2026-08-15,2026-08-22,DEL-BLR,Akasa,7,10198,1835,12033
2026-08-15,2026-08-22,DEL-BLR,Akasa,7,10806,1945,12751
2026-08-15,2026-08-16,DEL-BLR,Akasa,1,15147,2726,17873
2026-08-15,2026-08-16,DEL-BLR,Akasa,1,14190,2554,16744
2026-08-15,2026-08-16,DEL-BLR,Akasa,1,13725,2470,16195
2026-08-15,2026-08-16,DEL-BLR,Akasa,1,15491,2788,18279
2026-08-15,2026-08-16,DEL-BLR,Akasa,1,15054,2709,17763
2026-08-15,2026-09-29,DEL-BLR,SpiceJet,45,4474,805,5279
2026-08-15,2026-09-29,DEL-BLR,SpiceJet,45,5032,905,5937
2026-08-15,2026-09-29,DEL-BLR,SpiceJet,45,4534,816,5350
2026-08-15,2026-09-29,DEL-BLR,SpiceJet,45,5054,909,5963
2026-08-15,2026-09-29,DEL-BLR,SpiceJet,45,5096,917,6013
2026-08-15,2026-09-14,DEL-BLR,SpiceJet,30,5185,933,6118
2026-08-15,2026-09-14,DEL-BLR,SpiceJet,30,5584,1005,6589
2026-08-15,2026-09-14,DEL-BLR,SpiceJet,30,5664,1019,6683
2026-08-15,2026-09-14,DEL-BLR,SpiceJet,30,5664,1019,6683
2026-08-15,2026-09-14,DEL-BLR,SpiceJet,30,5906,1063,6969
2026-08-15,2026-08-30,DEL-BLR,SpiceJet,15,6324,1138,7462
2026-08-15,2026-08-30,DEL-BLR,SpiceJet,15,6975,1255,8230
2026-08-15,2026-08-30,DEL-BLR,SpiceJet,15,7047,1268,8315
2026-08-15,2026-08-30,DEL-BLR,SpiceJet,15,6796,1223,8019
2026-08-15,2026-08-30,DEL-BLR,SpiceJet,15,6574,1183,7757
2026-08-15,2026-08-22,DEL-BLR,SpiceJet,7,9771,1758,11529
2026-08-15,2026-08-22,DEL-BLR,SpiceJet,7,8693,1564,10257
2026-08-15,2026-08-22,DEL-BLR,SpiceJet,7,9695,1745,11440
2026-08-15,2026-08-22,DEL-BLR,SpiceJet,7,10147,1826,11973
2026-08-15,2026-08-22,DEL-BLR,SpiceJet,7,8896,1601,10497
2026-08-15,2026-08-16,DEL-BLR,SpiceJet,1,12604,2268,14872
2026-08-15,2026-08-16,DEL-BLR,SpiceJet,1,13975,2515,16490
2026-08-15,2026-08-16,DEL-BLR,SpiceJet,1,12453,2241,14694
2026-08-15,2026-08-16,DEL-BLR,SpiceJet,1,15006,2701,17707
2026-08-15,2026-08-16,DEL-BLR,SpiceJet,1,14272,2568,16840
2026-08-15,2026-09-29,BOM-BLR,IndiGo,45,3987,717,4704
2026-08-15,2026-09-29,BOM-BLR,IndiGo,45,3627,652,4279
2026-08-15,2026-09-29,BOM-BLR,IndiGo,45,3603,648,4251
2026-08-15,2026-09-29,BOM-BLR,IndiGo,45,3460,622,4082
2026-08-15,2026-09-29,BOM-BLR,IndiGo,45,3449,620,4069
2026-08-15,2026-09-14,BOM-BLR,IndiGo,30,4019,723,4742
2026-08-15,2026-09-14,BOM-BLR,IndiGo,30,3882,698,4580
2026-08-15,2026-09-14,BOM-BLR,IndiGo,30,3833,689,4522
2026-08-15,2026-09-14,BOM-BLR,IndiGo,30,3775,679,4454
2026-08-15,2026-09-14,BOM-BLR,IndiGo,30,4362,785,5147
2026-08-15,2026-08-30,BOM-BLR,IndiGo,15,4740,853,5593
2026-08-15,2026-08-30,BOM-BLR,IndiGo,15,5154,927,6081
2026-08-15,2026-08-30,BOM-BLR,IndiGo,15,4553,819,5372
2026-08-15,2026-08-30,BOM-BLR,IndiGo,15,4500,810,5310
2026-08-15,2026-08-30,BOM-BLR,IndiGo,15,4962,893,5855
2026-08-15,2026-08-22,BOM-BLR,IndiGo,7,7120,1281,8401
2026-08-15,2026-08-22,BOM-BLR,IndiGo,7,6373,1147,7520
2026-08-15,2026-08-22,BOM-BLR,IndiGo,7,7000,1260,8260
2026-08-15,2026-08-22,BOM-BLR,IndiGo,7,6486,1167,7653
2026-08-15,2026-08-22,BOM-BLR,IndiGo,7,7139,1285,8424
2026-08-15,2026-08-16,BOM-BLR,IndiGo,1,10504,1890,12394
2026-08-15,2026-08-16,BOM-BLR,IndiGo,1,9960,1792,11752
2026-08-15,2026-08-16,BOM-BLR,IndiGo,1,8930,1607,10537
2026-08-15,2026-08-16,BOM-BLR,IndiGo,1,9744,1753,11497
2026-08-15,2026-08-16,BOM-BLR,IndiGo,1,8522,1533,10055
2026-08-15,2026-09-29,BOM-BLR,Air India,45,4264,767,5031
2026-08-15,2026-09-29,BOM-BLR,Air India,45,4022,723,4745
2026-08-15,2026-09-29,BOM-BLR,Air India,45,4261,766,5027
2026-08-15,2026-09-29,BOM-BLR,Air India,45,4025,724,4749
2026-08-15,2026-09-29,BOM-BLR,Air India,45,3937,708,4645
2026-08-15,2026-09-14,BOM-BLR,Air India,30,4609,829,5438
2026-08-15,2026-09-14,BOM-BLR,Air India,30,4792,862,5654
2026-08-15,2026-09-14,BOM-BLR,Air India,30,4369,786,5155
2026-08-15,2026-09-14,BOM-BLR,Air India,30,4183,752,4935
2026-08-15,2026-09-14,BOM-BLR,Air India,30,4651,837,5488
2026-08-15,2026-08-30,BOM-BLR,Air India,15,5830,1049,6879
2026-08-15,2026-08-30,BOM-BLR,Air India,15,5579,1004,6583
2026-08-15,2026-08-30,BOM-BLR,Air India,15,5465,983,6448
2026-08-15,2026-08-30,BOM-BLR,Air India,15,5235,942,6177
2026-08-15,2026-08-30,BOM-BLR,Air India,15,6242,1123,7365
2026-08-15,2026-08-22,BOM-BLR,Air India,7,7288,1311,8599
2026-08-15,2026-08-22,BOM-BLR,Air India,7,7098,1277,8375
2026-08-15,2026-08-22,BOM-BLR,Air India,7,7667,1380,9047
2026-08-15,2026-08-22,BOM-BLR,Air India,7,7723,1390,9113
2026-08-15,2026-08-22,BOM-BLR,Air India,7,6890,1240,8130
2026-08-15,2026-08-16,BOM-BLR,Air India,1,11703,2106,13809
2026-08-15,2026-08-16,BOM-BLR,Air India,1,11454,2061,13515
2026-08-15,2026-08-16,BOM-BLR,Air India,1,9728,1751,11479
2026-08-15,2026-08-16,BOM-BLR,Air India,1,11348,2042,13390
2026-08-15,2026-08-16,BOM-BLR,Air India,1,10291,1852,12143
2026-08-15,2026-09-29,BOM-BLR,Akasa,45,3557,640,4197
2026-08-15,2026-09-29,BOM-BLR,Akasa,45,3080,554,3634
2026-08-15,2026-09-29,BOM-BLR,Akasa,45,3457,622,4079
2026-08-15,2026-09-29,BOM-BLR,Akasa,45,3029,545,3574
2026-08-15,2026-09-29,BOM-BLR,Akasa,45,3484,627,4111
2026-08-15,2026-09-14,BOM-BLR,Akasa,30,3622,651,4273
2026-08-15,2026-09-14,BOM-BLR,Akasa,30,3919,705,4624
2026-08-15,2026-09-14,BOM-BLR,Akasa,30,3409,613,4022
2026-08-15,2026-09-14,BOM-BLR,Akasa,30,3332,599,3931
2026-08-15,2026-09-14,BOM-BLR,Akasa,30,3602,648,4250
2026-08-15,2026-08-30,BOM-BLR,Akasa,15,4851,873,5724
2026-08-15,2026-08-30,BOM-BLR,Akasa,15,4915,884,5799
2026-08-15,2026-08-30,BOM-BLR,Akasa,15,4752,855,5607
2026-08-15,2026-08-30,BOM-BLR,Akasa,15,5121,921,6042
2026-08-15,2026-08-30,BOM-BLR,Akasa,15,4537,816,5353
2026-08-15,2026-08-22,BOM-BLR,Akasa,7,6241,1123,7364
2026-08-15,2026-08-22,BOM-BLR,Akasa,7,5568,1002,6570
2026-08-15,2026-08-22,BOM-BLR,Akasa,7,6399,1151,7550
2026-08-15,2026-08-22,BOM-BLR,Akasa,7,5392,970,6362
2026-08-15,2026-08-22,BOM-BLR,Akasa,7,6611,1189,7800
2026-08-15,2026-08-16,BOM-BLR,Akasa,1,9408,1693,11101
2026-08-15,2026-08-16,BOM-BLR,Akasa,1,9389,1690,11079
2026-08-15,2026-08-16,BOM-BLR,Akasa,1,8566,1541,10107
2026-08-15,2026-08-16,BOM-BLR,Akasa,1,8036,1446,9482
2026-08-15,2026-08-16,BOM-BLR,Akasa,1,10121,1821,11942
2026-08-15,2026-09-29,BOM-BLR,SpiceJet,45,3442,619,4061
2026-08-15,2026-09-29,BOM-BLR,SpiceJet,45,2906,523,3429
2026-08-15,2026-09-29,BOM-BLR,SpiceJet,45,3005,540,3545
2026-08-15,2026-09-29,BOM-BLR,SpiceJet,45,3310,595,3905
2026-08-15,2026-09-29,BOM-BLR,SpiceJet,45,3266,587,3853
2026-08-15,2026-09-14,BOM-BLR,SpiceJet,30,3853,693,4546
2026-08-15,2026-09-14,BOM-BLR,SpiceJet,30,3501,630,4131
2026-08-15,2026-09-14,BOM-BLR,SpiceJet,30,3610,649,4259
2026-08-15,2026-09-14,BOM-BLR,SpiceJet,30,3834,690,4524
2026-08-15,2026-09-14,BOM-BLR,SpiceJet,30,3885,699,4584
2026-08-15,2026-08-30,BOM-BLR,SpiceJet,15,4318,777,5095
2026-08-15,2026-08-30,BOM-BLR,SpiceJet,15,3857,694,4551
2026-08-15,2026-08-30,BOM-BLR,SpiceJet,15,4329,779,5108
2026-08-15,2026-08-30,BOM-BLR,SpiceJet,15,3884,699,4583
2026-08-15,2026-08-30,BOM-BLR,SpiceJet,15,4451,801,5252
2026-08-15,2026-08-22,BOM-BLR,SpiceJet,7,5743,1033,6776
2026-08-15,2026-08-22,BOM-BLR,SpiceJet,7,5858,1054,6912
2026-08-15,2026-08-22,BOM-BLR,SpiceJet,7,5149,926,6075
2026-08-15,2026-08-22,BOM-BLR,SpiceJet,7,5971,1074,7045
2026-08-15,2026-08-22,BOM-BLR,SpiceJet,7,5901,1062,6963
2026-08-15,2026-08-16,BOM-BLR,SpiceJet,1,8319,1497,9816
2026-08-15,2026-08-16,BOM-BLR,SpiceJet,1,9389,1690,11079
2026-08-15,2026-08-16,BOM-BLR,SpiceJet,1,9439,1699,11138
2026-08-15,2026-08-16,BOM-BLR,SpiceJet,1,7550,1359,8909
2026-08-15,2026-08-16,BOM-BLR,SpiceJet,1,8562,1541,10103
2026-08-15,2026-09-29,DEL-CCU,IndiGo,45,4866,875,5741
2026-08-15,2026-09-29,DEL-CCU,IndiGo,45,4436,798,5234
2026-08-15,2026-09-29,DEL-CCU,IndiGo,45,5448,980,6428
2026-08-15,2026-09-29,DEL-CCU,IndiGo,45,5003,900,5903
2026-08-15,2026-09-29,DEL-CCU,IndiGo,45,5123,922,6045
2026-08-15,2026-09-14,DEL-CCU,IndiGo,30,4767,858,5625
2026-08-15,2026-09-14,DEL-CCU,IndiGo,30,5279,950,6229
2026-08-15,2026-09-14,DEL-CCU,IndiGo,30,5930,1067,6997
2026-08-15,2026-09-14,DEL-CCU,IndiGo,30,4924,886,5810
2026-08-15,2026-09-14,DEL-CCU,IndiGo,30,5403,972,6375
2026-08-15,2026-08-30,DEL-CCU,IndiGo,15,6338,1140,7478
2026-08-15,2026-08-30,DEL-CCU,IndiGo,15,7007,1261,8268
2026-08-15,2026-08-30,DEL-CCU,IndiGo,15,5853,1053,6906
2026-08-15,2026-08-30,DEL-CCU,IndiGo,15,6209,1117,7326
2026-08-15,2026-08-30,DEL-CCU,IndiGo,15,6978,1256,8234
2026-08-15,2026-08-22,DEL-CCU,IndiGo,7,9877,1777,11654
2026-08-15,2026-08-22,DEL-CCU,IndiGo,7,9583,1724,11307
2026-08-15,2026-08-22,DEL-CCU,IndiGo,7,9150,1647,10797
2026-08-15,2026-08-22,DEL-CCU,IndiGo,7,7797,1403,9200
2026-08-15,2026-08-22,DEL-CCU,IndiGo,7,8676,1561,10237
2026-08-15,2026-08-16,DEL-CCU,IndiGo,1,12434,2238,14672
2026-08-15,2026-08-16,DEL-CCU,IndiGo,1,11734,2112,13846
2026-08-15,2026-08-16,DEL-CCU,IndiGo,1,12985,2337,15322
2026-08-15,2026-08-16,DEL-CCU,IndiGo,1,11891,2140,14031
2026-08-15,2026-08-16,DEL-CCU,IndiGo,1,13368,2406,15774
2026-08-15,2026-09-29,DEL-CCU,Air India,45,5857,1054,6911
2026-08-15,2026-09-29,DEL-CCU,Air India,45,6041,1087,7128
2026-08-15,2026-09-29,DEL-CCU,Air India,45,5373,967,6340
2026-08-15,2026-09-29,DEL-CCU,Air India,45,5039,907,5946
2026-08-15,2026-09-29,DEL-CCU,Air India,45,6091,1096,7187
2026-08-15,2026-09-14,DEL-CCU,Air India,30,6922,1245,8167
2026-08-15,2026-09-14,DEL-CCU,Air India,30,5865,1055,6920
2026-08-15,2026-09-14,DEL-CCU,Air India,30,5752,1035,6787
2026-08-15,2026-09-14,DEL-CCU,Air India,30,6866,1235,8101
2026-08-15,2026-09-14,DEL-CCU,Air India,30,5656,1018,6674
2026-08-15,2026-08-30,DEL-CCU,Air India,15,6779,1220,7999
2026-08-15,2026-08-30,DEL-CCU,Air India,15,8294,1492,9786
2026-08-15,2026-08-30,DEL-CCU,Air India,15,8302,1494,9796
2026-08-15,2026-08-30,DEL-CCU,Air India,15,8107,1459,9566
2026-08-15,2026-08-30,DEL-CCU,Air India,15,8233,1481,9714
2026-08-15,2026-08-22,DEL-CCU,Air India,7,10871,1956,12827
2026-08-15,2026-08-22,DEL-CCU,Air India,7,9551,1719,11270
2026-08-15,2026-08-22,DEL-CCU,Air India,7,9452,1701,11153
2026-08-15,2026-08-22,DEL-CCU,Air India,7,11362,2045,13407
2026-08-15,2026-08-22,DEL-CCU,Air India,7,9923,1786,11709
2026-08-15,2026-08-16,DEL-CCU,Air India,1,15911,2863,18774
2026-08-15,2026-08-16,DEL-CCU,Air India,1,14941,2689,17630
2026-08-15,2026-08-16,DEL-CCU,Air India,1,14308,2575,16883
2026-08-15,2026-08-16,DEL-CCU,Air India,1,14929,2687,17616
2026-08-15,2026-08-16,DEL-CCU,Air India,1,15311,2755,18066
2026-08-15,2026-09-29,DEL-CCU,Akasa,45,4682,842,5524
2026-08-15,2026-09-29,DEL-CCU,Akasa,45,4414,794,5208
2026-08-15,2026-09-29,DEL-CCU,Akasa,45,4631,833,5464
2026-08-15,2026-09-29,DEL-CCU,Akasa,45,4435,798,5233
2026-08-15,2026-09-29,DEL-CCU,Akasa,45,4366,785,5151
2026-08-15,2026-09-14,DEL-CCU,Akasa,30,5224,940,6164
2026-08-15,2026-09-14,DEL-CCU,Akasa,30,4950,891,5841
2026-08-15,2026-09-14,DEL-CCU,Akasa,30,5751,1035,6786
2026-08-15,2026-09-14,DEL-CCU,Akasa,30,5387,969,6356
2026-08-15,2026-09-14,DEL-CCU,Akasa,30,5503,990,6493
2026-08-15,2026-08-30,DEL-CCU,Akasa,15,6402,1152,7554
2026-08-15,2026-08-30,DEL-CCU,Akasa,15,6620,1191,7811
2026-08-15,2026-08-30,DEL-CCU,Akasa,15,6900,1242,8142
2026-08-15,2026-08-30,DEL-CCU,Akasa,15,6028,1085,7113
2026-08-15,2026-08-30,DEL-CCU,Akasa,15,5544,997,6541
2026-08-15,2026-08-22,DEL-CCU,Akasa,7,7656,1378,9034
2026-08-15,2026-08-22,DEL-CCU,Akasa,7,7906,1423,9329
2026-08-15,2026-08-22,DEL-CCU,Akasa,7,8918,1605,10523
2026-08-15,2026-08-22,DEL-CCU,Akasa,7,7695,1385,9080
2026-08-15,2026-08-22,DEL-CCU,Akasa,7,7853,1413,9266
2026-08-15,2026-08-16,DEL-CCU,Akasa,1,13895,2501,16396
2026-08-15,2026-08-16,DEL-CCU,Akasa,1,10939,1969,12908
2026-08-15,2026-08-16,DEL-CCU,Akasa,1,13872,2496,16368
2026-08-15,2026-08-16,DEL-CCU,Akasa,1,11928,2147,14075
2026-08-15,2026-08-16,DEL-CCU,Akasa,1,11325,2038,13363
2026-08-15,2026-09-29,DEL-CCU,SpiceJet,45,4479,806,5285
2026-08-15,2026-09-29,DEL-CCU,SpiceJet,45,4291,772,5063
2026-08-15,2026-09-29,DEL-CCU,SpiceJet,45,4689,844,5533
2026-08-15,2026-09-29,DEL-CCU,SpiceJet,45,4377,787,5164
2026-08-15,2026-09-29,DEL-CCU,SpiceJet,45,4837,870,5707
2026-08-15,2026-09-14,DEL-CCU,SpiceJet,30,4476,805,5281
2026-08-15,2026-09-14,DEL-CCU,SpiceJet,30,4819,867,5686
2026-08-15,2026-09-14,DEL-CCU,SpiceJet,30,4544,817,5361
2026-08-15,2026-09-14,DEL-CCU,SpiceJet,30,4701,846,5547
2026-08-15,2026-09-14,DEL-CCU,SpiceJet,30,4875,877,5752
2026-08-15,2026-08-30,DEL-CCU,SpiceJet,15,5739,1033,6772
2026-08-15,2026-08-30,DEL-CCU,SpiceJet,15,6548,1178,7726
2026-08-15,2026-08-30,DEL-CCU,SpiceJet,15,5492,988,6480
2026-08-15,2026-08-30,DEL-CCU,SpiceJet,15,6009,1081,7090
2026-08-15,2026-08-30,DEL-CCU,SpiceJet,15,5437,978,6415
2026-08-15,2026-08-22,DEL-CCU,SpiceJet,7,7567,1362,8929
2026-08-15,2026-08-22,DEL-CCU,SpiceJet,7,7680,1382,9062
2026-08-15,2026-08-22,DEL-CCU,SpiceJet,7,8644,1555,10199
2026-08-15,2026-08-22,DEL-CCU,SpiceJet,7,8014,1442,9456
2026-08-15,2026-08-22,DEL-CCU,SpiceJet,7,8157,1468,9625
2026-08-15,2026-08-16,DEL-CCU,SpiceJet,1,12919,2325,15244
2026-08-15,2026-08-16,DEL-CCU,SpiceJet,1,12683,2282,14965
2026-08-15,2026-08-16,DEL-CCU,SpiceJet,1,12827,2308,15135
2026-08-15,2026-08-16,DEL-CCU,SpiceJet,1,11596,2087,13683
2026-08-15,2026-08-16,DEL-CCU,SpiceJet,1,11853,2133,13986
2026-08-15,2026-09-29,BLR-HYD,IndiGo,45,2759,496,3255
2026-08-15,2026-09-29,BLR-HYD,IndiGo,45,3029,545,3574
2026-08-15,2026-09-29,BLR-HYD,IndiGo,45,2870,516,3386
2026-08-15,2026-09-29,BLR-HYD,IndiGo,45,2671,480,3151
2026-08-15,2026-09-29,BLR-HYD,IndiGo,45,3151,567,3718
2026-08-15,2026-09-14,BLR-HYD,IndiGo,30,3252,585,3837
2026-08-15,2026-09-14,BLR-HYD,IndiGo,30,2946,530,3476
2026-08-15,2026-09-14,BLR-HYD,IndiGo,30,3355,603,3958
2026-08-15,2026-09-14,BLR-HYD,IndiGo,30,2959,532,3491
2026-08-15,2026-09-14,BLR-HYD,IndiGo,30,3519,633,4152
2026-08-15,2026-08-30,BLR-HYD,IndiGo,15,4144,745,4889
2026-08-15,2026-08-30,BLR-HYD,IndiGo,15,3534,636,4170
2026-08-15,2026-08-30,BLR-HYD,IndiGo,15,3724,670,4394
2026-08-15,2026-08-30,BLR-HYD,IndiGo,15,4168,750,4918
2026-08-15,2026-08-30,BLR-HYD,IndiGo,15,4001,720,4721
2026-08-15,2026-08-22,BLR-HYD,IndiGo,7,5731,1031,6762
2026-08-15,2026-08-22,BLR-HYD,IndiGo,7,5165,929,6094
2026-08-15,2026-08-22,BLR-HYD,IndiGo,7,5500,990,6490
2026-08-15,2026-08-22,BLR-HYD,IndiGo,7,5336,960,6296
2026-08-15,2026-08-22,BLR-HYD,IndiGo,7,4713,848,5561
2026-08-15,2026-08-16,BLR-HYD,IndiGo,1,8171,1470,9641
2026-08-15,2026-08-16,BLR-HYD,IndiGo,1,8471,1524,9995
2026-08-15,2026-08-16,BLR-HYD,IndiGo,1,7614,1370,8984
2026-08-15,2026-08-16,BLR-HYD,IndiGo,1,8392,1510,9902
2026-08-15,2026-08-16,BLR-HYD,IndiGo,1,6929,1247,8176
2026-08-15,2026-09-29,BLR-HYD,Air India,45,3472,624,4096
2026-08-15,2026-09-29,BLR-HYD,Air India,45,3309,595,3904
2026-08-15,2026-09-29,BLR-HYD,Air India,45,3042,547,3589
2026-08-15,2026-09-29,BLR-HYD,Air India,45,2934,528,3462
2026-08-15,2026-09-29,BLR-HYD,Air India,45,3091,556,3647
2026-08-15,2026-09-14,BLR-HYD,Air India,30,3614,650,4264
2026-08-15,2026-09-14,BLR-HYD,Air India,30,3765,677,4442
2026-08-15,2026-09-14,BLR-HYD,Air India,30,3402,612,4014
2026-08-15,2026-09-14,BLR-HYD,Air India,30,3903,702,4605
2026-08-15,2026-09-14,BLR-HYD,Air India,30,3425,616,4041
2026-08-15,2026-08-30,BLR-HYD,Air India,15,4937,888,5825
2026-08-15,2026-08-30,BLR-HYD,Air India,15,4970,894,5864
2026-08-15,2026-08-30,BLR-HYD,Air India,15,4428,797,5225
2026-08-15,2026-08-30,BLR-HYD,Air India,15,4470,804,5274
2026-08-15,2026-08-30,BLR-HYD,Air India,15,4228,761,4989
2026-08-15,2026-08-22,BLR-HYD,Air India,7,5319,957,6276
2026-08-15,2026-08-22,BLR-HYD,Air India,7,5543,997,6540
2026-08-15,2026-08-22,BLR-HYD,Air India,7,5628,1013,6641
2026-08-15,2026-08-22,BLR-HYD,Air India,7,5752,1035,6787
2026-08-15,2026-08-22,BLR-HYD,Air India,7,5616,1010,6626
2026-08-15,2026-08-16,BLR-HYD,Air India,1,7791,1402,9193
2026-08-15,2026-08-16,BLR-HYD,Air India,1,8698,1565,10263
2026-08-15,2026-08-16,BLR-HYD,Air India,1,9668,1740,11408
2026-08-15,2026-08-16,BLR-HYD,Air India,1,9332,1679,11011
2026-08-15,2026-08-16,BLR-HYD,Air India,1,9237,1662,10899
2026-08-15,2026-09-29,BLR-HYD,Akasa,45,2971,534,3505
2026-08-15,2026-09-29,BLR-HYD,Akasa,45,2547,458,3005
2026-08-15,2026-09-29,BLR-HYD,Akasa,45,2759,496,3255
2026-08-15,2026-09-29,BLR-HYD,Akasa,45,2796,503,3299
2026-08-15,2026-09-29,BLR-HYD,Akasa,45,2450,441,2891
2026-08-15,2026-09-14,BLR-HYD,Akasa,30,3083,554,3637
2026-08-15,2026-09-14,BLR-HYD,Akasa,30,3020,543,3563
2026-08-15,2026-09-14,BLR-HYD,Akasa,30,2737,492,3229
2026-08-15,2026-09-14,BLR-HYD,Akasa,30,2886,519,3405
2026-08-15,2026-09-14,BLR-HYD,Akasa,30,2978,536,3514
2026-08-15,2026-08-30,BLR-HYD,Akasa,15,3950,711,4661
2026-08-15,2026-08-30,BLR-HYD,Akasa,15,3389,610,3999
2026-08-15,2026-08-30,BLR-HYD,Akasa,15,3746,674,4420
2026-08-15,2026-08-30,BLR-HYD,Akasa,15,3567,642,4209
2026-08-15,2026-08-30,BLR-HYD,Akasa,15,3810,685,4495
2026-08-15,2026-08-22,BLR-HYD,Akasa,7,5137,924,6061
2026-08-15,2026-08-22,BLR-HYD,Akasa,7,5446,980,6426
2026-08-15,2026-08-22,BLR-HYD,Akasa,7,5204,936,6140
2026-08-15,2026-08-22,BLR-HYD,Akasa,7,4917,885,5802
2026-08-15,2026-08-22,BLR-HYD,Akasa,7,5056,910,5966
2026-08-15,2026-08-16,BLR-HYD,Akasa,1,6656,1198,7854
2026-08-15,2026-08-16,BLR-HYD,Akasa,1,7573,1363,8936
2026-08-15,2026-08-16,BLR-HYD,Akasa,1,7417,1335,8752
2026-08-15,2026-08-16,BLR-HYD,Akasa,1,7207,1297,8504
2026-08-15,2026-08-16,BLR-HYD,Akasa,1,7088,1275,8363
2026-08-15,2026-09-29,BLR-HYD,SpiceJet,45,2818,507,3325
2026-08-15,2026-09-29,BLR-HYD,SpiceJet,45,2731,491,3222
2026-08-15,2026-09-29,BLR-HYD,SpiceJet,45,2285,411,2696
2026-08-15,2026-09-29,BLR-HYD,SpiceJet,45,2471,444,2915
2026-08-15,2026-09-29,BLR-HYD,SpiceJet,45,2699,485,3184
2026-08-15,2026-09-14,BLR-HYD,SpiceJet,30,2940,529,3469
2026-08-15,2026-09-14,BLR-HYD,SpiceJet,30,2864,515,3379
2026-08-15,2026-09-14,BLR-HYD,SpiceJet,30,2546,458,3004
2026-08-15,2026-09-14,BLR-HYD,SpiceJet,30,2591,466,3057
2026-08-15,2026-09-14,BLR-HYD,SpiceJet,30,2846,512,3358
2026-08-15,2026-08-30,BLR-HYD,SpiceJet,15,3887,699,4586
2026-08-15,2026-08-30,BLR-HYD,SpiceJet,15,3075,553,3628
2026-08-15,2026-08-30,BLR-HYD,SpiceJet,15,3763,677,4440
2026-08-15,2026-08-30,BLR-HYD,SpiceJet,15,3144,565,3709
2026-08-15,2026-08-30,BLR-HYD,SpiceJet,15,3587,645,4232
2026-08-15,2026-08-22,BLR-HYD,SpiceJet,7,4446,800,5246
2026-08-15,2026-08-22,BLR-HYD,SpiceJet,7,4373,787,5160
2026-08-15,2026-08-22,BLR-HYD,SpiceJet,7,4943,889,5832
2026-08-15,2026-08-22,BLR-HYD,SpiceJet,7,4701,846,5547
2026-08-15,2026-08-22,BLR-HYD,SpiceJet,7,4626,832,5458
2026-08-15,2026-08-16,BLR-HYD,SpiceJet,1,6065,1091,7156
2026-08-15,2026-08-16,BLR-HYD,SpiceJet,1,7044,1267,8311
2026-08-15,2026-08-16,BLR-HYD,SpiceJet,1,7225,1300,8525
2026-08-15,2026-08-16,BLR-HYD,SpiceJet,1,7278,1310,8588
2026-08-15,2026-08-16,BLR-HYD,SpiceJet,1,7467,1344,8811
2026-08-16,2026-09-30,DEL-BOM,IndiGo,45,4781,860,5641
2026-08-16,2026-09-30,DEL-BOM,IndiGo,45,3814,686,4500
2026-08-16,2026-09-30,DEL-BOM,IndiGo,45,4450,801,5251
2026-08-16,2026-09-30,DEL-BOM,IndiGo,45,4748,854,5602
2026-08-16,2026-09-30,DEL-BOM,IndiGo,45,4428,797,5225
2026-08-16,2026-09-15,DEL-BOM,IndiGo,30,4791,862,5653
2026-08-16,2026-09-15,DEL-BOM,IndiGo,30,4817,867,5684
2026-08-16,2026-09-15,DEL-BOM,IndiGo,30,4672,840,5512
2026-08-16,2026-09-15,DEL-BOM,IndiGo,30,4294,772,5066
2026-08-16,2026-09-15,DEL-BOM,IndiGo,30,4271,768,5039
2026-08-16,2026-08-31,DEL-BOM,IndiGo,15,5216,938,6154
2026-08-16,2026-08-31,DEL-BOM,IndiGo,15,5994,1078,7072
2026-08-16,2026-08-31,DEL-BOM,IndiGo,15,6165,1109,7274
2026-08-16,2026-08-31,DEL-BOM,IndiGo,15,5540,997,6537
2026-08-16,2026-08-31,DEL-BOM,IndiGo,15,6264,1127,7391
2026-08-16,2026-08-23,DEL-BOM,IndiGo,7,7519,1353,8872
2026-08-16,2026-08-23,DEL-BOM,IndiGo,7,8523,1534,10057
2026-08-16,2026-08-23,DEL-BOM,IndiGo,7,7605,1368,8973
2026-08-16,2026-08-23,DEL-BOM,IndiGo,7,8126,1462,9588
2026-08-16,2026-08-23,DEL-BOM,IndiGo,7,7597,1367,8964
2026-08-16,2026-08-17,DEL-BOM,IndiGo,1,12699,2285,14984
2026-08-16,2026-08-17,DEL-BOM,IndiGo,1,12018,2163,14181
2026-08-16,2026-08-17,DEL-BOM,IndiGo,1,11803,2124,13927
2026-08-16,2026-08-17,DEL-BOM,IndiGo,1,12238,2202,14440
2026-08-16,2026-08-17,DEL-BOM,IndiGo,1,12728,2291,15019
2026-08-16,2026-09-30,DEL-BOM,Air India,45,4973,895,5868
2026-08-16,2026-09-30,DEL-BOM,Air India,45,4849,872,5721
2026-08-16,2026-09-30,DEL-BOM,Air India,45,5123,922,6045
2026-08-16,2026-09-30,DEL-BOM,Air India,45,5487,987,6474
2026-08-16,2026-09-30,DEL-BOM,Air India,45,4813,866,5679
2026-08-16,2026-09-15,DEL-BOM,Air India,30,5773,1039,6812
2026-08-16,2026-09-15,DEL-BOM,Air India,30,5899,1061,6960
2026-08-16,2026-09-15,DEL-BOM,Air India,30,5382,968,6350
2026-08-16,2026-09-15,DEL-BOM,Air India,30,5270,948,6218
2026-08-16,2026-09-15,DEL-BOM,Air India,30,5442,979,6421
2026-08-16,2026-08-31,DEL-BOM,Air India,15,7448,1340,8788
2026-08-16,2026-08-31,DEL-BOM,Air India,15,7458,1342,8800
2026-08-16,2026-08-31,DEL-BOM,Air India,15,6849,1232,8081
2026-08-16,2026-08-31,DEL-BOM,Air India,15,5926,1066,6992
2026-08-16,2026-08-31,DEL-BOM,Air India,15,6357,1144,7501
2026-08-16,2026-08-23,DEL-BOM,Air India,7,9263,1667,10930
2026-08-16,2026-08-23,DEL-BOM,Air India,7,8473,1525,9998
2026-08-16,2026-08-23,DEL-BOM,Air India,7,8498,1529,10027
2026-08-16,2026-08-23,DEL-BOM,Air India,7,9827,1768,11595
2026-08-16,2026-08-23,DEL-BOM,Air India,7,9127,1642,10769
2026-08-16,2026-08-17,DEL-BOM,Air India,1,11580,2084,13664
2026-08-16,2026-08-17,DEL-BOM,Air India,1,13987,2517,16504
2026-08-16,2026-08-17,DEL-BOM,Air India,1,12738,2292,15030
2026-08-16,2026-08-17,DEL-BOM,Air India,1,14161,2548,16709
2026-08-16,2026-08-17,DEL-BOM,Air India,1,13634,2454,16088
2026-08-16,2026-09-30,DEL-BOM,Akasa,45,4090,736,4826
2026-08-16,2026-09-30,DEL-BOM,Akasa,45,4186,753,4939
2026-08-16,2026-09-30,DEL-BOM,Akasa,45,4202,756,4958
2026-08-16,2026-09-30,DEL-BOM,Akasa,45,4303,774,5077
2026-08-16,2026-09-30,DEL-BOM,Akasa,45,4365,785,5150
2026-08-16,2026-09-15,DEL-BOM,Akasa,30,4117,741,4858
2026-08-16,2026-09-15,DEL-BOM,Akasa,30,3963,713,4676
2026-08-16,2026-09-15,DEL-BOM,Akasa,30,4047,728,4775
2026-08-16,2026-09-15,DEL-BOM,Akasa,30,4052,729,4781
2026-08-16,2026-09-15,DEL-BOM,Akasa,30,4596,827,5423
2026-08-16,2026-08-31,DEL-BOM,Akasa,15,4974,895,5869
2026-08-16,2026-08-31,DEL-BOM,Akasa,15,5602,1008,6610
2026-08-16,2026-08-31,DEL-BOM,Akasa,15,5535,996,6531
2026-08-16,2026-08-31,DEL-BOM,Akasa,15,4965,893,5858
2026-08-16,2026-08-31,DEL-BOM,Akasa,15,5326,958,6284
2026-08-16,2026-08-23,DEL-BOM,Akasa,7,7281,1310,8591
2026-08-16,2026-08-23,DEL-BOM,Akasa,7,6653,1197,7850
2026-08-16,2026-08-23,DEL-BOM,Akasa,7,6681,1202,7883
2026-08-16,2026-08-23,DEL-BOM,Akasa,7,7697,1385,9082
2026-08-16,2026-08-23,DEL-BOM,Akasa,7,8127,1462,9589
2026-08-16,2026-08-17,DEL-BOM,Akasa,1,10332,1859,12191
2026-08-16,2026-08-17,DEL-BOM,Akasa,1,10565,1901,12466
2026-08-16,2026-08-17,DEL-BOM,Akasa,1,10092,1816,11908
2026-08-16,2026-08-17,DEL-BOM,Akasa,1,10466,1883,12349
2026-08-16,2026-08-17,DEL-BOM,Akasa,1,10034,1806,11840
2026-08-16,2026-09-30,DEL-BOM,SpiceJet,45,3736,672,4408
2026-08-16,2026-09-30,DEL-BOM,SpiceJet,45,3569,642,4211
2026-08-16,2026-09-30,DEL-BOM,SpiceJet,45,4329,779,5108
2026-08-16,2026-09-30,DEL-BOM,SpiceJet,45,3662,659,4321
2026-08-16,2026-09-30,DEL-BOM,SpiceJet,45,3932,707,4639
2026-08-16,2026-09-15,DEL-BOM,SpiceJet,30,4098,737,4835
2026-08-16,2026-09-15,DEL-BOM,SpiceJet,30,3790,682,4472
2026-08-16,2026-09-15,DEL-BOM,SpiceJet,30,4278,770,5048
2026-08-16,2026-09-15,DEL-BOM,SpiceJet,30,4197,755,4952
2026-08-16,2026-09-15,DEL-BOM,SpiceJet,30,4443,799,5242
2026-08-16,2026-08-31,DEL-BOM,SpiceJet,15,5315,956,6271
2026-08-16,2026-08-31,DEL-BOM,SpiceJet,15,4948,890,5838
2026-08-16,2026-08-31,DEL-BOM,SpiceJet,15,5052,909,5961
2026-08-16,2026-08-31,DEL-BOM,SpiceJet,15,4940,889,5829
2026-08-16,2026-08-31,DEL-BOM,SpiceJet,15,4660,838,5498
2026-08-16,2026-08-23,DEL-BOM,SpiceJet,7,6513,1172,7685
2026-08-16,2026-08-23,DEL-BOM,SpiceJet,7,6310,1135,7445
2026-08-16,2026-08-23,DEL-BOM,SpiceJet,7,6477,1165,7642
2026-08-16,2026-08-23,DEL-BOM,SpiceJet,7,6877,1237,8114
2026-08-16,2026-08-23,DEL-BOM,SpiceJet,7,7407,1333,8740
2026-08-16,2026-08-17,DEL-BOM,SpiceJet,1,11422,2055,13477
2026-08-16,2026-08-17,DEL-BOM,SpiceJet,1,10628,1913,12541
2026-08-16,2026-08-17,DEL-BOM,SpiceJet,1,9186,1653,10839
2026-08-16,2026-08-17,DEL-BOM,SpiceJet,1,11134,2004,13138
2026-08-16,2026-08-17,DEL-BOM,SpiceJet,1,10827,1948,12775
2026-08-16,2026-09-30,DEL-BLR,IndiGo,45,5565,1001,6566
2026-08-16,2026-09-30,DEL-BLR,IndiGo,45,6302,1134,7436
2026-08-16,2026-09-30,DEL-BLR,IndiGo,45,5118,921,6039
2026-08-16,2026-09-30,DEL-BLR,IndiGo,45,5320,957,6277
2026-08-16,2026-09-30,DEL-BLR,IndiGo,45,5431,977,6408
2026-08-16,2026-09-15,DEL-BLR,IndiGo,30,5463,983,6446
2026-08-16,2026-09-15,DEL-BLR,IndiGo,30,6125,1102,7227
2026-08-16,2026-09-15,DEL-BLR,IndiGo,30,5625,1012,6637
2026-08-16,2026-09-15,DEL-BLR,IndiGo,30,6273,1129,7402
2026-08-16,2026-09-15,DEL-BLR,IndiGo,30,6809,1225,8034
2026-08-16,2026-08-31,DEL-BLR,IndiGo,15,6740,1213,7953
2026-08-16,2026-08-31,DEL-BLR,IndiGo,15,8343,1501,9844
2026-08-16,2026-08-31,DEL-BLR,IndiGo,15,7174,1291,8465
2026-08-16,2026-08-31,DEL-BLR,IndiGo,15,8252,1485,9737
2026-08-16,2026-08-31,DEL-BLR,IndiGo,15,6741,1213,7954
2026-08-16,2026-08-23,DEL-BLR,IndiGo,7,10326,1858,12184
2026-08-16,2026-08-23,DEL-BLR,IndiGo,7,9925,1786,11711
2026-08-16,2026-08-23,DEL-BLR,IndiGo,7,11182,2012,13194
2026-08-16,2026-08-23,DEL-BLR,IndiGo,7,8956,1612,10568
2026-08-16,2026-08-23,DEL-BLR,IndiGo,7,9739,1753,11492
2026-08-16,2026-08-17,DEL-BLR,IndiGo,1,14634,2634,17268
2026-08-16,2026-08-17,DEL-BLR,IndiGo,1,13924,2506,16430
2026-08-16,2026-08-17,DEL-BLR,IndiGo,1,13339,2401,15740
2026-08-16,2026-08-17,DEL-BLR,IndiGo,1,13389,2410,15799
2026-08-16,2026-08-17,DEL-BLR,IndiGo,1,13173,2371,15544
2026-08-16,2026-09-30,DEL-BLR,Air India,45,6277,1129,7406
2026-08-16,2026-09-30,DEL-BLR,Air India,45,5771,1038,6809
2026-08-16,2026-09-30,DEL-BLR,Air India,45,6546,1178,7724
2026-08-16,2026-09-30,DEL-BLR,Air India,45,6568,1182,7750
2026-08-16,2026-09-30,DEL-BLR,Air India,45,7250,1305,8555
2026-08-16,2026-09-15,DEL-BLR,Air India,30,6283,1130,7413
2026-08-16,2026-09-15,DEL-BLR,Air India,30,7015,1262,8277
2026-08-16,2026-09-15,DEL-BLR,Air India,30,7739,1393,9132
2026-08-16,2026-09-15,DEL-BLR,Air India,30,7291,1312,8603
2026-08-16,2026-09-15,DEL-BLR,Air India,30,7349,1322,8671
2026-08-16,2026-08-31,DEL-BLR,Air India,15,8500,1530,10030
2026-08-16,2026-08-31,DEL-BLR,Air India,15,8280,1490,9770
2026-08-16,2026-08-31,DEL-BLR,Air India,15,8144,1465,9609
2026-08-16,2026-08-31,DEL-BLR,Air India,15,8337,1500,9837
2026-08-16,2026-08-31,DEL-BLR,Air India,15,9815,1766,11581
2026-08-16,2026-08-23,DEL-BLR,Air India,7,12747,2294,15041
2026-08-16,2026-08-23,DEL-BLR,Air India,7,10574,1903,12477
2026-08-16,2026-08-23,DEL-BLR,Air India,7,10557,1900,12457
2026-08-16,2026-08-23,DEL-BLR,Air India,7,11821,2127,13948
2026-08-16,2026-08-23,DEL-BLR,Air India,7,10794,1942,12736
2026-08-16,2026-08-17,DEL-BLR,Air India,1,15903,2862,18765
2026-08-16,2026-08-17,DEL-BLR,Air India,1,15378,2768,18146
2026-08-16,2026-08-17,DEL-BLR,Air India,1,18201,3276,21477
2026-08-16,2026-08-17,DEL-BLR,Air India,1,17424,3136,20560
2026-08-16,2026-08-17,DEL-BLR,Air India,1,18476,3325,21801
2026-08-16,2026-09-30,DEL-BLR,Akasa,45,5396,971,6367
2026-08-16,2026-09-30,DEL-BLR,Akasa,45,5548,998,6546
2026-08-16,2026-09-30,DEL-BLR,Akasa,45,5711,1027,6738
2026-08-16,2026-09-30,DEL-BLR,Akasa,45,5382,968,6350
2026-08-16,2026-09-30,DEL-BLR,Akasa,45,5577,1003,6580
2026-08-16,2026-09-15,DEL-BLR,Akasa,30,5847,1052,6899
2026-08-16,2026-09-15,DEL-BLR,Akasa,30,6402,1152,7554
2026-08-16,2026-09-15,DEL-BLR,Akasa,30,6071,1092,7163
2026-08-16,2026-09-15,DEL-BLR,Akasa,30,5697,1025,6722
2026-08-16,2026-09-15,DEL-BLR,Akasa,30,5961,1072,7033
2026-08-16,2026-08-31,DEL-BLR,Akasa,15,8078,1454,9532
2026-08-16,2026-08-31,DEL-BLR,Akasa,15,6353,1143,7496
2026-08-16,2026-08-31,DEL-BLR,Akasa,15,6403,1152,7555
2026-08-16,2026-08-31,DEL-BLR,Akasa,15,7902,1422,9324
2026-08-16,2026-08-31,DEL-BLR,Akasa,15,6354,1143,7497
2026-08-16,2026-08-23,DEL-BLR,Akasa,7,9751,1755,11506
2026-08-16,2026-08-23,DEL-BLR,Akasa,7,9613,1730,11343
2026-08-16,2026-08-23,DEL-BLR,Akasa,7,10030,1805,11835
2026-08-16,2026-08-23,DEL-BLR,Akasa,7,10097,1817,11914
2026-08-16,2026-08-23,DEL-BLR,Akasa,7,9702,1746,11448
2026-08-16,2026-08-17,DEL-BLR,Akasa,1,13793,2482,16275
2026-08-16,2026-08-17,DEL-BLR,Akasa,1,13009,2341,15350
2026-08-16,2026-08-17,DEL-BLR,Akasa,1,15650,2817,18467
2026-08-16,2026-08-17,DEL-BLR,Akasa,1,13525,2434,15959
2026-08-16,2026-08-17,DEL-BLR,Akasa,1,13915,2504,16419
2026-08-16,2026-09-30,DEL-BLR,SpiceJet,45,5195,935,6130
2026-08-16,2026-09-30,DEL-BLR,SpiceJet,45,5294,952,6246
2026-08-16,2026-09-30,DEL-BLR,SpiceJet,45,5103,918,6021
2026-08-16,2026-09-30,DEL-BLR,SpiceJet,45,4465,803,5268
2026-08-16,2026-09-30,DEL-BLR,SpiceJet,45,5011,901,5912
2026-08-16,2026-09-15,DEL-BLR,SpiceJet,30,5703,1026,6729
2026-08-16,2026-09-15,DEL-BLR,SpiceJet,30,5117,921,6038
2026-08-16,2026-09-15,DEL-BLR,SpiceJet,30,5916,1064,6980
2026-08-16,2026-09-15,DEL-BLR,SpiceJet,30,5463,983,6446
2026-08-16,2026-09-15,DEL-BLR,SpiceJet,30,5166,929,6095
2026-08-16,2026-08-31,DEL-BLR,SpiceJet,15,7270,1308,8578
2026-08-16,2026-08-31,DEL-BLR,SpiceJet,15,7622,1371,8993
2026-08-16,2026-08-31,DEL-BLR,SpiceJet,15,6044,1087,7131
2026-08-16,2026-08-31,DEL-BLR,SpiceJet,15,6487,1167,7654
2026-08-16,2026-08-31,DEL-BLR,SpiceJet,15,6639,1195,7834
2026-08-16,2026-08-23,DEL-BLR,SpiceJet,7,8444,1519,9963
2026-08-16,2026-08-23,DEL-BLR,SpiceJet,7,9883,1778,11661
2026-08-16,2026-08-23,DEL-BLR,SpiceJet,7,9284,1671,10955
2026-08-16,2026-08-23,DEL-BLR,SpiceJet,7,9329,1679,11008
2026-08-16,2026-08-23,DEL-BLR,SpiceJet,7,8878,1598,10476
2026-08-16,2026-08-17,DEL-BLR,SpiceJet,1,12625,2272,14897
2026-08-16,2026-08-17,DEL-BLR,SpiceJet,1,12850,2313,15163
2026-08-16,2026-08-17,DEL-BLR,SpiceJet,1,15020,2703,17723
2026-08-16,2026-08-17,DEL-BLR,SpiceJet,1,12301,2214,14515
2026-08-16,2026-08-17,DEL-BLR,SpiceJet,1,14101,2538,16639
2026-08-16,2026-09-30,BOM-BLR,IndiGo,45,3197,575,3772
2026-08-16,2026-09-30,BOM-BLR,IndiGo,45,3872,696,4568
2026-08-16,2026-09-30,BOM-BLR,IndiGo,45,3691,664,4355
2026-08-16,2026-09-30,BOM-BLR,IndiGo,45,3386,609,3995
2026-08-16,2026-09-30,BOM-BLR,IndiGo,45,4003,720,4723
2026-08-16,2026-09-15,BOM-BLR,IndiGo,30,4131,743,4874
2026-08-16,2026-09-15,BOM-BLR,IndiGo,30,3820,687,4507
2026-08-16,2026-09-15,BOM-BLR,IndiGo,30,3773,679,4452
2026-08-16,2026-09-15,BOM-BLR,IndiGo,30,3960,712,4672
2026-08-16,2026-09-15,BOM-BLR,IndiGo,30,3874,697,4571
2026-08-16,2026-08-31,BOM-BLR,IndiGo,15,4497,809,5306
2026-08-16,2026-08-31,BOM-BLR,IndiGo,15,4950,891,5841
2026-08-16,2026-08-31,BOM-BLR,IndiGo,15,4738,852,5590
2026-08-16,2026-08-31,BOM-BLR,IndiGo,15,5331,959,6290
2026-08-16,2026-08-31,BOM-BLR,IndiGo,15,4629,833,5462
2026-08-16,2026-08-23,BOM-BLR,IndiGo,7,6022,1083,7105
2026-08-16,2026-08-23,BOM-BLR,IndiGo,7,6546,1178,7724
2026-08-16,2026-08-23,BOM-BLR,IndiGo,7,6366,1145,7511
2026-08-16,2026-08-23,BOM-BLR,IndiGo,7,5951,1071,7022
2026-08-16,2026-08-23,BOM-BLR,IndiGo,7,6411,1153,7564
2026-08-16,2026-08-17,BOM-BLR,IndiGo,1,10111,1819,11930
2026-08-16,2026-08-17,BOM-BLR,IndiGo,1,10476,1885,12361
2026-08-16,2026-08-17,BOM-BLR,IndiGo,1,10303,1854,12157
2026-08-16,2026-08-17,BOM-BLR,IndiGo,1,8768,1578,10346
2026-08-16,2026-08-17,BOM-BLR,IndiGo,1,9845,1772,11617
2026-08-16,2026-09-30,BOM-BLR,Air India,45,4522,813,5335
2026-08-16,2026-09-30,BOM-BLR,Air India,45,4243,763,5006
2026-08-16,2026-09-30,BOM-BLR,Air India,45,4014,722,4736
2026-08-16,2026-09-30,BOM-BLR,Air India,45,3771,678,4449
2026-08-16,2026-09-30,BOM-BLR,Air India,45,4513,812,5325
2026-08-16,2026-09-15,BOM-BLR,Air India,30,4659,838,5497
2026-08-16,2026-09-15,BOM-BLR,Air India,30,4384,789,5173
2026-08-16,2026-09-15,BOM-BLR,Air India,30,4787,861,5648
2026-08-16,2026-09-15,BOM-BLR,Air India,30,4476,805,5281
2026-08-16,2026-09-15,BOM-BLR,Air India,30,4914,884,5798
2026-08-16,2026-08-31,BOM-BLR,Air India,15,5048,908,5956
2026-08-16,2026-08-31,BOM-BLR,Air India,15,5352,963,6315
2026-08-16,2026-08-31,BOM-BLR,Air India,15,5550,999,6549
2026-08-16,2026-08-31,BOM-BLR,Air India,15,5187,933,6120
2026-08-16,2026-08-31,BOM-BLR,Air India,15,4989,898,5887
2026-08-16,2026-08-23,BOM-BLR,Air India,7,6983,1256,8239
2026-08-16,2026-08-23,BOM-BLR,Air India,7,7178,1292,8470
2026-08-16,2026-08-23,BOM-BLR,Air India,7,7400,1332,8732
2026-08-16,2026-08-23,BOM-BLR,Air India,7,6575,1183,7758
2026-08-16,2026-08-23,BOM-BLR,Air India,7,7110,1279,8389
2026-08-16,2026-08-17,BOM-BLR,Air India,1,10181,1832,12013
2026-08-16,2026-08-17,BOM-BLR,Air India,1,10865,1955,12820
2026-08-16,2026-08-17,BOM-BLR,Air India,1,11808,2125,13933
2026-08-16,2026-08-17,BOM-BLR,Air India,1,9817,1767,11584
2026-08-16,2026-08-17,BOM-BLR,Air India,1,11335,2040,13375
2026-08-16,2026-09-30,BOM-BLR,Akasa,45,3611,649,4260
2026-08-16,2026-09-30,BOM-BLR,Akasa,45,3567,642,4209
2026-08-16,2026-09-30,BOM-BLR,Akasa,45,3403,612,4015
2026-08-16,2026-09-30,BOM-BLR,Akasa,45,3781,680,4461
2026-08-16,2026-09-30,BOM-BLR,Akasa,45,3048,548,3596
2026-08-16,2026-09-15,BOM-BLR,Akasa,30,4005,720,4725
2026-08-16,2026-09-15,BOM-BLR,Akasa,30,3486,627,4113
2026-08-16,2026-09-15,BOM-BLR,Akasa,30,3350,603,3953
2026-08-16,2026-09-15,BOM-BLR,Akasa,30,4140,745,4885
2026-08-16,2026-09-15,BOM-BLR,Akasa,30,3975,715,4690
2026-08-16,2026-08-31,BOM-BLR,Akasa,15,4410,793,5203
2026-08-16,2026-08-31,BOM-BLR,Akasa,15,4073,733,4806
2026-08-16,2026-08-31,BOM-BLR,Akasa,15,5075,913,5988
2026-08-16,2026-08-31,BOM-BLR,Akasa,15,4488,807,5295
2026-08-16,2026-08-31,BOM-BLR,Akasa,15,4638,834,5472
2026-08-16,2026-08-23,BOM-BLR,Akasa,7,5506,991,6497
2026-08-16,2026-08-23,BOM-BLR,Akasa,7,6530,1175,7705
2026-08-16,2026-08-23,BOM-BLR,Akasa,7,6452,1161,7613
2026-08-16,2026-08-23,BOM-BLR,Akasa,7,5407,973,6380
2026-08-16,2026-08-23,BOM-BLR,Akasa,7,6869,1236,8105
2026-08-16,2026-08-17,BOM-BLR,Akasa,1,8859,1594,10453
2026-08-16,2026-08-17,BOM-BLR,Akasa,1,8901,1602,10503
2026-08-16,2026-08-17,BOM-BLR,Akasa,1,9233,1661,10894
2026-08-16,2026-08-17,BOM-BLR,Akasa,1,8170,1470,9640
2026-08-16,2026-08-17,BOM-BLR,Akasa,1,8262,1487,9749
2026-08-16,2026-09-30,BOM-BLR,SpiceJet,45,2873,517,3390
2026-08-16,2026-09-30,BOM-BLR,SpiceJet,45,3416,614,4030
2026-08-16,2026-09-30,BOM-BLR,SpiceJet,45,3544,637,4181
2026-08-16,2026-09-30,BOM-BLR,SpiceJet,45,2860,514,3374
2026-08-16,2026-09-30,BOM-BLR,SpiceJet,45,3568,642,4210
2026-08-16,2026-09-15,BOM-BLR,SpiceJet,30,3229,581,3810
2026-08-16,2026-09-15,BOM-BLR,SpiceJet,30,3702,666,4368
2026-08-16,2026-09-15,BOM-BLR,SpiceJet,30,3121,561,3682
2026-08-16,2026-09-15,BOM-BLR,SpiceJet,30,3393,610,4003
2026-08-16,2026-09-15,BOM-BLR,SpiceJet,30,3714,668,4382
2026-08-16,2026-08-31,BOM-BLR,SpiceJet,15,4316,776,5092
2026-08-16,2026-08-31,BOM-BLR,SpiceJet,15,3896,701,4597
2026-08-16,2026-08-31,BOM-BLR,SpiceJet,15,4861,874,5735
2026-08-16,2026-08-31,BOM-BLR,SpiceJet,15,4643,835,5478
2026-08-16,2026-08-31,BOM-BLR,SpiceJet,15,4380,788,5168
2026-08-16,2026-08-23,BOM-BLR,SpiceJet,7,6068,1092,7160
2026-08-16,2026-08-23,BOM-BLR,SpiceJet,7,5370,966,6336
2026-08-16,2026-08-23,BOM-BLR,SpiceJet,7,5828,1049,6877
2026-08-16,2026-08-23,BOM-BLR,SpiceJet,7,5330,959,6289
2026-08-16,2026-08-23,BOM-BLR,SpiceJet,7,5422,975,6397
2026-08-16,2026-08-17,BOM-BLR,SpiceJet,1,7619,1371,8990
2026-08-16,2026-08-17,BOM-BLR,SpiceJet,1,9033,1625,10658
2026-08-16,2026-08-17,BOM-BLR,SpiceJet,1,9171,1650,10821
2026-08-16,2026-08-17,BOM-BLR,SpiceJet,1,9359,1684,11043
2026-08-16,2026-08-17,BOM-BLR,SpiceJet,1,8576,1543,10119
2026-08-16,2026-09-30,DEL-CCU,IndiGo,45,4364,785,5149
2026-08-16,2026-09-30,DEL-CCU,IndiGo,45,4451,801,5252
2026-08-16,2026-09-30,DEL-CCU,IndiGo,45,5250,945,6195
2026-08-16,2026-09-30,DEL-CCU,IndiGo,45,5185,933,6118
2026-08-16,2026-09-30,DEL-CCU,IndiGo,45,5269,948,6217
2026-08-16,2026-09-15,DEL-CCU,IndiGo,30,6062,1091,7153
2026-08-16,2026-09-15,DEL-CCU,IndiGo,30,5146,926,6072
2026-08-16,2026-09-15,DEL-CCU,IndiGo,30,4894,880,5774
2026-08-16,2026-09-15,DEL-CCU,IndiGo,30,5740,1033,6773
2026-08-16,2026-09-15,DEL-CCU,IndiGo,30,5337,960,6297
2026-08-16,2026-08-31,DEL-CCU,IndiGo,15,6369,1146,7515
2026-08-16,2026-08-31,DEL-CCU,IndiGo,15,6077,1093,7170
2026-08-16,2026-08-31,DEL-CCU,IndiGo,15,5896,1061,6957
2026-08-16,2026-08-31,DEL-CCU,IndiGo,15,6861,1234,8095
2026-08-16,2026-08-31,DEL-CCU,IndiGo,15,6915,1244,8159
2026-08-16,2026-08-23,DEL-CCU,IndiGo,7,9268,1668,10936
2026-08-16,2026-08-23,DEL-CCU,IndiGo,7,9099,1637,10736
2026-08-16,2026-08-23,DEL-CCU,IndiGo,7,8899,1601,10500
2026-08-16,2026-08-23,DEL-CCU,IndiGo,7,8261,1486,9747
2026-08-16,2026-08-23,DEL-CCU,IndiGo,7,8614,1550,10164
2026-08-16,2026-08-17,DEL-CCU,IndiGo,1,13863,2495,16358
2026-08-16,2026-08-17,DEL-CCU,IndiGo,1,13629,2453,16082
2026-08-16,2026-08-17,DEL-CCU,IndiGo,1,13539,2437,15976
2026-08-16,2026-08-17,DEL-CCU,IndiGo,1,13004,2340,15344
2026-08-16,2026-08-17,DEL-CCU,IndiGo,1,13765,2477,16242
2026-08-16,2026-09-30,DEL-CCU,Air India,45,5628,1013,6641
2026-08-16,2026-09-30,DEL-CCU,Air India,45,6200,1116,7316
2026-08-16,2026-09-30,DEL-CCU,Air India,45,5819,1047,6866
2026-08-16,2026-09-30,DEL-CCU,Air India,45,6307,1135,7442
2026-08-16,2026-09-30,DEL-CCU,Air India,45,5346,962,6308
2026-08-16,2026-09-15,DEL-CCU,Air India,30,5745,1034,6779
2026-08-16,2026-09-15,DEL-CCU,Air India,30,5736,1032,6768
2026-08-16,2026-09-15,DEL-CCU,Air India,30,5897,1061,6958
2026-08-16,2026-09-15,DEL-CCU,Air India,30,5873,1057,6930
2026-08-16,2026-09-15,DEL-CCU,Air India,30,5586,1005,6591
2026-08-16,2026-08-31,DEL-CCU,Air India,15,7354,1323,8677
2026-08-16,2026-08-31,DEL-CCU,Air India,15,7761,1396,9157
2026-08-16,2026-08-31,DEL-CCU,Air India,15,8295,1493,9788
2026-08-16,2026-08-31,DEL-CCU,Air India,15,8562,1541,10103
2026-08-16,2026-08-31,DEL-CCU,Air India,15,8304,1494,9798
2026-08-16,2026-08-23,DEL-CCU,Air India,7,10295,1853,12148
2026-08-16,2026-08-23,DEL-CCU,Air India,7,9848,1772,11620
2026-08-16,2026-08-23,DEL-CCU,Air India,7,10220,1839,12059
2026-08-16,2026-08-23,DEL-CCU,Air India,7,11407,2053,13460
2026-08-16,2026-08-23,DEL-CCU,Air India,7,10911,1963,12874
2026-08-16,2026-08-17,DEL-CCU,Air India,1,13210,2377,15587
2026-08-16,2026-08-17,DEL-CCU,Air India,1,14207,2557,16764
2026-08-16,2026-08-17,DEL-CCU,Air India,1,16246,2924,19170
2026-08-16,2026-08-17,DEL-CCU,Air India,1,15596,2807,18403
2026-08-16,2026-08-17,DEL-CCU,Air India,1,15588,2805,18393
2026-08-16,2026-09-30,DEL-CCU,Akasa,45,4995,899,5894
2026-08-16,2026-09-30,DEL-CCU,Akasa,45,4540,817,5357
2026-08-16,2026-09-30,DEL-CCU,Akasa,45,5092,916,6008
2026-08-16,2026-09-30,DEL-CCU,Akasa,45,4151,747,4898
2026-08-16,2026-09-30,DEL-CCU,Akasa,45,5080,914,5994
2026-08-16,2026-09-15,DEL-CCU,Akasa,30,5507,991,6498
2026-08-16,2026-09-15,DEL-CCU,Akasa,30,4597,827,5424
2026-08-16,2026-09-15,DEL-CCU,Akasa,30,5430,977,6407
2026-08-16,2026-09-15,DEL-CCU,Akasa,30,4913,884,5797
2026-08-16,2026-09-15,DEL-CCU,Akasa,30,5051,909,5960
2026-08-16,2026-08-31,DEL-CCU,Akasa,15,6703,1206,7909
2026-08-16,2026-08-31,DEL-CCU,Akasa,15,6827,1228,8055
2026-08-16,2026-08-31,DEL-CCU,Akasa,15,6507,1171,7678
2026-08-16,2026-08-31,DEL-CCU,Akasa,15,6022,1083,7105
2026-08-16,2026-08-31,DEL-CCU,Akasa,15,7046,1268,8314
2026-08-16,2026-08-23,DEL-CCU,Akasa,7,7683,1382,9065
2026-08-16,2026-08-23,DEL-CCU,Akasa,7,7542,1357,8899
2026-08-16,2026-08-23,DEL-CCU,Akasa,7,7406,1333,8739
2026-08-16,2026-08-23,DEL-CCU,Akasa,7,8400,1512,9912
2026-08-16,2026-08-23,DEL-CCU,Akasa,7,8956,1612,10568
2026-08-16,2026-08-17,DEL-CCU,Akasa,1,11899,2141,14040
2026-08-16,2026-08-17,DEL-CCU,Akasa,1,11617,2091,13708
2026-08-16,2026-08-17,DEL-CCU,Akasa,1,12895,2321,15216
2026-08-16,2026-08-17,DEL-CCU,Akasa,1,12977,2335,15312
2026-08-16,2026-08-17,DEL-CCU,Akasa,1,12537,2256,14793
2026-08-16,2026-09-30,DEL-CCU,SpiceJet,45,4317,777,5094
2026-08-16,2026-09-30,DEL-CCU,SpiceJet,45,4780,860,5640
2026-08-16,2026-09-30,DEL-CCU,SpiceJet,45,4328,779,5107
2026-08-16,2026-09-30,DEL-CCU,SpiceJet,45,4364,785,5149
2026-08-16,2026-09-30,DEL-CCU,SpiceJet,45,4606,829,5435
2026-08-16,2026-09-15,DEL-CCU,SpiceJet,30,4947,890,5837
2026-08-16,2026-09-15,DEL-CCU,SpiceJet,30,5037,906,5943
2026-08-16,2026-09-15,DEL-CCU,SpiceJet,30,4849,872,5721
2026-08-16,2026-09-15,DEL-CCU,SpiceJet,30,4402,792,5194
2026-08-16,2026-09-15,DEL-CCU,SpiceJet,30,4451,801,5252
2026-08-16,2026-08-31,DEL-CCU,SpiceJet,15,5850,1053,6903
2026-08-16,2026-08-31,DEL-CCU,SpiceJet,15,5767,1038,6805
2026-08-16,2026-08-31,DEL-CCU,SpiceJet,15,6359,1144,7503
2026-08-16,2026-08-31,DEL-CCU,SpiceJet,15,6503,1170,7673
2026-08-16,2026-08-31,DEL-CCU,SpiceJet,15,6484,1167,7651
2026-08-16,2026-08-23,DEL-CCU,SpiceJet,7,8089,1456,9545
2026-08-16,2026-08-23,DEL-CCU,SpiceJet,7,7700,1386,9086
2026-08-16,2026-08-23,DEL-CCU,SpiceJet,7,7436,1338,8774
2026-08-16,2026-08-23,DEL-CCU,SpiceJet,7,8712,1568,10280
2026-08-16,2026-08-23,DEL-CCU,SpiceJet,7,8246,1484,9730
2026-08-16,2026-08-17,DEL-CCU,SpiceJet,1,11087,1995,13082
2026-08-16,2026-08-17,DEL-CCU,SpiceJet,1,12629,2273,14902
2026-08-16,2026-08-17,DEL-CCU,SpiceJet,1,11129,2003,13132
2026-08-16,2026-08-17,DEL-CCU,SpiceJet,1,11520,2073,13593
2026-08-16,2026-08-17,DEL-CCU,SpiceJet,1,10456,1882,12338
2026-08-16,2026-09-30,BLR-HYD,IndiGo,45,2931,527,3458
2026-08-16,2026-09-30,BLR-HYD,IndiGo,45,3053,549,3602
2026-08-16,2026-09-30,BLR-HYD,IndiGo,45,2886,519,3405
2026-08-16,2026-09-30,BLR-HYD,IndiGo,45,2656,478,3134
2026-08-16,2026-09-30,BLR-HYD,IndiGo,45,2844,511,3355
2026-08-16,2026-09-15,BLR-HYD,IndiGo,30,3242,583,3825
2026-08-16,2026-09-15,BLR-HYD,IndiGo,30,2810,505,3315
2026-08-16,2026-09-15,BLR-HYD,IndiGo,30,3331,599,3930
2026-08-16,2026-09-15,BLR-HYD,IndiGo,30,3022,543,3565
2026-08-16,2026-09-15,BLR-HYD,IndiGo,30,3209,577,3786
2026-08-16,2026-08-31,BLR-HYD,IndiGo,15,4048,728,4776
2026-08-16,2026-08-31,BLR-HYD,IndiGo,15,3687,663,4350
2026-08-16,2026-08-31,BLR-HYD,IndiGo,15,4014,722,4736
2026-08-16,2026-08-31,BLR-HYD,IndiGo,15,3724,670,4394
2026-08-16,2026-08-31,BLR-HYD,IndiGo,15,3650,657,4307
2026-08-16,2026-08-23,BLR-HYD,IndiGo,7,4964,893,5857
2026-08-16,2026-08-23,BLR-HYD,IndiGo,7,5317,957,6274
2026-08-16,2026-08-23,BLR-HYD,IndiGo,7,5203,936,6139
2026-08-16,2026-08-23,BLR-HYD,IndiGo,7,4870,876,5746
2026-08-16,2026-08-23,BLR-HYD,IndiGo,7,5575,1003,6578
2026-08-16,2026-08-17,BLR-HYD,IndiGo,1,7132,1283,8415
2026-08-16,2026-08-17,BLR-HYD,IndiGo,1,6924,1246,8170
2026-08-16,2026-08-17,BLR-HYD,IndiGo,1,7081,1274,8355
2026-08-16,2026-08-17,BLR-HYD,IndiGo,1,7420,1335,8755
2026-08-16,2026-08-17,BLR-HYD,IndiGo,1,7762,1397,9159
2026-08-16,2026-09-30,BLR-HYD,Air India,45,3443,619,4062
2026-08-16,2026-09-30,BLR-HYD,Air India,45,3658,658,4316
2026-08-16,2026-09-30,BLR-HYD,Air India,45,3630,653,4283
2026-08-16,2026-09-30,BLR-HYD,Air India,45,3031,545,3576
2026-08-16,2026-09-30,BLR-HYD,Air India,45,3610,649,4259
2026-08-16,2026-09-15,BLR-HYD,Air India,30,3908,703,4611
2026-08-16,2026-09-15,BLR-HYD,Air India,30,4065,731,4796
2026-08-16,2026-09-15,BLR-HYD,Air India,30,3998,719,4717
2026-08-16,2026-09-15,BLR-HYD,Air India,30,3814,686,4500
2026-08-16,2026-09-15,BLR-HYD,Air India,30,3231,581,3812
2026-08-16,2026-08-31,BLR-HYD,Air India,15,4472,804,5276
2026-08-16,2026-08-31,BLR-HYD,Air India,15,4414,794,5208
2026-08-16,2026-08-31,BLR-HYD,Air India,15,4704,846,5550
2026-08-16,2026-08-31,BLR-HYD,Air India,15,4634,834,5468
2026-08-16,2026-08-31,BLR-HYD,Air India,15,4949,890,5839
2026-08-16,2026-08-23,BLR-HYD,Air India,7,6583,1184,7767
2026-08-16,2026-08-23,BLR-HYD,Air India,7,6014,1082,7096
2026-08-16,2026-08-23,BLR-HYD,Air India,7,5472,984,6456
2026-08-16,2026-08-23,BLR-HYD,Air India,7,5872,1056,6928
2026-08-16,2026-08-23,BLR-HYD,Air India,7,5786,1041,6827
2026-08-16,2026-08-17,BLR-HYD,Air India,1,9369,1686,11055
2026-08-16,2026-08-17,BLR-HYD,Air India,1,7722,1389,9111
2026-08-16,2026-08-17,BLR-HYD,Air India,1,7778,1400,9178
2026-08-16,2026-08-17,BLR-HYD,Air India,1,9119,1641,10760
2026-08-16,2026-08-17,BLR-HYD,Air India,1,8351,1503,9854
2026-08-16,2026-09-30,BLR-HYD,Akasa,45,2411,433,2844
2026-08-16,2026-09-30,BLR-HYD,Akasa,45,2633,473,3106
2026-08-16,2026-09-30,BLR-HYD,Akasa,45,2654,477,3131
2026-08-16,2026-09-30,BLR-HYD,Akasa,45,2822,507,3329
2026-08-16,2026-09-30,BLR-HYD,Akasa,45,2695,485,3180
2026-08-16,2026-09-15,BLR-HYD,Akasa,30,3257,586,3843
2026-08-16,2026-09-15,BLR-HYD,Akasa,30,2805,504,3309
2026-08-16,2026-09-15,BLR-HYD,Akasa,30,2852,513,3365
2026-08-16,2026-09-15,BLR-HYD,Akasa,30,2866,515,3381
2026-08-16,2026-09-15,BLR-HYD,Akasa,30,2654,477,3131
2026-08-16,2026-08-31,BLR-HYD,Akasa,15,3256,586,3842
2026-08-16,2026-08-31,BLR-HYD,Akasa,15,3383,608,3991
2026-08-16,2026-08-31,BLR-HYD,Akasa,15,3293,592,3885
2026-08-16,2026-08-31,BLR-HYD,Akasa,15,3839,691,4530
2026-08-16,2026-08-31,BLR-HYD,Akasa,15,3495,629,4124
2026-08-16,2026-08-23,BLR-HYD,Akasa,7,4403,792,5195
2026-08-16,2026-08-23,BLR-HYD,Akasa,7,4946,890,5836
2026-08-16,2026-08-23,BLR-HYD,Akasa,7,4611,829,5440
2026-08-16,2026-08-23,BLR-HYD,Akasa,7,5312,956,6268
2026-08-16,2026-08-23,BLR-HYD,Akasa,7,5202,936,6138
2026-08-16,2026-08-17,BLR-HYD,Akasa,1,7421,1335,8756
2026-08-16,2026-08-17,BLR-HYD,Akasa,1,6412,1154,7566
2026-08-16,2026-08-17,BLR-HYD,Akasa,1,8021,1443,9464
2026-08-16,2026-08-17,BLR-HYD,Akasa,1,6802,1224,8026
2026-08-16,2026-08-17,BLR-HYD,Akasa,1,7315,1316,8631
2026-08-16,2026-09-30,BLR-HYD,SpiceJet,45,2532,455,2987
2026-08-16,2026-09-30,BLR-HYD,SpiceJet,45,2866,515,3381
2026-08-16,2026-09-30,BLR-HYD,SpiceJet,45,2407,433,2840
2026-08-16,2026-09-30,BLR-HYD,SpiceJet,45,2772,498,3270
2026-08-16,2026-09-30,BLR-HYD,SpiceJet,45,2667,480,3147
2026-08-16,2026-09-15,BLR-HYD,SpiceJet,30,2621,471,3092
2026-08-16,2026-09-15,BLR-HYD,SpiceJet,30,3141,565,3706
2026-08-16,2026-09-15,BLR-HYD,SpiceJet,30,2698,485,3183
2026-08-16,2026-09-15,BLR-HYD,SpiceJet,30,2752,495,3247
2026-08-16,2026-09-15,BLR-HYD,SpiceJet,30,2976,535,3511
2026-08-16,2026-08-31,BLR-HYD,SpiceJet,15,3110,559,3669
2026-08-16,2026-08-31,BLR-HYD,SpiceJet,15,3191,574,3765
2026-08-16,2026-08-31,BLR-HYD,SpiceJet,15,3605,648,4253
2026-08-16,2026-08-31,BLR-HYD,SpiceJet,15,3823,688,4511
2026-08-16,2026-08-31,BLR-HYD,SpiceJet,15,3888,699,4587
2026-08-16,2026-08-23,BLR-HYD,SpiceJet,7,4791,862,5653
2026-08-16,2026-08-23,BLR-HYD,SpiceJet,7,4761,856,5617
2026-08-16,2026-08-23,BLR-HYD,SpiceJet,7,4127,742,4869
2026-08-16,2026-08-23,BLR-HYD,SpiceJet,7,5113,920,6033
2026-08-16,2026-08-23,BLR-HYD,SpiceJet,7,4990,898,5888
2026-08-16,2026-08-17,BLR-HYD,SpiceJet,1,6566,1181,7747
2026-08-16,2026-08-17,BLR-HYD,SpiceJet,1,6011,1081,7092
2026-08-16,2026-08-17,BLR-HYD,SpiceJet,1,7097,1277,8374
2026-08-16,2026-08-17,BLR-HYD,SpiceJet,1,6513,1172,7685
2026-08-16,2026-08-17,BLR-HYD,SpiceJet,1,6857,1234,8091
2026-08-17,2026-10-01,DEL-BOM,IndiGo,45,4382,788,5170
2026-08-17,2026-10-01,DEL-BOM,IndiGo,45,4375,787,5162
2026-08-17,2026-10-01,DEL-BOM,IndiGo,45,4296,773,5069
2026-08-17,2026-10-01,DEL-BOM,IndiGo,45,3967,714,4681
2026-08-17,2026-10-01,DEL-BOM,IndiGo,45,3993,718,4711
2026-08-17,2026-09-16,DEL-BOM,IndiGo,30,4673,841,5514
2026-08-17,2026-09-16,DEL-BOM,IndiGo,30,4698,845,5543
2026-08-17,2026-09-16,DEL-BOM,IndiGo,30,4395,791,5186
2026-08-17,2026-09-16,DEL-BOM,IndiGo,30,4205,756,4961
2026-08-17,2026-09-16,DEL-BOM,IndiGo,30,4605,828,5433
2026-08-17,2026-09-01,DEL-BOM,IndiGo,15,6379,1148,7527
2026-08-17,2026-09-01,DEL-BOM,IndiGo,15,6266,1127,7393
2026-08-17,2026-09-01,DEL-BOM,IndiGo,15,6348,1142,7490
2026-08-17,2026-09-01,DEL-BOM,IndiGo,15,5911,1063,6974
2026-08-17,2026-09-01,DEL-BOM,IndiGo,15,6339,1141,7480
2026-08-17,2026-08-24,DEL-BOM,IndiGo,7,8601,1548,10149
2026-08-17,2026-08-24,DEL-BOM,IndiGo,7,8029,1445,9474
2026-08-17,2026-08-24,DEL-BOM,IndiGo,7,7032,1265,8297
2026-08-17,2026-08-24,DEL-BOM,IndiGo,7,7124,1282,8406
2026-08-17,2026-08-24,DEL-BOM,IndiGo,7,7890,1420,9310
2026-08-17,2026-08-18,DEL-BOM,IndiGo,1,11438,2058,13496
2026-08-17,2026-08-18,DEL-BOM,IndiGo,1,11604,2088,13692
2026-08-17,2026-08-18,DEL-BOM,IndiGo,1,10807,1945,12752
2026-08-17,2026-08-18,DEL-BOM,IndiGo,1,12638,2274,14912
2026-08-17,2026-08-18,DEL-BOM,IndiGo,1,11827,2128,13955
2026-08-17,2026-10-01,DEL-BOM,Air India,45,5511,991,6502
2026-08-17,2026-10-01,DEL-BOM,Air India,45,4845,872,5717
2026-08-17,2026-10-01,DEL-BOM,Air India,45,5498,989,6487
2026-08-17,2026-10-01,DEL-BOM,Air India,45,5095,917,6012
2026-08-17,2026-10-01,DEL-BOM,Air India,45,4938,888,5826
2026-08-17,2026-09-16,DEL-BOM,Air India,30,5533,995,6528
2026-08-17,2026-09-16,DEL-BOM,Air India,30,5706,1027,6733
2026-08-17,2026-09-16,DEL-BOM,Air India,30,5109,919,6028
2026-08-17,2026-09-16,DEL-BOM,Air India,30,5309,955,6264
2026-08-17,2026-09-16,DEL-BOM,Air India,30,5150,927,6077
2026-08-17,2026-09-01,DEL-BOM,Air India,15,7187,1293,8480
2026-08-17,2026-09-01,DEL-BOM,Air India,15,6439,1159,7598
2026-08-17,2026-09-01,DEL-BOM,Air India,15,6605,1188,7793
2026-08-17,2026-09-01,DEL-BOM,Air India,15,5968,1074,7042
2026-08-17,2026-09-01,DEL-BOM,Air India,15,6859,1234,8093
2026-08-17,2026-08-24,DEL-BOM,Air India,7,8715,1568,10283
2026-08-17,2026-08-24,DEL-BOM,Air India,7,9700,1746,11446
2026-08-17,2026-08-24,DEL-BOM,Air India,7,8542,1537,10079
2026-08-17,2026-08-24,DEL-BOM,Air India,7,8427,1516,9943
2026-08-17,2026-08-24,DEL-BOM,Air India,7,9079,1634,10713
2026-08-17,2026-08-18,DEL-BOM,Air India,1,13224,2380,15604
2026-08-17,2026-08-18,DEL-BOM,Air India,1,12168,2190,14358
2026-08-17,2026-08-18,DEL-BOM,Air India,1,12818,2307,15125
2026-08-17,2026-08-18,DEL-BOM,Air India,1,12086,2175,14261
2026-08-17,2026-08-18,DEL-BOM,Air India,1,12441,2239,14680
2026-08-17,2026-10-01,DEL-BOM,Akasa,45,3982,716,4698
2026-08-17,2026-10-01,DEL-BOM,Akasa,45,3700,666,4366
2026-08-17,2026-10-01,DEL-BOM,Akasa,45,4299,773,5072
2026-08-17,2026-10-01,DEL-BOM,Akasa,45,4572,822,5394
2026-08-17,2026-10-01,DEL-BOM,Akasa,45,3679,662,4341
2026-08-17,2026-09-16,DEL-BOM,Akasa,30,4526,814,5340
2026-08-17,2026-09-16,DEL-BOM,Akasa,30,4137,744,4881
2026-08-17,2026-09-16,DEL-BOM,Akasa,30,4001,720,4721
2026-08-17,2026-09-16,DEL-BOM,Akasa,30,4373,787,5160
2026-08-17,2026-09-16,DEL-BOM,Akasa,30,4838,870,5708
2026-08-17,2026-09-01,DEL-BOM,Akasa,15,4909,883,5792
2026-08-17,2026-09-01,DEL-BOM,Akasa,15,5435,978,6413
2026-08-17,2026-09-01,DEL-BOM,Akasa,15,5513,992,6505
2026-08-17,2026-09-01,DEL-BOM,Akasa,15,5027,904,5931
2026-08-17,2026-09-01,DEL-BOM,Akasa,15,6074,1093,7167
2026-08-17,2026-08-24,DEL-BOM,Akasa,7,6978,1256,8234
2026-08-17,2026-08-24,DEL-BOM,Akasa,7,6530,1175,7705
2026-08-17,2026-08-24,DEL-BOM,Akasa,7,7335,1320,8655
2026-08-17,2026-08-24,DEL-BOM,Akasa,7,6968,1254,8222
2026-08-17,2026-08-24,DEL-BOM,Akasa,7,7891,1420,9311
2026-08-17,2026-08-18,DEL-BOM,Akasa,1,11672,2100,13772
2026-08-17,2026-08-18,DEL-BOM,Akasa,1,11699,2105,13804
2026-08-17,2026-08-18,DEL-BOM,Akasa,1,10595,1907,12502
2026-08-17,2026-08-18,DEL-BOM,Akasa,1,12000,2160,14160
2026-08-17,2026-08-18,DEL-BOM,Akasa,1,11451,2061,13512
2026-08-17,2026-10-01,DEL-BOM,SpiceJet,45,3429,617,4046
2026-08-17,2026-10-01,DEL-BOM,SpiceJet,45,3970,714,4684
2026-08-17,2026-10-01,DEL-BOM,SpiceJet,45,3439,619,4058
2026-08-17,2026-10-01,DEL-BOM,SpiceJet,45,3997,719,4716
2026-08-17,2026-10-01,DEL-BOM,SpiceJet,45,3549,638,4187
2026-08-17,2026-09-16,DEL-BOM,SpiceJet,30,4563,821,5384
2026-08-17,2026-09-16,DEL-BOM,SpiceJet,30,3925,706,4631
2026-08-17,2026-09-16,DEL-BOM,SpiceJet,30,4118,741,4859
2026-08-17,2026-09-16,DEL-BOM,SpiceJet,30,3976,715,4691
2026-08-17,2026-09-16,DEL-BOM,SpiceJet,30,3747,674,4421
2026-08-17,2026-09-01,DEL-BOM,SpiceJet,15,5817,1047,6864
2026-08-17,2026-09-01,DEL-BOM,SpiceJet,15,5459,982,6441
2026-08-17,2026-09-01,DEL-BOM,SpiceJet,15,5436,978,6414
2026-08-17,2026-09-01,DEL-BOM,SpiceJet,15,5027,904,5931
2026-08-17,2026-09-01,DEL-BOM,SpiceJet,15,5737,1032,6769
2026-08-17,2026-08-24,DEL-BOM,SpiceJet,7,6630,1193,7823
2026-08-17,2026-08-24,DEL-BOM,SpiceJet,7,7590,1366,8956
2026-08-17,2026-08-24,DEL-BOM,SpiceJet,7,6173,1111,7284
2026-08-17,2026-08-24,DEL-BOM,SpiceJet,7,6222,1119,7341
2026-08-17,2026-08-24,DEL-BOM,SpiceJet,7,7095,1277,8372
2026-08-17,2026-08-18,DEL-BOM,SpiceJet,1,9179,1652,10831
2026-08-17,2026-08-18,DEL-BOM,SpiceJet,1,9481,1706,11187
2026-08-17,2026-08-18,DEL-BOM,SpiceJet,1,10365,1865,12230
2026-08-17,2026-08-18,DEL-BOM,SpiceJet,1,9520,1713,11233
2026-08-17,2026-08-18,DEL-BOM,SpiceJet,1,10435,1878,12313
2026-08-17,2026-10-01,DEL-BLR,IndiGo,45,5567,1002,6569
2026-08-17,2026-10-01,DEL-BLR,IndiGo,45,5781,1040,6821
2026-08-17,2026-10-01,DEL-BLR,IndiGo,45,6296,1133,7429
2026-08-17,2026-10-01,DEL-BLR,IndiGo,45,5127,922,6049
2026-08-17,2026-10-01,DEL-BLR,IndiGo,45,6314,1136,7450
2026-08-17,2026-09-16,DEL-BLR,IndiGo,30,6171,1110,7281
2026-08-17,2026-09-16,DEL-BLR,IndiGo,30,6592,1186,7778
2026-08-17,2026-09-16,DEL-BLR,IndiGo,30,6917,1245,8162
2026-08-17,2026-09-16,DEL-BLR,IndiGo,30,6018,1083,7101
2026-08-17,2026-09-16,DEL-BLR,IndiGo,30,5581,1004,6585
2026-08-17,2026-09-01,DEL-BLR,IndiGo,15,6924,1246,8170
2026-08-17,2026-09-01,DEL-BLR,IndiGo,15,7648,1376,9024
2026-08-17,2026-09-01,DEL-BLR,IndiGo,15,6874,1237,8111
2026-08-17,2026-09-01,DEL-BLR,IndiGo,15,7676,1381,9057
2026-08-17,2026-09-01,DEL-BLR,IndiGo,15,6807,1225,8032
2026-08-17,2026-08-24,DEL-BLR,IndiGo,7,10002,1800,11802
2026-08-17,2026-08-24,DEL-BLR,IndiGo,7,10395,1871,12266
2026-08-17,2026-08-24,DEL-BLR,IndiGo,7,9988,1797,11785
2026-08-17,2026-08-24,DEL-BLR,IndiGo,7,10773,1939,12712
2026-08-17,2026-08-24,DEL-BLR,IndiGo,7,9888,1779,11667
2026-08-17,2026-08-18,DEL-BLR,IndiGo,1,14491,2608,17099
2026-08-17,2026-08-18,DEL-BLR,IndiGo,1,13488,2427,15915
2026-08-17,2026-08-18,DEL-BLR,IndiGo,1,15496,2789,18285
2026-08-17,2026-08-18,DEL-BLR,IndiGo,1,15537,2796,18333
2026-08-17,2026-08-18,DEL-BLR,IndiGo,1,15344,2761,18105
2026-08-17,2026-10-01,DEL-BLR,Air India,45,6448,1160,7608
2026-08-17,2026-10-01,DEL-BLR,Air India,45,7045,1268,8313
2026-08-17,2026-10-01,DEL-BLR,Air India,45,5837,1050,6887
2026-08-17,2026-10-01,DEL-BLR,Air India,45,7004,1260,8264
2026-08-17,2026-10-01,DEL-BLR,Air India,45,5727,1030,6757
2026-08-17,2026-09-16,DEL-BLR,Air India,30,6823,1228,8051
2026-08-17,2026-09-16,DEL-BLR,Air India,30,7425,1336,8761
2026-08-17,2026-09-16,DEL-BLR,Air India,30,7160,1288,8448
2026-08-17,2026-09-16,DEL-BLR,Air India,30,6682,1202,7884
2026-08-17,2026-09-16,DEL-BLR,Air India,30,7571,1362,8933
2026-08-17,2026-09-01,DEL-BLR,Air India,15,8993,1618,10611
2026-08-17,2026-09-01,DEL-BLR,Air India,15,8579,1544,10123
2026-08-17,2026-09-01,DEL-BLR,Air India,15,8315,1496,9811
2026-08-17,2026-09-01,DEL-BLR,Air India,15,8227,1480,9707
2026-08-17,2026-09-01,DEL-BLR,Air India,15,9568,1722,11290
2026-08-17,2026-08-24,DEL-BLR,Air India,7,12150,2187,14337
2026-08-17,2026-08-24,DEL-BLR,Air India,7,12543,2257,14800
2026-08-17,2026-08-24,DEL-BLR,Air India,7,13016,2342,15358
2026-08-17,2026-08-24,DEL-BLR,Air India,7,11166,2009,13175
2026-08-17,2026-08-24,DEL-BLR,Air India,7,11503,2070,13573
2026-08-17,2026-08-18,DEL-BLR,Air India,1,18748,3374,22122
2026-08-17,2026-08-18,DEL-BLR,Air India,1,17201,3096,20297
2026-08-17,2026-08-18,DEL-BLR,Air India,1,18024,3244,21268
2026-08-17,2026-08-18,DEL-BLR,Air India,1,16075,2893,18968
2026-08-17,2026-08-18,DEL-BLR,Air India,1,18513,3332,21845
2026-08-17,2026-10-01,DEL-BLR,Akasa,45,5265,947,6212
2026-08-17,2026-10-01,DEL-BLR,Akasa,45,5146,926,6072
2026-08-17,2026-10-01,DEL-BLR,Akasa,45,5914,1064,6978
2026-08-17,2026-10-01,DEL-BLR,Akasa,45,5857,1054,6911
2026-08-17,2026-10-01,DEL-BLR,Akasa,45,5464,983,6447
2026-08-17,2026-09-16,DEL-BLR,Akasa,30,5560,1000,6560
2026-08-17,2026-09-16,DEL-BLR,Akasa,30,6281,1130,7411
2026-08-17,2026-09-16,DEL-BLR,Akasa,30,5567,1002,6569
2026-08-17,2026-09-16,DEL-BLR,Akasa,30,5607,1009,6616
2026-08-17,2026-09-16,DEL-BLR,Akasa,30,6171,1110,7281
2026-08-17,2026-09-01,DEL-BLR,Akasa,15,8070,1452,9522
2026-08-17,2026-09-01,DEL-BLR,Akasa,15,7336,1320,8656
2026-08-17,2026-09-01,DEL-BLR,Akasa,15,7588,1365,8953
2026-08-17,2026-09-01,DEL-BLR,Akasa,15,8055,1449,9504
2026-08-17,2026-09-01,DEL-BLR,Akasa,15,6938,1248,8186
2026-08-17,2026-08-24,DEL-BLR,Akasa,7,10678,1922,12600
2026-08-17,2026-08-24,DEL-BLR,Akasa,7,9477,1705,11182
2026-08-17,2026-08-24,DEL-BLR,Akasa,7,9675,1741,11416
2026-08-17,2026-08-24,DEL-BLR,Akasa,7,10656,1918,12574
2026-08-17,2026-08-24,DEL-BLR,Akasa,7,9959,1792,11751
2026-08-17,2026-08-18,DEL-BLR,Akasa,1,14665,2639,17304
2026-08-17,2026-08-18,DEL-BLR,Akasa,1,12543,2257,14800
2026-08-17,2026-08-18,DEL-BLR,Akasa,1,15252,2745,17997
2026-08-17,2026-08-18,DEL-BLR,Akasa,1,14179,2552,16731
2026-08-17,2026-08-18,DEL-BLR,Akasa,1,12862,2315,15177
2026-08-17,2026-10-01,DEL-BLR,SpiceJet,45,5374,967,6341
2026-08-17,2026-10-01,DEL-BLR,SpiceJet,45,5352,963,6315
2026-08-17,2026-10-01,DEL-BLR,SpiceJet,45,5400,972,6372
2026-08-17,2026-10-01,DEL-BLR,SpiceJet,45,5530,995,6525
2026-08-17,2026-10-01,DEL-BLR,SpiceJet,45,4522,813,5335
2026-08-17,2026-09-16,DEL-BLR,SpiceJet,30,5906,1063,6969
2026-08-17,2026-09-16,DEL-BLR,SpiceJet,30,6206,1117,7323
2026-08-17,2026-09-16,DEL-BLR,SpiceJet,30,5005,900,5905
2026-08-17,2026-09-16,DEL-BLR,SpiceJet,30,5540,997,6537
2026-08-17,2026-09-16,DEL-BLR,SpiceJet,30,5376,967,6343
2026-08-17,2026-09-01,DEL-BLR,SpiceJet,15,6112,1100,7212
2026-08-17,2026-09-01,DEL-BLR,SpiceJet,15,6614,1190,7804
2026-08-17,2026-09-01,DEL-BLR,SpiceJet,15,7477,1345,8822
2026-08-17,2026-09-01,DEL-BLR,SpiceJet,15,6096,1097,7193
2026-08-17,2026-09-01,DEL-BLR,SpiceJet,15,6975,1255,8230
2026-08-17,2026-08-24,DEL-BLR,SpiceJet,7,9182,1652,10834
2026-08-17,2026-08-24,DEL-BLR,SpiceJet,7,8502,1530,10032
2026-08-17,2026-08-24,DEL-BLR,SpiceJet,7,9605,1728,11333
2026-08-17,2026-08-24,DEL-BLR,SpiceJet,7,9613,1730,11343
2026-08-17,2026-08-24,DEL-BLR,SpiceJet,7,8899,1601,10500
2026-08-17,2026-08-18,DEL-BLR,SpiceJet,1,15061,2710,17771
2026-08-17,2026-08-18,DEL-BLR,SpiceJet,1,12033,2165,14198
2026-08-17,2026-08-18,DEL-BLR,SpiceJet,1,12736,2292,15028
2026-08-17,2026-08-18,DEL-BLR,SpiceJet,1,14857,2674,17531
2026-08-17,2026-08-18,DEL-BLR,SpiceJet,1,11969,2154,14123
2026-08-17,2026-10-01,BOM-BLR,IndiGo,45,3882,698,4580
2026-08-17,2026-10-01,BOM-BLR,IndiGo,45,3182,572,3754
2026-08-17,2026-10-01,BOM-BLR,IndiGo,45,3656,658,4314
2026-08-17,2026-10-01,BOM-BLR,IndiGo,45,3496,629,4125
2026-08-17,2026-10-01,BOM-BLR,IndiGo,45,3699,665,4364
2026-08-17,2026-09-16,BOM-BLR,IndiGo,30,4001,720,4721
2026-08-17,2026-09-16,BOM-BLR,IndiGo,30,3529,635,4164
2026-08-17,2026-09-16,BOM-BLR,IndiGo,30,4351,783,5134
2026-08-17,2026-09-16,BOM-BLR,IndiGo,30,3869,696,4565
2026-08-17,2026-09-16,BOM-BLR,IndiGo,30,3523,634,4157
2026-08-17,2026-09-01,BOM-BLR,IndiGo,15,4986,897,5883
2026-08-17,2026-09-01,BOM-BLR,IndiGo,15,5084,915,5999
2026-08-17,2026-09-01,BOM-BLR,IndiGo,15,4463,803,5266
2026-08-17,2026-09-01,BOM-BLR,IndiGo,15,4314,776,5090
2026-08-17,2026-09-01,BOM-BLR,IndiGo,15,4733,851,5584
2026-08-17,2026-08-24,BOM-BLR,IndiGo,7,6778,1220,7998
2026-08-17,2026-08-24,BOM-BLR,IndiGo,7,5977,1075,7052
2026-08-17,2026-08-24,BOM-BLR,IndiGo,7,7161,1288,8449
2026-08-17,2026-08-24,BOM-BLR,IndiGo,7,5733,1031,6764
2026-08-17,2026-08-24,BOM-BLR,IndiGo,7,6451,1161,7612
2026-08-17,2026-08-18,BOM-BLR,IndiGo,1,9531,1715,11246
2026-08-17,2026-08-18,BOM-BLR,IndiGo,1,9868,1776,11644
2026-08-17,2026-08-18,BOM-BLR,IndiGo,1,9831,1769,11600
2026-08-17,2026-08-18,BOM-BLR,IndiGo,1,8408,1513,9921
2026-08-17,2026-08-18,BOM-BLR,IndiGo,1,9966,1793,11759
2026-08-17,2026-10-01,BOM-BLR,Air India,45,4239,763,5002
2026-08-17,2026-10-01,BOM-BLR,Air India,45,3712,668,4380
2026-08-17,2026-10-01,BOM-BLR,Air India,45,3806,685,4491
2026-08-17,2026-10-01,BOM-BLR,Air India,45,4589,826,5415
2026-08-17,2026-10-01,BOM-BLR,Air India,45,4437,798,5235
2026-08-17,2026-09-16,BOM-BLR,Air India,30,4928,887,5815
2026-08-17,2026-09-16,BOM-BLR,Air India,30,4067,732,4799
2026-08-17,2026-09-16,BOM-BLR,Air India,30,4286,771,5057
2026-08-17,2026-09-16,BOM-BLR,Air India,30,4364,785,5149
2026-08-17,2026-09-16,BOM-BLR,Air India,30,5024,904,5928
2026-08-17,2026-09-01,BOM-BLR,Air India,15,4907,883,5790
2026-08-17,2026-09-01,BOM-BLR,Air India,15,5782,1040,6822
2026-08-17,2026-09-01,BOM-BLR,Air India,15,5856,1054,6910
2026-08-17,2026-09-01,BOM-BLR,Air India,15,5304,954,6258
2026-08-17,2026-09-01,BOM-BLR,Air India,15,5213,938,6151
2026-08-17,2026-08-24,BOM-BLR,Air India,7,8018,1443,9461
2026-08-17,2026-08-24,BOM-BLR,Air India,7,7488,1347,8835
2026-08-17,2026-08-24,BOM-BLR,Air India,7,7922,1425,9347
2026-08-17,2026-08-24,BOM-BLR,Air India,7,7565,1361,8926
2026-08-17,2026-08-24,BOM-BLR,Air India,7,7740,1393,9133
2026-08-17,2026-08-18,BOM-BLR,Air India,1,11555,2079,13634
2026-08-17,2026-08-18,BOM-BLR,Air India,1,12144,2185,14329
2026-08-17,2026-08-18,BOM-BLR,Air India,1,11052,1989,13041
2026-08-17,2026-08-18,BOM-BLR,Air India,1,12148,2186,14334
2026-08-17,2026-08-18,BOM-BLR,Air India,1,11238,2022,13260
2026-08-17,2026-10-01,BOM-BLR,Akasa,45,3593,646,4239
2026-08-17,2026-10-01,BOM-BLR,Akasa,45,3413,614,4027
2026-08-17,2026-10-01,BOM-BLR,Akasa,45,3586,645,4231
2026-08-17,2026-10-01,BOM-BLR,Akasa,45,3515,632,4147
2026-08-17,2026-10-01,BOM-BLR,Akasa,45,3426,616,4042
2026-08-17,2026-09-16,BOM-BLR,Akasa,30,3589,646,4235
2026-08-17,2026-09-16,BOM-BLR,Akasa,30,3639,655,4294
2026-08-17,2026-09-16,BOM-BLR,Akasa,30,4063,731,4794
2026-08-17,2026-09-16,BOM-BLR,Akasa,30,4126,742,4868
2026-08-17,2026-09-16,BOM-BLR,Akasa,30,3383,608,3991
2026-08-17,2026-09-01,BOM-BLR,Akasa,15,4293,772,5065
2026-08-17,2026-09-01,BOM-BLR,Akasa,15,4568,822,5390
2026-08-17,2026-09-01,BOM-BLR,Akasa,15,4868,876,5744
2026-08-17,2026-09-01,BOM-BLR,Akasa,15,4268,768,5036
2026-08-17,2026-09-01,BOM-BLR,Akasa,15,4872,876,5748
2026-08-17,2026-08-24,BOM-BLR,Akasa,7,6176,1111,7287
2026-08-17,2026-08-24,BOM-BLR,Akasa,7,6881,1238,8119
2026-08-17,2026-08-24,BOM-BLR,Akasa,7,6797,1223,8020
2026-08-17,2026-08-24,BOM-BLR,Akasa,7,6251,1125,7376
2026-08-17,2026-08-24,BOM-BLR,Akasa,7,6447,1160,7607
2026-08-17,2026-08-18,BOM-BLR,Akasa,1,9657,1738,11395
2026-08-17,2026-08-18,BOM-BLR,Akasa,1,9308,1675,10983
2026-08-17,2026-08-18,BOM-BLR,Akasa,1,9604,1728,11332
2026-08-17,2026-08-18,BOM-BLR,Akasa,1,9738,1752,11490
2026-08-17,2026-08-18,BOM-BLR,Akasa,1,8577,1543,10120
2026-08-17,2026-10-01,BOM-BLR,SpiceJet,45,3099,557,3656
2026-08-17,2026-10-01,BOM-BLR,SpiceJet,45,3010,541,3551
2026-08-17,2026-10-01,BOM-BLR,SpiceJet,45,2914,524,3438
2026-08-17,2026-10-01,BOM-BLR,SpiceJet,45,3266,587,3853
2026-08-17,2026-10-01,BOM-BLR,SpiceJet,45,3369,606,3975
2026-08-17,2026-09-16,BOM-BLR,SpiceJet,30,3371,606,3977
2026-08-17,2026-09-16,BOM-BLR,SpiceJet,30,3346,602,3948
2026-08-17,2026-09-16,BOM-BLR,SpiceJet,30,3444,619,4063
2026-08-17,2026-09-16,BOM-BLR,SpiceJet,30,3415,614,4029
2026-08-17,2026-09-16,BOM-BLR,SpiceJet,30,3391,610,4001
2026-08-17,2026-09-01,BOM-BLR,SpiceJet,15,4028,725,4753
2026-08-17,2026-09-01,BOM-BLR,SpiceJet,15,4333,779,5112
2026-08-17,2026-09-01,BOM-BLR,SpiceJet,15,4259,766,5025
2026-08-17,2026-09-01,BOM-BLR,SpiceJet,15,4186,753,4939
2026-08-17,2026-09-01,BOM-BLR,SpiceJet,15,4455,801,5256
2026-08-17,2026-08-24,BOM-BLR,SpiceJet,7,6110,1099,7209
2026-08-17,2026-08-24,BOM-BLR,SpiceJet,7,5297,953,6250
2026-08-17,2026-08-24,BOM-BLR,SpiceJet,7,6073,1093,7166
2026-08-17,2026-08-24,BOM-BLR,SpiceJet,7,6242,1123,7365
2026-08-17,2026-08-24,BOM-BLR,SpiceJet,7,5832,1049,6881
2026-08-17,2026-08-18,BOM-BLR,SpiceJet,1,8277,1489,9766
2026-08-17,2026-08-18,BOM-BLR,SpiceJet,1,8102,1458,9560
2026-08-17,2026-08-18,BOM-BLR,SpiceJet,1,7685,1383,9068
2026-08-17,2026-08-18,BOM-BLR,SpiceJet,1,7905,1422,9327
2026-08-17,2026-08-18,BOM-BLR,SpiceJet,1,8495,1529,10024
2026-08-17,2026-10-01,DEL-CCU,IndiGo,45,5088,915,6003
2026-08-17,2026-10-01,DEL-CCU,IndiGo,45,4706,847,5553
2026-08-17,2026-10-01,DEL-CCU,IndiGo,45,4899,881,5780
2026-08-17,2026-10-01,DEL-CCU,IndiGo,45,4857,874,5731
2026-08-17,2026-10-01,DEL-CCU,IndiGo,45,4569,822,5391
2026-08-17,2026-09-16,DEL-CCU,IndiGo,30,5238,942,6180
2026-08-17,2026-09-16,DEL-CCU,IndiGo,30,5895,1061,6956
2026-08-17,2026-09-16,DEL-CCU,IndiGo,30,4815,866,5681
2026-08-17,2026-09-16,DEL-CCU,IndiGo,30,4918,885,5803
2026-08-17,2026-09-16,DEL-CCU,IndiGo,30,5857,1054,6911
2026-08-17,2026-09-01,DEL-CCU,IndiGo,15,6411,1153,7564
2026-08-17,2026-09-01,DEL-CCU,IndiGo,15,5846,1052,6898
2026-08-17,2026-09-01,DEL-CCU,IndiGo,15,6253,1125,7378
2026-08-17,2026-09-01,DEL-CCU,IndiGo,15,7272,1308,8580
2026-08-17,2026-09-01,DEL-CCU,IndiGo,15,7268,1308,8576
2026-08-17,2026-08-24,DEL-CCU,IndiGo,7,8732,1571,10303
2026-08-17,2026-08-24,DEL-CCU,IndiGo,7,8602,1548,10150
2026-08-17,2026-08-24,DEL-CCU,IndiGo,7,8202,1476,9678
2026-08-17,2026-08-24,DEL-CCU,IndiGo,7,9451,1701,11152
2026-08-17,2026-08-24,DEL-CCU,IndiGo,7,8611,1549,10160
2026-08-17,2026-08-18,DEL-CCU,IndiGo,1,12759,2296,15055
2026-08-17,2026-08-18,DEL-CCU,IndiGo,1,13455,2421,15876
2026-08-17,2026-08-18,DEL-CCU,IndiGo,1,13527,2434,15961
2026-08-17,2026-08-18,DEL-CCU,IndiGo,1,11624,2092,13716
2026-08-17,2026-08-18,DEL-CCU,IndiGo,1,14368,2586,16954
2026-08-17,2026-10-01,DEL-CCU,Air India,45,4979,896,5875
2026-08-17,2026-10-01,DEL-CCU,Air India,45,5971,1074,7045
2026-08-17,2026-10-01,DEL-CCU,Air India,45,5626,1012,6638
2026-08-17,2026-10-01,DEL-CCU,Air India,45,5139,925,6064
2026-08-17,2026-10-01,DEL-CCU,Air India,45,6276,1129,7405
2026-08-17,2026-09-16,DEL-CCU,Air India,30,5794,1042,6836
2026-08-17,2026-09-16,DEL-CCU,Air India,30,6976,1255,8231
2026-08-17,2026-09-16,DEL-CCU,Air India,30,6722,1209,7931
2026-08-17,2026-09-16,DEL-CCU,Air India,30,6611,1189,7800
2026-08-17,2026-09-16,DEL-CCU,Air India,30,5943,1069,7012
2026-08-17,2026-09-01,DEL-CCU,Air India,15,7211,1297,8508
2026-08-17,2026-09-01,DEL-CCU,Air India,15,7007,1261,8268
2026-08-17,2026-09-01,DEL-CCU,Air India,15,7948,1430,9378
2026-08-17,2026-09-01,DEL-CCU,Air India,15,7292,1312,8604
2026-08-17,2026-09-01,DEL-CCU,Air India,15,6873,1237,8110
2026-08-17,2026-08-24,DEL-CCU,Air India,7,10766,1937,12703
2026-08-17,2026-08-24,DEL-CCU,Air India,7,11326,2038,13364
2026-08-17,2026-08-24,DEL-CCU,Air India,7,9244,1663,10907
2026-08-17,2026-08-24,DEL-CCU,Air India,7,10309,1855,12164
2026-08-17,2026-08-24,DEL-CCU,Air India,7,10715,1928,12643
2026-08-17,2026-08-18,DEL-CCU,Air India,1,13912,2504,16416
2026-08-17,2026-08-18,DEL-CCU,Air India,1,13926,2506,16432
2026-08-17,2026-08-18,DEL-CCU,Air India,1,15373,2767,18140
2026-08-17,2026-08-18,DEL-CCU,Air India,1,16596,2987,19583
2026-08-17,2026-08-18,DEL-CCU,Air India,1,15917,2865,18782
2026-08-17,2026-10-01,DEL-CCU,Akasa,45,5062,911,5973
2026-08-17,2026-10-01,DEL-CCU,Akasa,45,5068,912,5980
2026-08-17,2026-10-01,DEL-CCU,Akasa,45,4691,844,5535
2026-08-17,2026-10-01,DEL-CCU,Akasa,45,4414,794,5208
2026-08-17,2026-10-01,DEL-CCU,Akasa,45,4142,745,4887
2026-08-17,2026-09-16,DEL-CCU,Akasa,30,5719,1029,6748
2026-08-17,2026-09-16,DEL-CCU,Akasa,30,5724,1030,6754
2026-08-17,2026-09-16,DEL-CCU,Akasa,30,4989,898,5887
2026-08-17,2026-09-16,DEL-CCU,Akasa,30,5188,933,6121
2026-08-17,2026-09-16,DEL-CCU,Akasa,30,5333,959,6292
2026-08-17,2026-09-01,DEL-CCU,Akasa,15,6109,1099,7208
2026-08-17,2026-09-01,DEL-CCU,Akasa,15,6945,1250,8195
2026-08-17,2026-09-01,DEL-CCU,Akasa,15,6115,1100,7215
2026-08-17,2026-09-01,DEL-CCU,Akasa,15,6465,1163,7628
2026-08-17,2026-09-01,DEL-CCU,Akasa,15,6608,1189,7797
2026-08-17,2026-08-24,DEL-CCU,Akasa,7,9436,1698,11134
2026-08-17,2026-08-24,DEL-CCU,Akasa,7,7744,1393,9137
2026-08-17,2026-08-24,DEL-CCU,Akasa,7,8488,1527,10015
2026-08-17,2026-08-24,DEL-CCU,Akasa,7,8737,1572,10309
2026-08-17,2026-08-24,DEL-CCU,Akasa,7,8628,1553,10181
2026-08-17,2026-08-18,DEL-CCU,Akasa,1,13425,2416,15841
2026-08-17,2026-08-18,DEL-CCU,Akasa,1,11153,2007,13160
2026-08-17,2026-08-18,DEL-CCU,Akasa,1,12234,2202,14436
2026-08-17,2026-08-18,DEL-CCU,Akasa,1,13576,2443,16019
2026-08-17,2026-08-18,DEL-CCU,Akasa,1,12847,2312,15159
2026-08-17,2026-10-01,DEL-CCU,SpiceJet,45,4903,882,5785
2026-08-17,2026-10-01,DEL-CCU,SpiceJet,45,4100,738,4838
2026-08-17,2026-10-01,DEL-CCU,SpiceJet,45,4516,812,5328
2026-08-17,2026-10-01,DEL-CCU,SpiceJet,45,3959,712,4671
2026-08-17,2026-10-01,DEL-CCU,SpiceJet,45,4790,862,5652
2026-08-17,2026-09-16,DEL-CCU,SpiceJet,30,5310,955,6265
2026-08-17,2026-09-16,DEL-CCU,SpiceJet,30,5435,978,6413
2026-08-17,2026-09-16,DEL-CCU,SpiceJet,30,4420,795,5215
2026-08-17,2026-09-16,DEL-CCU,SpiceJet,30,4409,793,5202
2026-08-17,2026-09-16,DEL-CCU,SpiceJet,30,5119,921,6040
2026-08-17,2026-09-01,DEL-CCU,SpiceJet,15,5637,1014,6651
2026-08-17,2026-09-01,DEL-CCU,SpiceJet,15,5399,971,6370
2026-08-17,2026-09-01,DEL-CCU,SpiceJet,15,6317,1137,7454
2026-08-17,2026-09-01,DEL-CCU,SpiceJet,15,5853,1053,6906
2026-08-17,2026-09-01,DEL-CCU,SpiceJet,15,6644,1195,7839
2026-08-17,2026-08-24,DEL-CCU,SpiceJet,7,7278,1310,8588
2026-08-17,2026-08-24,DEL-CCU,SpiceJet,7,8878,1598,10476
2026-08-17,2026-08-24,DEL-CCU,SpiceJet,7,8019,1443,9462
2026-08-17,2026-08-24,DEL-CCU,SpiceJet,7,8515,1532,10047
2026-08-17,2026-08-24,DEL-CCU,SpiceJet,7,7447,1340,8787
2026-08-17,2026-08-18,DEL-CCU,SpiceJet,1,12406,2233,14639
2026-08-17,2026-08-18,DEL-CCU,SpiceJet,1,12550,2259,14809
2026-08-17,2026-08-18,DEL-CCU,SpiceJet,1,12913,2324,15237
2026-08-17,2026-08-18,DEL-CCU,SpiceJet,1,10505,1890,12395
2026-08-17,2026-08-18,DEL-CCU,SpiceJet,1,10880,1958,12838
2026-08-17,2026-10-01,BLR-HYD,IndiGo,45,3002,540,3542
2026-08-17,2026-10-01,BLR-HYD,IndiGo,45,2574,463,3037
2026-08-17,2026-10-01,BLR-HYD,IndiGo,45,3120,561,3681
2026-08-17,2026-10-01,BLR-HYD,IndiGo,45,3004,540,3544
2026-08-17,2026-10-01,BLR-HYD,IndiGo,45,2610,469,3079
2026-08-17,2026-09-16,BLR-HYD,IndiGo,30,3095,557,3652
2026-08-17,2026-09-16,BLR-HYD,IndiGo,30,3089,556,3645
2026-08-17,2026-09-16,BLR-HYD,IndiGo,30,3234,582,3816
2026-08-17,2026-09-16,BLR-HYD,IndiGo,30,3194,574,3768
2026-08-17,2026-09-16,BLR-HYD,IndiGo,30,3483,626,4109
2026-08-17,2026-09-01,BLR-HYD,IndiGo,15,4255,765,5020
2026-08-17,2026-09-01,BLR-HYD,IndiGo,15,3527,634,4161
2026-08-17,2026-09-01,BLR-HYD,IndiGo,15,4244,763,5007
2026-08-17,2026-09-01,BLR-HYD,IndiGo,15,4199,755,4954
2026-08-17,2026-09-01,BLR-HYD,IndiGo,15,3491,628,4119
2026-08-17,2026-08-24,BLR-HYD,IndiGo,7,4784,861,5645
2026-08-17,2026-08-24,BLR-HYD,IndiGo,7,5315,956,6271
2026-08-17,2026-08-24,BLR-HYD,IndiGo,7,5272,948,6220
2026-08-17,2026-08-24,BLR-HYD,IndiGo,7,5456,982,6438
2026-08-17,2026-08-24,BLR-HYD,IndiGo,7,5613,1010,6623
2026-08-17,2026-08-18,BLR-HYD,IndiGo,1,7368,1326,8694
2026-08-17,2026-08-18,BLR-HYD,IndiGo,1,8147,1466,9613
2026-08-17,2026-08-18,BLR-HYD,IndiGo,1,7133,1283,8416
2026-08-17,2026-08-18,BLR-HYD,IndiGo,1,7617,1371,8988
2026-08-17,2026-08-18,BLR-HYD,IndiGo,1,7453,1341,8794
2026-08-17,2026-10-01,BLR-HYD,Air India,45,3502,630,4132
2026-08-17,2026-10-01,BLR-HYD,Air India,45,3454,621,4075
2026-08-17,2026-10-01,BLR-HYD,Air India,45,2918,525,3443
2026-08-17,2026-10-01,BLR-HYD,Air India,45,3345,602,3947
2026-08-17,2026-10-01,BLR-HYD,Air India,45,3357,604,3961
2026-08-17,2026-09-16,BLR-HYD,Air India,30,4024,724,4748
2026-08-17,2026-09-16,BLR-HYD,Air India,30,3629,653,4282
2026-08-17,2026-09-16,BLR-HYD,Air India,30,4050,729,4779
2026-08-17,2026-09-16,BLR-HYD,Air India,30,3585,645,4230
2026-08-17,2026-09-16,BLR-HYD,Air India,30,3708,667,4375
2026-08-17,2026-09-01,BLR-HYD,Air India,15,4632,833,5465
2026-08-17,2026-09-01,BLR-HYD,Air India,15,4590,826,5416
2026-08-17,2026-09-01,BLR-HYD,Air India,15,4103,738,4841
2026-08-17,2026-09-01,BLR-HYD,Air India,15,4557,820,5377
2026-08-17,2026-09-01,BLR-HYD,Air India,15,3969,714,4683
2026-08-17,2026-08-24,BLR-HYD,Air India,7,6064,1091,7155
2026-08-17,2026-08-24,BLR-HYD,Air India,7,6021,1083,7104
2026-08-17,2026-08-24,BLR-HYD,Air India,7,5793,1042,6835
2026-08-17,2026-08-24,BLR-HYD,Air India,7,6088,1095,7183
2026-08-17,2026-08-24,BLR-HYD,Air India,7,6140,1105,7245
2026-08-17,2026-08-18,BLR-HYD,Air India,1,8854,1593,10447
2026-08-17,2026-08-18,BLR-HYD,Air India,1,9263,1667,10930
2026-08-17,2026-08-18,BLR-HYD,Air India,1,9714,1748,11462
2026-08-17,2026-08-18,BLR-HYD,Air India,1,8822,1587,10409
2026-08-17,2026-08-18,BLR-HYD,Air India,1,9055,1629,10684
2026-08-17,2026-10-01,BLR-HYD,Akasa,45,2760,496,3256
2026-08-17,2026-10-01,BLR-HYD,Akasa,45,2507,451,2958
2026-08-17,2026-10-01,BLR-HYD,Akasa,45,2992,538,3530
2026-08-17,2026-10-01,BLR-HYD,Akasa,45,2763,497,3260
2026-08-17,2026-10-01,BLR-HYD,Akasa,45,2774,499,3273
2026-08-17,2026-09-16,BLR-HYD,Akasa,30,3269,588,3857
2026-08-17,2026-09-16,BLR-HYD,Akasa,30,2985,537,3522
2026-08-17,2026-09-16,BLR-HYD,Akasa,30,2873,517,3390
2026-08-17,2026-09-16,BLR-HYD,Akasa,30,2789,502,3291
2026-08-17,2026-09-16,BLR-HYD,Akasa,30,2881,518,3399
2026-08-17,2026-09-01,BLR-HYD,Akasa,15,3721,669,4390
2026-08-17,2026-09-01,BLR-HYD,Akasa,15,3585,645,4230
2026-08-17,2026-09-01,BLR-HYD,Akasa,15,3993,718,4711
2026-08-17,2026-09-01,BLR-HYD,Akasa,15,3824,688,4512
2026-08-17,2026-09-01,BLR-HYD,Akasa,15,3671,660,4331
2026-08-17,2026-08-24,BLR-HYD,Akasa,7,4999,899,5898
2026-08-17,2026-08-24,BLR-HYD,Akasa,7,5459,982,6441
2026-08-17,2026-08-24,BLR-HYD,Akasa,7,4481,806,5287
2026-08-17,2026-08-24,BLR-HYD,Akasa,7,5045,908,5953
2026-08-17,2026-08-24,BLR-HYD,Akasa,7,5492,988,6480
2026-08-17,2026-08-18,BLR-HYD,Akasa,1,6742,1213,7955
2026-08-17,2026-08-18,BLR-HYD,Akasa,1,7034,1266,8300
2026-08-17,2026-08-18,BLR-HYD,Akasa,1,7217,1299,8516
2026-08-17,2026-08-18,BLR-HYD,Akasa,1,7307,1315,8622
2026-08-17,2026-08-18,BLR-HYD,Akasa,1,7100,1278,8378
2026-08-17,2026-10-01,BLR-HYD,SpiceJet,45,2615,470,3085
2026-08-17,2026-10-01,BLR-HYD,SpiceJet,45,2362,425,2787
2026-08-17,2026-10-01,BLR-HYD,SpiceJet,45,2849,512,3361
2026-08-17,2026-10-01,BLR-HYD,SpiceJet,45,2676,481,3157
2026-08-17,2026-10-01,BLR-HYD,SpiceJet,45,2456,442,2898
2026-08-17,2026-09-16,BLR-HYD,SpiceJet,30,2496,449,2945
2026-08-17,2026-09-16,BLR-HYD,SpiceJet,30,2799,503,3302
2026-08-17,2026-09-16,BLR-HYD,SpiceJet,30,2636,474,3110
2026-08-17,2026-09-16,BLR-HYD,SpiceJet,30,2527,454,2981
2026-08-17,2026-09-16,BLR-HYD,SpiceJet,30,2560,460,3020
2026-08-17,2026-09-01,BLR-HYD,SpiceJet,15,3190,574,3764
2026-08-17,2026-09-01,BLR-HYD,SpiceJet,15,3846,692,4538
2026-08-17,2026-09-01,BLR-HYD,SpiceJet,15,3503,630,4133
2026-08-17,2026-09-01,BLR-HYD,SpiceJet,15,3753,675,4428
2026-08-17,2026-09-01,BLR-HYD,SpiceJet,15,3589,646,4235
2026-08-17,2026-08-24,BLR-HYD,SpiceJet,7,4124,742,4866
2026-08-17,2026-08-24,BLR-HYD,SpiceJet,7,5152,927,6079
2026-08-17,2026-08-24,BLR-HYD,SpiceJet,7,4405,792,5197
2026-08-17,2026-08-24,BLR-HYD,SpiceJet,7,4566,821,5387
2026-08-17,2026-08-24,BLR-HYD,SpiceJet,7,4083,734,4817
2026-08-17,2026-08-18,BLR-HYD,SpiceJet,1,6403,1152,7555
2026-08-17,2026-08-18,BLR-HYD,SpiceJet,1,6019,1083,7102
2026-08-17,2026-08-18,BLR-HYD,SpiceJet,1,7029,1265,8294
2026-08-17,2026-08-18,BLR-HYD,SpiceJet,1,6296,1133,7429
2026-08-17,2026-08-18,BLR-HYD,SpiceJet,1,7670,1380,9050
2026-08-18,2026-10-02,DEL-BOM,IndiGo,45,4174,751,4925
2026-08-18,2026-10-02,DEL-BOM,IndiGo,45,3857,694,4551
2026-08-18,2026-10-02,DEL-BOM,IndiGo,45,4474,805,5279
2026-08-18,2026-10-02,DEL-BOM,IndiGo,45,4666,839,5505
2026-08-18,2026-10-02,DEL-BOM,IndiGo,45,4553,819,5372
2026-08-18,2026-09-17,DEL-BOM,IndiGo,30,4994,898,5892
2026-08-18,2026-09-17,DEL-BOM,IndiGo,30,5117,921,6038
2026-08-18,2026-09-17,DEL-BOM,IndiGo,30,5117,921,6038
2026-08-18,2026-09-17,DEL-BOM,IndiGo,30,5026,904,5930
2026-08-18,2026-09-17,DEL-BOM,IndiGo,30,5103,918,6021
2026-08-18,2026-09-02,DEL-BOM,IndiGo,15,5518,993,6511
2026-08-18,2026-09-02,DEL-BOM,IndiGo,15,6336,1140,7476
2026-08-18,2026-09-02,DEL-BOM,IndiGo,15,5339,961,6300
2026-08-18,2026-09-02,DEL-BOM,IndiGo,15,5502,990,6492
2026-08-18,2026-09-02,DEL-BOM,IndiGo,15,6324,1138,7462
2026-08-18,2026-08-25,DEL-BOM,IndiGo,7,8259,1486,9745
2026-08-18,2026-08-25,DEL-BOM,IndiGo,7,7895,1421,9316
2026-08-18,2026-08-25,DEL-BOM,IndiGo,7,8053,1449,9502
2026-08-18,2026-08-25,DEL-BOM,IndiGo,7,8628,1553,10181
2026-08-18,2026-08-25,DEL-BOM,IndiGo,7,8483,1526,10009
2026-08-18,2026-08-19,DEL-BOM,IndiGo,1,10249,1844,12093
2026-08-18,2026-08-19,DEL-BOM,IndiGo,1,12732,2291,15023
2026-08-18,2026-08-19,DEL-BOM,IndiGo,1,10551,1899,12450
2026-08-18,2026-08-19,DEL-BOM,IndiGo,1,10352,1863,12215
2026-08-18,2026-08-19,DEL-BOM,IndiGo,1,12693,2284,14977
2026-08-18,2026-10-02,DEL-BOM,Air India,45,5097,917,6014
2026-08-18,2026-10-02,DEL-BOM,Air India,45,5412,974,6386
2026-08-18,2026-10-02,DEL-BOM,Air India,45,5519,993,6512
2026-08-18,2026-10-02,DEL-BOM,Air India,45,5165,929,6094
2026-08-18,2026-10-02,DEL-BOM,Air India,45,4619,831,5450
2026-08-18,2026-09-17,DEL-BOM,Air India,30,6032,1085,7117
2026-08-18,2026-09-17,DEL-BOM,Air India,30,5506,991,6497
2026-08-18,2026-09-17,DEL-BOM,Air India,30,5402,972,6374
2026-08-18,2026-09-17,DEL-BOM,Air India,30,4933,887,5820
2026-08-18,2026-09-17,DEL-BOM,Air India,30,5433,977,6410
2026-08-18,2026-09-02,DEL-BOM,Air India,15,6074,1093,7167
2026-08-18,2026-09-02,DEL-BOM,Air India,15,6079,1094,7173
2026-08-18,2026-09-02,DEL-BOM,Air India,15,6674,1201,7875
2026-08-18,2026-09-02,DEL-BOM,Air India,15,6628,1193,7821
2026-08-18,2026-09-02,DEL-BOM,Air India,15,5947,1070,7017
2026-08-18,2026-08-25,DEL-BOM,Air India,7,8915,1604,10519
2026-08-18,2026-08-25,DEL-BOM,Air India,7,8983,1616,10599
2026-08-18,2026-08-25,DEL-BOM,Air India,7,7890,1420,9310
2026-08-18,2026-08-25,DEL-BOM,Air India,7,9429,1697,11126
2026-08-18,2026-08-25,DEL-BOM,Air India,7,9649,1736,11385
2026-08-18,2026-08-19,DEL-BOM,Air India,1,14287,2571,16858
2026-08-18,2026-08-19,DEL-BOM,Air India,1,14136,2544,16680
2026-08-18,2026-08-19,DEL-BOM,Air India,1,14561,2620,17181
2026-08-18,2026-08-19,DEL-BOM,Air India,1,12449,2240,14689
2026-08-18,2026-08-19,DEL-BOM,Air India,1,13990,2518,16508
2026-08-18,2026-10-02,DEL-BOM,Akasa,45,3919,705,4624
2026-08-18,2026-10-02,DEL-BOM,Akasa,45,4405,792,5197
2026-08-18,2026-10-02,DEL-BOM,Akasa,45,3769,678,4447
2026-08-18,2026-10-02,DEL-BOM,Akasa,45,3739,673,4412
2026-08-18,2026-10-02,DEL-BOM,Akasa,45,4156,748,4904
2026-08-18,2026-09-17,DEL-BOM,Akasa,30,5021,903,5924
2026-08-18,2026-09-17,DEL-BOM,Akasa,30,4217,759,4976
2026-08-18,2026-09-17,DEL-BOM,Akasa,30,4292,772,5064
2026-08-18,2026-09-17,DEL-BOM,Akasa,30,4908,883,5791
2026-08-18,2026-09-17,DEL-BOM,Akasa,30,4809,865,5674
2026-08-18,2026-09-02,DEL-BOM,Akasa,15,5116,920,6036
2026-08-18,2026-09-02,DEL-BOM,Akasa,15,4964,893,5857
2026-08-18,2026-09-02,DEL-BOM,Akasa,15,5431,977,6408
2026-08-18,2026-09-02,DEL-BOM,Akasa,15,5784,1041,6825
2026-08-18,2026-09-02,DEL-BOM,Akasa,15,5492,988,6480
2026-08-18,2026-08-25,DEL-BOM,Akasa,7,7886,1419,9305
2026-08-18,2026-08-25,DEL-BOM,Akasa,7,8089,1456,9545
2026-08-18,2026-08-25,DEL-BOM,Akasa,7,6487,1167,7654
2026-08-18,2026-08-25,DEL-BOM,Akasa,7,8142,1465,9607
2026-08-18,2026-08-25,DEL-BOM,Akasa,7,6803,1224,8027
2026-08-18,2026-08-19,DEL-BOM,Akasa,1,10557,1900,12457
2026-08-18,2026-08-19,DEL-BOM,Akasa,1,11582,2084,13666
2026-08-18,2026-08-19,DEL-BOM,Akasa,1,11128,2003,13131
2026-08-18,2026-08-19,DEL-BOM,Akasa,1,9648,1736,11384
2026-08-18,2026-08-19,DEL-BOM,Akasa,1,10075,1813,11888
2026-08-18,2026-10-02,DEL-BOM,SpiceJet,45,4125,742,4867
2026-08-18,2026-10-02,DEL-BOM,SpiceJet,45,4282,770,5052
2026-08-18,2026-10-02,DEL-BOM,SpiceJet,45,4303,774,5077
2026-08-18,2026-10-02,DEL-BOM,SpiceJet,45,3793,682,4475
2026-08-18,2026-10-02,DEL-BOM,SpiceJet,45,3690,664,4354
2026-08-18,2026-09-17,DEL-BOM,SpiceJet,30,4667,840,5507
2026-08-18,2026-09-17,DEL-BOM,SpiceJet,30,3750,675,4425
2026-08-18,2026-09-17,DEL-BOM,SpiceJet,30,4777,859,5636
2026-08-18,2026-09-17,DEL-BOM,SpiceJet,30,4642,835,5477
2026-08-18,2026-09-17,DEL-BOM,SpiceJet,30,4510,811,5321
2026-08-18,2026-09-02,DEL-BOM,SpiceJet,15,5739,1033,6772
2026-08-18,2026-09-02,DEL-BOM,SpiceJet,15,4808,865,5673
2026-08-18,2026-09-02,DEL-BOM,SpiceJet,15,4657,838,5495
2026-08-18,2026-09-02,DEL-BOM,SpiceJet,15,5359,964,6323
2026-08-18,2026-09-02,DEL-BOM,SpiceJet,15,5262,947,6209
2026-08-18,2026-08-25,DEL-BOM,SpiceJet,7,6458,1162,7620
2026-08-18,2026-08-25,DEL-BOM,SpiceJet,7,7607,1369,8976
2026-08-18,2026-08-25,DEL-BOM,SpiceJet,7,7121,1281,8402
2026-08-18,2026-08-25,DEL-BOM,SpiceJet,7,6937,1248,8185
2026-08-18,2026-08-25,DEL-BOM,SpiceJet,7,6810,1225,8035
2026-08-18,2026-08-19,DEL-BOM,SpiceJet,1,10153,1827,11980
2026-08-18,2026-08-19,DEL-BOM,SpiceJet,1,9593,1726,11319
2026-08-18,2026-08-19,DEL-BOM,SpiceJet,1,11455,2061,13516
2026-08-18,2026-08-19,DEL-BOM,SpiceJet,1,9115,1640,10755
2026-08-18,2026-08-19,DEL-BOM,SpiceJet,1,9702,1746,11448
2026-08-18,2026-10-02,DEL-BLR,IndiGo,45,5769,1038,6807
2026-08-18,2026-10-02,DEL-BLR,IndiGo,45,6180,1112,7292
2026-08-18,2026-10-02,DEL-BLR,IndiGo,45,5746,1034,6780
2026-08-18,2026-10-02,DEL-BLR,IndiGo,45,4990,898,5888
2026-08-18,2026-10-02,DEL-BLR,IndiGo,45,5163,929,6092
2026-08-18,2026-09-17,DEL-BLR,IndiGo,30,6469,1164,7633
2026-08-18,2026-09-17,DEL-BLR,IndiGo,30,6416,1154,7570
2026-08-18,2026-09-17,DEL-BLR,IndiGo,30,6584,1185,7769
2026-08-18,2026-09-17,DEL-BLR,IndiGo,30,6351,1143,7494
2026-08-18,2026-09-17,DEL-BLR,IndiGo,30,6342,1141,7483
2026-08-18,2026-09-02,DEL-BLR,IndiGo,15,8370,1506,9876
2026-08-18,2026-09-02,DEL-BLR,IndiGo,15,8487,1527,10014
2026-08-18,2026-09-02,DEL-BLR,IndiGo,15,7735,1392,9127
2026-08-18,2026-09-02,DEL-BLR,IndiGo,15,6933,1247,8180
2026-08-18,2026-09-02,DEL-BLR,IndiGo,15,7317,1317,8634
2026-08-18,2026-08-25,DEL-BLR,IndiGo,7,9860,1774,11634
2026-08-18,2026-08-25,DEL-BLR,IndiGo,7,9247,1664,10911
2026-08-18,2026-08-25,DEL-BLR,IndiGo,7,10217,1839,12056
2026-08-18,2026-08-25,DEL-BLR,IndiGo,7,11355,2043,13398
2026-08-18,2026-08-25,DEL-BLR,IndiGo,7,9423,1696,11119
2026-08-18,2026-08-19,DEL-BLR,IndiGo,1,13521,2433,15954
2026-08-18,2026-08-19,DEL-BLR,IndiGo,1,15323,2758,18081
2026-08-18,2026-08-19,DEL-BLR,IndiGo,1,14305,2574,16879
2026-08-18,2026-08-19,DEL-BLR,IndiGo,1,16448,2960,19408
2026-08-18,2026-08-19,DEL-BLR,IndiGo,1,13897,2501,16398
2026-08-18,2026-10-02,DEL-BLR,Air India,45,6271,1128,7399
2026-08-18,2026-10-02,DEL-BLR,Air India,45,7033,1265,8298
2026-08-18,2026-10-02,DEL-BLR,Air India,45,6086,1095,7181
2026-08-18,2026-10-02,DEL-BLR,Air India,45,6909,1243,8152
2026-08-18,2026-10-02,DEL-BLR,Air India,45,5749,1034,6783
2026-08-18,2026-09-17,DEL-BLR,Air India,30,6972,1254,8226
2026-08-18,2026-09-17,DEL-BLR,Air India,30,7412,1334,8746
2026-08-18,2026-09-17,DEL-BLR,Air India,30,7320,1317,8637
2026-08-18,2026-09-17,DEL-BLR,Air India,30,7839,1411,9250
2026-08-18,2026-09-17,DEL-BLR,Air India,30,6364,1145,7509
2026-08-18,2026-09-02,DEL-BLR,Air India,15,9140,1645,10785
2026-08-18,2026-09-02,DEL-BLR,Air India,15,8701,1566,10267
2026-08-18,2026-09-02,DEL-BLR,Air India,15,9041,1627,10668
2026-08-18,2026-09-02,DEL-BLR,Air India,15,9197,1655,10852
2026-08-18,2026-09-02,DEL-BLR,Air India,15,9130,1643,10773
2026-08-18,2026-08-25,DEL-BLR,Air India,7,12795,2303,15098
2026-08-18,2026-08-25,DEL-BLR,Air India,7,10486,1887,12373
2026-08-18,2026-08-25,DEL-BLR,Air India,7,10374,1867,12241
2026-08-18,2026-08-25,DEL-BLR,Air India,7,10893,1960,12853
2026-08-18,2026-08-25,DEL-BLR,Air India,7,12525,2254,14779
2026-08-18,2026-08-19,DEL-BLR,Air India,1,15199,2735,17934
2026-08-18,2026-08-19,DEL-BLR,Air India,1,17920,3225,21145
2026-08-18,2026-08-19,DEL-BLR,Air India,1,15453,2781,18234
2026-08-18,2026-08-19,DEL-BLR,Air India,1,17834,3210,21044
2026-08-18,2026-08-19,DEL-BLR,Air India,1,18025,3244,21269
2026-08-18,2026-10-02,DEL-BLR,Akasa,45,5169,930,6099
2026-08-18,2026-10-02,DEL-BLR,Akasa,45,4986,897,5883
2026-08-18,2026-10-02,DEL-BLR,Akasa,45,4950,891,5841
2026-08-18,2026-10-02,DEL-BLR,Akasa,45,5336,960,6296
2026-08-18,2026-10-02,DEL-BLR,Akasa,45,5189,934,6123
2026-08-18,2026-09-17,DEL-BLR,Akasa,30,6011,1081,7092
2026-08-18,2026-09-17,DEL-BLR,Akasa,30,5750,1035,6785
2026-08-18,2026-09-17,DEL-BLR,Akasa,30,6425,1156,7581
2026-08-18,2026-09-17,DEL-BLR,Akasa,30,6483,1166,7649
2026-08-18,2026-09-17,DEL-BLR,Akasa,30,6534,1176,7710
2026-08-18,2026-09-02,DEL-BLR,Akasa,15,6429,1157,7586
2026-08-18,2026-09-02,DEL-BLR,Akasa,15,7534,1356,8890
2026-08-18,2026-09-02,DEL-BLR,Akasa,15,7792,1402,9194
2026-08-18,2026-09-02,DEL-BLR,Akasa,15,6943,1249,8192
2026-08-18,2026-09-02,DEL-BLR,Akasa,15,7037,1266,8303
2026-08-18,2026-08-25,DEL-BLR,Akasa,7,9671,1740,11411
2026-08-18,2026-08-25,DEL-BLR,Akasa,7,10030,1805,11835
2026-08-18,2026-08-25,DEL-BLR,Akasa,7,9398,1691,11089
2026-08-18,2026-08-25,DEL-BLR,Akasa,7,9348,1682,11030
2026-08-18,2026-08-25,DEL-BLR,Akasa,7,9634,1734,11368
2026-08-18,2026-08-19,DEL-BLR,Akasa,1,14826,2668,17494
2026-08-18,2026-08-19,DEL-BLR,Akasa,1,13406,2413,15819
2026-08-18,2026-08-19,DEL-BLR,Akasa,1,13210,2377,15587
2026-08-18,2026-08-19,DEL-BLR,Akasa,1,15519,2793,18312
2026-08-18,2026-08-19,DEL-BLR,Akasa,1,12820,2307,15127
2026-08-18,2026-10-02,DEL-BLR,SpiceJet,45,4955,891,5846
2026-08-18,2026-10-02,DEL-BLR,SpiceJet,45,4808,865,5673
2026-08-18,2026-10-02,DEL-BLR,SpiceJet,45,4621,831,5452
2026-08-18,2026-10-02,DEL-BLR,SpiceJet,45,5259,946,6205
2026-08-18,2026-10-02,DEL-BLR,SpiceJet,45,5364,965,6329
2026-08-18,2026-09-17,DEL-BLR,SpiceJet,30,4909,883,5792
2026-08-18,2026-09-17,DEL-BLR,SpiceJet,30,5883,1058,6941
2026-08-18,2026-09-17,DEL-BLR,SpiceJet,30,6112,1100,7212
2026-08-18,2026-09-17,DEL-BLR,SpiceJet,30,4928,887,5815
2026-08-18,2026-09-17,DEL-BLR,SpiceJet,30,5255,945,6200
2026-08-18,2026-09-02,DEL-BLR,SpiceJet,15,6618,1191,7809
2026-08-18,2026-09-02,DEL-BLR,SpiceJet,15,6739,1213,7952
2026-08-18,2026-09-02,DEL-BLR,SpiceJet,15,6952,1251,8203
2026-08-18,2026-09-02,DEL-BLR,SpiceJet,15,7280,1310,8590
2026-08-18,2026-09-02,DEL-BLR,SpiceJet,15,6566,1181,7747
2026-08-18,2026-08-25,DEL-BLR,SpiceJet,7,8716,1568,10284
2026-08-18,2026-08-25,DEL-BLR,SpiceJet,7,8578,1544,10122
2026-08-18,2026-08-25,DEL-BLR,SpiceJet,7,8829,1589,10418
2026-08-18,2026-08-25,DEL-BLR,SpiceJet,7,8498,1529,10027
2026-08-18,2026-08-25,DEL-BLR,SpiceJet,7,10057,1810,11867
2026-08-18,2026-08-19,DEL-BLR,SpiceJet,1,12153,2187,14340
2026-08-18,2026-08-19,DEL-BLR,SpiceJet,1,13330,2399,15729
2026-08-18,2026-08-19,DEL-BLR,SpiceJet,1,13937,2508,16445
2026-08-18,2026-08-19,DEL-BLR,SpiceJet,1,13423,2416,15839
2026-08-18,2026-08-19,DEL-BLR,SpiceJet,1,12187,2193,14380
2026-08-18,2026-10-02,BOM-BLR,IndiGo,45,3507,631,4138
2026-08-18,2026-10-02,BOM-BLR,IndiGo,45,3317,597,3914
2026-08-18,2026-10-02,BOM-BLR,IndiGo,45,3227,580,3807
2026-08-18,2026-10-02,BOM-BLR,IndiGo,45,4024,724,4748
2026-08-18,2026-10-02,BOM-BLR,IndiGo,45,3402,612,4014
2026-08-18,2026-09-17,BOM-BLR,IndiGo,30,3510,631,4141
2026-08-18,2026-09-17,BOM-BLR,IndiGo,30,3617,651,4268
2026-08-18,2026-09-17,BOM-BLR,IndiGo,30,4416,794,5210
2026-08-18,2026-09-17,BOM-BLR,IndiGo,30,3757,676,4433
2026-08-18,2026-09-17,BOM-BLR,IndiGo,30,4312,776,5088
2026-08-18,2026-09-02,BOM-BLR,IndiGo,15,4302,774,5076
2026-08-18,2026-09-02,BOM-BLR,IndiGo,15,4814,866,5680
2026-08-18,2026-09-02,BOM-BLR,IndiGo,15,4391,790,5181
2026-08-18,2026-09-02,BOM-BLR,IndiGo,15,4535,816,5351
2026-08-18,2026-09-02,BOM-BLR,IndiGo,15,4984,897,5881
2026-08-18,2026-08-25,BOM-BLR,IndiGo,7,6105,1098,7203
2026-08-18,2026-08-25,BOM-BLR,IndiGo,7,7041,1267,8308
2026-08-18,2026-08-25,BOM-BLR,IndiGo,7,7242,1303,8545
2026-08-18,2026-08-25,BOM-BLR,IndiGo,7,6170,1110,7280
2026-08-18,2026-08-25,BOM-BLR,IndiGo,7,7166,1289,8455
2026-08-18,2026-08-19,BOM-BLR,IndiGo,1,8586,1545,10131
2026-08-18,2026-08-19,BOM-BLR,IndiGo,1,10217,1839,12056
2026-08-18,2026-08-19,BOM-BLR,IndiGo,1,9072,1632,10704
2026-08-18,2026-08-19,BOM-BLR,IndiGo,1,9576,1723,11299
2026-08-18,2026-08-19,BOM-BLR,IndiGo,1,10499,1889,12388
2026-08-18,2026-10-02,BOM-BLR,Air India,45,4449,800,5249
2026-08-18,2026-10-02,BOM-BLR,Air India,45,4466,803,5269
2026-08-18,2026-10-02,BOM-BLR,Air India,45,3996,719,4715
2026-08-18,2026-10-02,BOM-BLR,Air India,45,4508,811,5319
2026-08-18,2026-10-02,BOM-BLR,Air India,45,3886,699,4585
2026-08-18,2026-09-17,BOM-BLR,Air India,30,4657,838,5495
2026-08-18,2026-09-17,BOM-BLR,Air India,30,4248,764,5012
2026-08-18,2026-09-17,BOM-BLR,Air India,30,4206,757,4963
2026-08-18,2026-09-17,BOM-BLR,Air India,30,4991,898,5889
2026-08-18,2026-09-17,BOM-BLR,Air India,30,4479,806,5285
2026-08-18,2026-09-02,BOM-BLR,Air India,15,6228,1121,7349
2026-08-18,2026-09-02,BOM-BLR,Air India,15,6066,1091,7157
2026-08-18,2026-09-02,BOM-BLR,Air India,15,5230,941,6171
2026-08-18,2026-09-02,BOM-BLR,Air India,15,5539,997,6536
2026-08-18,2026-09-02,BOM-BLR,Air India,15,6084,1095,7179
2026-08-18,2026-08-25,BOM-BLR,Air India,7,7646,1376,9022
2026-08-18,2026-08-25,BOM-BLR,Air India,7,6533,1175,7708
2026-08-18,2026-08-25,BOM-BLR,Air India,7,7483,1346,8829
2026-08-18,2026-08-25,BOM-BLR,Air India,7,6848,1232,8080
2026-08-18,2026-08-25,BOM-BLR,Air India,7,6772,1218,7990
2026-08-18,2026-08-19,BOM-BLR,Air India,1,11650,2097,13747
2026-08-18,2026-08-19,BOM-BLR,Air India,1,11238,2022,13260
2026-08-18,2026-08-19,BOM-BLR,Air India,1,9893,1780,11673
2026-08-18,2026-08-19,BOM-BLR,Air India,1,11236,2022,13258
2026-08-18,2026-08-19,BOM-BLR,Air India,1,9681,1742,11423
2026-08-18,2026-10-02,BOM-BLR,Akasa,45,3258,586,3844
2026-08-18,2026-10-02,BOM-BLR,Akasa,45,3384,609,3993
2026-08-18,2026-10-02,BOM-BLR,Akasa,45,3679,662,4341
2026-08-18,2026-10-02,BOM-BLR,Akasa,45,3529,635,4164
2026-08-18,2026-10-02,BOM-BLR,Akasa,45,3338,600,3938
2026-08-18,2026-09-17,BOM-BLR,Akasa,30,3922,705,4627
2026-08-18,2026-09-17,BOM-BLR,Akasa,30,3653,657,4310
2026-08-18,2026-09-17,BOM-BLR,Akasa,30,3805,684,4489
2026-08-18,2026-09-17,BOM-BLR,Akasa,30,3511,631,4142
2026-08-18,2026-09-17,BOM-BLR,Akasa,30,3889,700,4589
2026-08-18,2026-09-02,BOM-BLR,Akasa,15,4990,898,5888
2026-08-18,2026-09-02,BOM-BLR,Akasa,15,4327,778,5105
2026-08-18,2026-09-02,BOM-BLR,Akasa,15,4108,739,4847
2026-08-18,2026-09-02,BOM-BLR,Akasa,15,4688,843,5531
2026-08-18,2026-09-02,BOM-BLR,Akasa,15,4604,828,5432
2026-08-18,2026-08-25,BOM-BLR,Akasa,7,5608,1009,6617
2026-08-18,2026-08-25,BOM-BLR,Akasa,7,6149,1106,7255
2026-08-18,2026-08-25,BOM-BLR,Akasa,7,6264,1127,7391
2026-08-18,2026-08-25,BOM-BLR,Akasa,7,6569,1182,7751
2026-08-18,2026-08-25,BOM-BLR,Akasa,7,6590,1186,7776
2026-08-18,2026-08-19,BOM-BLR,Akasa,1,8409,1513,9922
2026-08-18,2026-08-19,BOM-BLR,Akasa,1,8562,1541,10103
2026-08-18,2026-08-19,BOM-BLR,Akasa,1,9169,1650,10819
2026-08-18,2026-08-19,BOM-BLR,Akasa,1,8448,1520,9968
2026-08-18,2026-08-19,BOM-BLR,Akasa,1,10098,1817,11915
2026-08-18,2026-10-02,BOM-BLR,SpiceJet,45,3620,651,4271
2026-08-18,2026-10-02,BOM-BLR,SpiceJet,45,3596,647,4243
2026-08-18,2026-10-02,BOM-BLR,SpiceJet,45,3507,631,4138
2026-08-18,2026-10-02,BOM-BLR,SpiceJet,45,3519,633,4152
2026-08-18,2026-10-02,BOM-BLR,SpiceJet,45,2979,536,3515
2026-08-18,2026-09-17,BOM-BLR,SpiceJet,30,3451,621,4072
2026-08-18,2026-09-17,BOM-BLR,SpiceJet,30,3198,575,3773
2026-08-18,2026-09-17,BOM-BLR,SpiceJet,30,3172,570,3742
2026-08-18,2026-09-17,BOM-BLR,SpiceJet,30,3368,606,3974
2026-08-18,2026-09-17,BOM-BLR,SpiceJet,30,3357,604,3961
2026-08-18,2026-09-02,BOM-BLR,SpiceJet,15,4404,792,5196
2026-08-18,2026-09-02,BOM-BLR,SpiceJet,15,4132,743,4875
2026-08-18,2026-09-02,BOM-BLR,SpiceJet,15,4010,721,4731
2026-08-18,2026-09-02,BOM-BLR,SpiceJet,15,4537,816,5353
2026-08-18,2026-09-02,BOM-BLR,SpiceJet,15,3982,716,4698
2026-08-18,2026-08-25,BOM-BLR,SpiceJet,7,5890,1060,6950
2026-08-18,2026-08-25,BOM-BLR,SpiceJet,7,6343,1141,7484
2026-08-18,2026-08-25,BOM-BLR,SpiceJet,7,5500,990,6490
2026-08-18,2026-08-25,BOM-BLR,SpiceJet,7,5670,1020,6690
2026-08-18,2026-08-25,BOM-BLR,SpiceJet,7,5579,1004,6583
2026-08-18,2026-08-19,BOM-BLR,SpiceJet,1,9003,1620,10623
2026-08-18,2026-08-19,BOM-BLR,SpiceJet,1,7615,1370,8985
2026-08-18,2026-08-19,BOM-BLR,SpiceJet,1,9035,1626,10661
2026-08-18,2026-08-19,BOM-BLR,SpiceJet,1,9271,1668,10939
2026-08-18,2026-08-19,BOM-BLR,SpiceJet,1,9254,1665,10919
2026-08-18,2026-10-02,DEL-CCU,IndiGo,45,5096,917,6013
2026-08-18,2026-10-02,DEL-CCU,IndiGo,45,4791,862,5653
2026-08-18,2026-10-02,DEL-CCU,IndiGo,45,4552,819,5371
2026-08-18,2026-10-02,DEL-CCU,IndiGo,45,5306,955,6261
2026-08-18,2026-10-02,DEL-CCU,IndiGo,45,4368,786,5154
2026-08-18,2026-09-17,DEL-CCU,IndiGo,30,4752,855,5607
2026-08-18,2026-09-17,DEL-CCU,IndiGo,30,5163,929,6092
2026-08-18,2026-09-17,DEL-CCU,IndiGo,30,5568,1002,6570
2026-08-18,2026-09-17,DEL-CCU,IndiGo,30,5737,1032,6769
2026-08-18,2026-09-17,DEL-CCU,IndiGo,30,5568,1002,6570
2026-08-18,2026-09-02,DEL-CCU,IndiGo,15,6142,1105,7247
2026-08-18,2026-09-02,DEL-CCU,IndiGo,15,7142,1285,8427
2026-08-18,2026-09-02,DEL-CCU,IndiGo,15,6084,1095,7179
2026-08-18,2026-09-02,DEL-CCU,IndiGo,15,5845,1052,6897
2026-08-18,2026-09-02,DEL-CCU,IndiGo,15,5935,1068,7003
2026-08-18,2026-08-25,DEL-CCU,IndiGo,7,8410,1513,9923
2026-08-18,2026-08-25,DEL-CCU,IndiGo,7,8658,1558,10216
2026-08-18,2026-08-25,DEL-CCU,IndiGo,7,8366,1505,9871
2026-08-18,2026-08-25,DEL-CCU,IndiGo,7,8058,1450,9508
2026-08-18,2026-08-25,DEL-CCU,IndiGo,7,9396,1691,11087
2026-08-18,2026-08-19,DEL-CCU,IndiGo,1,14172,2550,16722
2026-08-18,2026-08-19,DEL-CCU,IndiGo,1,12876,2317,15193
2026-08-18,2026-08-19,DEL-CCU,IndiGo,1,14597,2627,17224
2026-08-18,2026-08-19,DEL-CCU,IndiGo,1,11826,2128,13954
2026-08-18,2026-08-19,DEL-CCU,IndiGo,1,14553,2619,17172
2026-08-18,2026-10-02,DEL-CCU,Air India,45,5409,973,6382
2026-08-18,2026-10-02,DEL-CCU,Air India,45,5591,1006,6597
2026-08-18,2026-10-02,DEL-CCU,Air India,45,6056,1090,7146
2026-08-18,2026-10-02,DEL-CCU,Air India,45,6086,1095,7181
2026-08-18,2026-10-02,DEL-CCU,Air India,45,5390,970,6360
2026-08-18,2026-09-17,DEL-CCU,Air India,30,6015,1082,7097
2026-08-18,2026-09-17,DEL-CCU,Air India,30,6286,1131,7417
2026-08-18,2026-09-17,DEL-CCU,Air India,30,6527,1174,7701
2026-08-18,2026-09-17,DEL-CCU,Air India,30,5475,985,6460
2026-08-18,2026-09-17,DEL-CCU,Air India,30,6607,1189,7796
2026-08-18,2026-09-02,DEL-CCU,Air India,15,7587,1365,8952
2026-08-18,2026-09-02,DEL-CCU,Air India,15,7579,1364,8943
2026-08-18,2026-09-02,DEL-CCU,Air India,15,8170,1470,9640
2026-08-18,2026-09-02,DEL-CCU,Air India,15,7365,1325,8690
2026-08-18,2026-09-02,DEL-CCU,Air India,15,7799,1403,9202
2026-08-18,2026-08-25,DEL-CCU,Air India,7,10246,1844,12090
2026-08-18,2026-08-25,DEL-CCU,Air India,7,9888,1779,11667
2026-08-18,2026-08-25,DEL-CCU,Air India,7,10969,1974,12943
2026-08-18,2026-08-25,DEL-CCU,Air India,7,9284,1671,10955
2026-08-18,2026-08-25,DEL-CCU,Air India,7,9328,1679,11007
2026-08-18,2026-08-19,DEL-CCU,Air India,1,15587,2805,18392
2026-08-18,2026-08-19,DEL-CCU,Air India,1,14893,2680,17573
2026-08-18,2026-08-19,DEL-CCU,Air India,1,15641,2815,18456
2026-08-18,2026-08-19,DEL-CCU,Air India,1,13651,2457,16108
2026-08-18,2026-08-19,DEL-CCU,Air India,1,13998,2519,16517
2026-08-18,2026-10-02,DEL-CCU,Akasa,45,4135,744,4879
2026-08-18,2026-10-02,DEL-CCU,Akasa,45,4931,887,5818
2026-08-18,2026-10-02,DEL-CCU,Akasa,45,4197,755,4952
2026-08-18,2026-10-02,DEL-CCU,Akasa,45,4192,754,4946
2026-08-18,2026-10-02,DEL-CCU,Akasa,45,4918,885,5803
2026-08-18,2026-09-17,DEL-CCU,Akasa,30,4772,858,5630
2026-08-18,2026-09-17,DEL-CCU,Akasa,30,4600,828,5428
2026-08-18,2026-09-17,DEL-CCU,Akasa,30,5667,1020,6687
2026-08-18,2026-09-17,DEL-CCU,Akasa,30,5381,968,6349
2026-08-18,2026-09-17,DEL-CCU,Akasa,30,4799,863,5662
2026-08-18,2026-09-02,DEL-CCU,Akasa,15,7076,1273,8349
2026-08-18,2026-09-02,DEL-CCU,Akasa,15,6014,1082,7096
2026-08-18,2026-09-02,DEL-CCU,Akasa,15,6584,1185,7769
2026-08-18,2026-09-02,DEL-CCU,Akasa,15,5847,1052,6899
2026-08-18,2026-09-02,DEL-CCU,Akasa,15,6659,1198,7857
2026-08-18,2026-08-25,DEL-CCU,Akasa,7,9034,1626,10660
2026-08-18,2026-08-25,DEL-CCU,Akasa,7,7743,1393,9136
2026-08-18,2026-08-25,DEL-CCU,Akasa,7,7928,1427,9355
2026-08-18,2026-08-25,DEL-CCU,Akasa,7,8192,1474,9666
2026-08-18,2026-08-25,DEL-CCU,Akasa,7,8398,1511,9909
2026-08-18,2026-08-19,DEL-CCU,Akasa,1,12420,2235,14655
2026-08-18,2026-08-19,DEL-CCU,Akasa,1,11506,2071,13577
2026-08-18,2026-08-19,DEL-CCU,Akasa,1,11660,2098,13758
2026-08-18,2026-08-19,DEL-CCU,Akasa,1,10995,1979,12974
2026-08-18,2026-08-19,DEL-CCU,Akasa,1,11260,2026,13286
2026-08-18,2026-10-02,DEL-CCU,SpiceJet,45,4108,739,4847
2026-08-18,2026-10-02,DEL-CCU,SpiceJet,45,4908,883,5791
2026-08-18,2026-10-02,DEL-CCU,SpiceJet,45,4736,852,5588
2026-08-18,2026-10-02,DEL-CCU,SpiceJet,45,4387,789,5176
2026-08-18,2026-10-02,DEL-CCU,SpiceJet,45,4612,830,5442
2026-08-18,2026-09-17,DEL-CCU,SpiceJet,30,4665,839,5504
2026-08-18,2026-09-17,DEL-CCU,SpiceJet,30,4531,815,5346
2026-08-18,2026-09-17,DEL-CCU,SpiceJet,30,5351,963,6314
2026-08-18,2026-09-17,DEL-CCU,SpiceJet,30,4684,843,5527
2026-08-18,2026-09-17,DEL-CCU,SpiceJet,30,4855,873,5728
2026-08-18,2026-09-02,DEL-CCU,SpiceJet,15,5536,996,6532
2026-08-18,2026-09-02,DEL-CCU,SpiceJet,15,5593,1006,6599
2026-08-18,2026-09-02,DEL-CCU,SpiceJet,15,6066,1091,7157
2026-08-18,2026-09-02,DEL-CCU,SpiceJet,15,5812,1046,6858
2026-08-18,2026-09-02,DEL-CCU,SpiceJet,15,5447,980,6427
2026-08-18,2026-08-25,DEL-CCU,SpiceJet,7,7789,1402,9191
2026-08-18,2026-08-25,DEL-CCU,SpiceJet,7,8559,1540,10099
2026-08-18,2026-08-25,DEL-CCU,SpiceJet,7,8015,1442,9457
2026-08-18,2026-08-25,DEL-CCU,SpiceJet,7,8588,1545,10133
2026-08-18,2026-08-25,DEL-CCU,SpiceJet,7,8680,1562,10242
2026-08-18,2026-08-19,DEL-CCU,SpiceJet,1,10952,1971,12923
2026-08-18,2026-08-19,DEL-CCU,SpiceJet,1,11769,2118,13887
2026-08-18,2026-08-19,DEL-CCU,SpiceJet,1,12649,2276,14925
2026-08-18,2026-08-19,DEL-CCU,SpiceJet,1,11555,2079,13634
2026-08-18,2026-08-19,DEL-CCU,SpiceJet,1,11126,2002,13128
2026-08-18,2026-10-02,BLR-HYD,IndiGo,45,3091,556,3647
2026-08-18,2026-10-02,BLR-HYD,IndiGo,45,3041,547,3588
2026-08-18,2026-10-02,BLR-HYD,IndiGo,45,2940,529,3469
2026-08-18,2026-10-02,BLR-HYD,IndiGo,45,3123,562,3685
2026-08-18,2026-10-02,BLR-HYD,IndiGo,45,3008,541,3549
2026-08-18,2026-09-17,BLR-HYD,IndiGo,30,3059,550,3609
2026-08-18,2026-09-17,BLR-HYD,IndiGo,30,3351,603,3954
2026-08-18,2026-09-17,BLR-HYD,IndiGo,30,3120,561,3681
2026-08-18,2026-09-17,BLR-HYD,IndiGo,30,3396,611,4007
2026-08-18,2026-09-17,BLR-HYD,IndiGo,30,2862,515,3377
2026-08-18,2026-09-02,BLR-HYD,IndiGo,15,4291,772,5063
2026-08-18,2026-09-02,BLR-HYD,IndiGo,15,3642,655,4297
2026-08-18,2026-09-02,BLR-HYD,IndiGo,15,3615,650,4265
2026-08-18,2026-09-02,BLR-HYD,IndiGo,15,3421,615,4036
2026-08-18,2026-09-02,BLR-HYD,IndiGo,15,3851,693,4544
2026-08-18,2026-08-25,BLR-HYD,IndiGo,7,4947,890,5837
2026-08-18,2026-08-25,BLR-HYD,IndiGo,7,4616,830,5446
2026-08-18,2026-08-25,BLR-HYD,IndiGo,7,5795,1043,6838
2026-08-18,2026-08-25,BLR-HYD,IndiGo,7,4922,885,5807
2026-08-18,2026-08-25,BLR-HYD,IndiGo,7,5059,910,5969
2026-08-18,2026-08-19,BLR-HYD,IndiGo,1,8268,1488,9756
2026-08-18,2026-08-19,BLR-HYD,IndiGo,1,7710,1387,9097
2026-08-18,2026-08-19,BLR-HYD,IndiGo,1,6886,1239,8125
2026-08-18,2026-08-19,BLR-HYD,IndiGo,1,7171,1290,8461
2026-08-18,2026-08-19,BLR-HYD,IndiGo,1,6888,1239,8127
2026-08-18,2026-10-02,BLR-HYD,Air India,45,3065,551,3616
2026-08-18,2026-10-02,BLR-HYD,Air India,45,3560,640,4200
2026-08-18,2026-10-02,BLR-HYD,Air India,45,3606,649,4255
2026-08-18,2026-10-02,BLR-HYD,Air India,45,3256,586,3842
2026-08-18,2026-10-02,BLR-HYD,Air India,45,3472,624,4096
2026-08-18,2026-09-17,BLR-HYD,Air India,30,3304,594,3898
2026-08-18,2026-09-17,BLR-HYD,Air India,30,3886,699,4585
2026-08-18,2026-09-17,BLR-HYD,Air India,30,3858,694,4552
2026-08-18,2026-09-17,BLR-HYD,Air India,30,3478,626,4104
2026-08-18,2026-09-17,BLR-HYD,Air India,30,3404,612,4016
2026-08-18,2026-09-02,BLR-HYD,Air India,15,4269,768,5037
2026-08-18,2026-09-02,BLR-HYD,Air India,15,4963,893,5856
2026-08-18,2026-09-02,BLR-HYD,Air India,15,4850,873,5723
2026-08-18,2026-09-02,BLR-HYD,Air India,15,4752,855,5607
2026-08-18,2026-09-02,BLR-HYD,Air India,15,4667,840,5507
2026-08-18,2026-08-25,BLR-HYD,Air India,7,5912,1064,6976
2026-08-18,2026-08-25,BLR-HYD,Air India,7,5739,1033,6772
2026-08-18,2026-08-25,BLR-HYD,Air India,7,5301,954,6255
2026-08-18,2026-08-25,BLR-HYD,Air India,7,6214,1118,7332
2026-08-18,2026-08-25,BLR-HYD,Air India,7,5440,979,6419
2026-08-18,2026-08-19,BLR-HYD,Air India,1,8123,1462,9585
2026-08-18,2026-08-19,BLR-HYD,Air India,1,8267,1488,9755
2026-08-18,2026-08-19,BLR-HYD,Air India,1,8214,1478,9692
2026-08-18,2026-08-19,BLR-HYD,Air India,1,9077,1633,10710
2026-08-18,2026-08-19,BLR-HYD,Air India,1,8141,1465,9606
2026-08-18,2026-10-02,BLR-HYD,Akasa,45,2669,480,3149
2026-08-18,2026-10-02,BLR-HYD,Akasa,45,2876,517,3393
2026-08-18,2026-10-02,BLR-HYD,Akasa,45,2799,503,3302
2026-08-18,2026-10-02,BLR-HYD,Akasa,45,2565,461,3026
2026-08-18,2026-10-02,BLR-HYD,Akasa,45,2573,463,3036
2026-08-18,2026-09-17,BLR-HYD,Akasa,30,2824,508,3332
2026-08-18,2026-09-17,BLR-HYD,Akasa,30,2986,537,3523
2026-08-18,2026-09-17,BLR-HYD,Akasa,30,3251,585,3836
2026-08-18,2026-09-17,BLR-HYD,Akasa,30,2722,489,3211
2026-08-18,2026-09-17,BLR-HYD,Akasa,30,2909,523,3432
2026-08-18,2026-09-02,BLR-HYD,Akasa,15,3558,640,4198
2026-08-18,2026-09-02,BLR-HYD,Akasa,15,4106,739,4845
2026-08-18,2026-09-02,BLR-HYD,Akasa,15,3365,605,3970
2026-08-18,2026-09-02,BLR-HYD,Akasa,15,3246,584,3830
2026-08-18,2026-09-02,BLR-HYD,Akasa,15,3706,667,4373
2026-08-18,2026-08-25,BLR-HYD,Akasa,7,5359,964,6323
2026-08-18,2026-08-25,BLR-HYD,Akasa,7,4608,829,5437
2026-08-18,2026-08-25,BLR-HYD,Akasa,7,5366,965,6331
2026-08-18,2026-08-25,BLR-HYD,Akasa,7,4724,850,5574
2026-08-18,2026-08-25,BLR-HYD,Akasa,7,5169,930,6099
2026-08-18,2026-08-19,BLR-HYD,Akasa,1,7633,1373,9006
2026-08-18,2026-08-19,BLR-HYD,Akasa,1,6615,1190,7805
2026-08-18,2026-08-19,BLR-HYD,Akasa,1,7722,1389,9111
2026-08-18,2026-08-19,BLR-HYD,Akasa,1,7528,1355,8883
2026-08-18,2026-08-19,BLR-HYD,Akasa,1,7339,1321,8660
2026-08-18,2026-10-02,BLR-HYD,SpiceJet,45,2434,438,2872
2026-08-18,2026-10-02,BLR-HYD,SpiceJet,45,2659,478,3137
2026-08-18,2026-10-02,BLR-HYD,SpiceJet,45,2754,495,3249
2026-08-18,2026-10-02,BLR-HYD,SpiceJet,45,2609,469,3078
2026-08-18,2026-10-02,BLR-HYD,SpiceJet,45,2333,419,2752
2026-08-18,2026-09-17,BLR-HYD,SpiceJet,30,2671,480,3151
2026-08-18,2026-09-17,BLR-HYD,SpiceJet,30,2863,515,3378
2026-08-18,2026-09-17,BLR-HYD,SpiceJet,30,3116,560,3676
2026-08-18,2026-09-17,BLR-HYD,SpiceJet,30,3127,562,3689
2026-08-18,2026-09-17,BLR-HYD,SpiceJet,30,3085,555,3640
2026-08-18,2026-09-02,BLR-HYD,SpiceJet,15,3389,610,3999
2026-08-18,2026-09-02,BLR-HYD,SpiceJet,15,3746,674,4420
2026-08-18,2026-09-02,BLR-HYD,SpiceJet,15,3343,601,3944
2026-08-18,2026-09-02,BLR-HYD,SpiceJet,15,3786,681,4467
2026-08-18,2026-09-02,BLR-HYD,SpiceJet,15,3335,600,3935
2026-08-18,2026-08-25,BLR-HYD,SpiceJet,7,4179,752,4931
2026-08-18,2026-08-25,BLR-HYD,SpiceJet,7,5165,929,6094
2026-08-18,2026-08-25,BLR-HYD,SpiceJet,7,4596,827,5423
2026-08-18,2026-08-25,BLR-HYD,SpiceJet,7,4336,780,5116
2026-08-18,2026-08-25,BLR-HYD,SpiceJet,7,4160,748,4908
2026-08-18,2026-08-19,BLR-HYD,SpiceJet,1,7142,1285,8427
2026-08-18,2026-08-19,BLR-HYD,SpiceJet,1,7481,1346,8827
2026-08-18,2026-08-19,BLR-HYD,SpiceJet,1,7157,1288,8445
2026-08-18,2026-08-19,BLR-HYD,SpiceJet,1,6562,1181,7743
2026-08-18,2026-08-19,BLR-HYD,SpiceJet,1,6733,1211,7944
2026-08-19,2026-10-03,DEL-BOM,IndiGo,45,3787,681,4468
2026-08-19,2026-10-03,DEL-BOM,IndiGo,45,4135,744,4879
2026-08-19,2026-10-03,DEL-BOM,IndiGo,45,4667,840,5507
2026-08-19,2026-10-03,DEL-BOM,IndiGo,45,3983,716,4699
2026-08-19,2026-10-03,DEL-BOM,IndiGo,45,4755,855,5610
2026-08-19,2026-09-18,DEL-BOM,IndiGo,30,4320,777,5097
2026-08-19,2026-09-18,DEL-BOM,IndiGo,30,4229,761,4990
2026-08-19,2026-09-18,DEL-BOM,IndiGo,30,4510,811,5321
2026-08-19,2026-09-18,DEL-BOM,IndiGo,30,4669,840,5509
2026-08-19,2026-09-18,DEL-BOM,IndiGo,30,4467,804,5271
2026-08-19,2026-09-03,DEL-BOM,IndiGo,15,5526,994,6520
2026-08-19,2026-09-03,DEL-BOM,IndiGo,15,5655,1017,6672
2026-08-19,2026-09-03,DEL-BOM,IndiGo,15,5156,928,6084
2026-08-19,2026-09-03,DEL-BOM,IndiGo,15,6352,1143,7495
2026-08-19,2026-09-03,DEL-BOM,IndiGo,15,6286,1131,7417
2026-08-19,2026-08-26,DEL-BOM,IndiGo,7,7856,1414,9270
2026-08-19,2026-08-26,DEL-BOM,IndiGo,7,7698,1385,9083
2026-08-19,2026-08-26,DEL-BOM,IndiGo,7,7995,1439,9434
2026-08-19,2026-08-26,DEL-BOM,IndiGo,7,7288,1311,8599
2026-08-19,2026-08-26,DEL-BOM,IndiGo,7,7445,1340,8785
2026-08-19,2026-08-20,DEL-BOM,IndiGo,1,11137,2004,13141
2026-08-19,2026-08-20,DEL-BOM,IndiGo,1,10109,1819,11928
2026-08-19,2026-08-20,DEL-BOM,IndiGo,1,10044,1807,11851
2026-08-19,2026-08-20,DEL-BOM,IndiGo,1,11461,2062,13523
2026-08-19,2026-08-20,DEL-BOM,IndiGo,1,10589,1906,12495
2026-08-19,2026-10-03,DEL-BOM,Air India,45,4469,804,5273
2026-08-19,2026-10-03,DEL-BOM,Air India,45,4655,837,5492
2026-08-19,2026-10-03,DEL-BOM,Air India,45,4770,858,5628
2026-08-19,2026-10-03,DEL-BOM,Air India,45,4748,854,5602
2026-08-19,2026-10-03,DEL-BOM,Air India,45,5554,999,6553
2026-08-19,2026-09-18,DEL-BOM,Air India,30,5778,1040,6818
2026-08-19,2026-09-18,DEL-BOM,Air India,30,5041,907,5948
2026-08-19,2026-09-18,DEL-BOM,Air India,30,5074,913,5987
2026-08-19,2026-09-18,DEL-BOM,Air India,30,6007,1081,7088
2026-08-19,2026-09-18,DEL-BOM,Air India,30,5432,977,6409
2026-08-19,2026-09-03,DEL-BOM,Air India,15,6914,1244,8158
2026-08-19,2026-09-03,DEL-BOM,Air India,15,6339,1141,7480
2026-08-19,2026-09-03,DEL-BOM,Air India,15,7474,1345,8819
2026-08-19,2026-09-03,DEL-BOM,Air India,15,7307,1315,8622
2026-08-19,2026-09-03,DEL-BOM,Air India,15,6232,1121,7353
2026-08-19,2026-08-26,DEL-BOM,Air India,7,8520,1533,10053
2026-08-19,2026-08-26,DEL-BOM,Air India,7,8949,1610,10559
2026-08-19,2026-08-26,DEL-BOM,Air India,7,9058,1630,10688
2026-08-19,2026-08-26,DEL-BOM,Air India,7,7945,1430,9375
2026-08-19,2026-08-26,DEL-BOM,Air India,7,8108,1459,9567
2026-08-19,2026-08-20,DEL-BOM,Air India,1,14165,2549,16714
2026-08-19,2026-08-20,DEL-BOM,Air India,1,12117,2181,14298
2026-08-19,2026-08-20,DEL-BOM,Air India,1,12365,2225,14590
2026-08-19,2026-08-20,DEL-BOM,Air India,1,11704,2106,13810
2026-08-19,2026-08-20,DEL-BOM,Air India,1,13026,2344,15370
2026-08-19,2026-10-03,DEL-BOM,Akasa,45,3956,712,4668
2026-08-19,2026-10-03,DEL-BOM,Akasa,45,3872,696,4568
2026-08-19,2026-10-03,DEL-BOM,Akasa,45,3888,699,4587
2026-08-19,2026-10-03,DEL-BOM,Akasa,45,4167,750,4917
2026-08-19,2026-10-03,DEL-BOM,Akasa,45,3789,682,4471
2026-08-19,2026-09-18,DEL-BOM,Akasa,30,4706,847,5553
2026-08-19,2026-09-18,DEL-BOM,Akasa,30,4296,773,5069
2026-08-19,2026-09-18,DEL-BOM,Akasa,30,4859,874,5733
2026-08-19,2026-09-18,DEL-BOM,Akasa,30,4360,784,5144
2026-08-19,2026-09-18,DEL-BOM,Akasa,30,4118,741,4859
2026-08-19,2026-09-03,DEL-BOM,Akasa,15,5902,1062,6964
2026-08-19,2026-09-03,DEL-BOM,Akasa,15,5761,1036,6797
2026-08-19,2026-09-03,DEL-BOM,Akasa,15,5960,1072,7032
2026-08-19,2026-09-03,DEL-BOM,Akasa,15,5679,1022,6701
2026-08-19,2026-09-03,DEL-BOM,Akasa,15,5418,975,6393
2026-08-19,2026-08-26,DEL-BOM,Akasa,7,6967,1254,8221
2026-08-19,2026-08-26,DEL-BOM,Akasa,7,8032,1445,9477
2026-08-19,2026-08-26,DEL-BOM,Akasa,7,7264,1307,8571
2026-08-19,2026-08-26,DEL-BOM,Akasa,7,8203,1476,9679
2026-08-19,2026-08-26,DEL-BOM,Akasa,7,7879,1418,9297
2026-08-19,2026-08-20,DEL-BOM,Akasa,1,11031,1985,13016
2026-08-19,2026-08-20,DEL-BOM,Akasa,1,9783,1760,11543
2026-08-19,2026-08-20,DEL-BOM,Akasa,1,12072,2172,14244
2026-08-19,2026-08-20,DEL-BOM,Akasa,1,9802,1764,11566
2026-08-19,2026-08-20,DEL-BOM,Akasa,1,10513,1892,12405
2026-08-19,2026-10-03,DEL-BOM,SpiceJet,45,3631,653,4284
2026-08-19,2026-10-03,DEL-BOM,SpiceJet,45,4113,740,4853
2026-08-19,2026-10-03,DEL-BOM,SpiceJet,45,3422,615,4037
2026-08-19,2026-10-03,DEL-BOM,SpiceJet,45,4089,736,4825
2026-08-19,2026-10-03,DEL-BOM,SpiceJet,45,4312,776,5088
2026-08-19,2026-09-18,DEL-BOM,SpiceJet,30,3846,692,4538
2026-08-19,2026-09-18,DEL-BOM,SpiceJet,30,4015,722,4737
2026-08-19,2026-09-18,DEL-BOM,SpiceJet,30,4116,740,4856
2026-08-19,2026-09-18,DEL-BOM,SpiceJet,30,4666,839,5505
2026-08-19,2026-09-18,DEL-BOM,SpiceJet,30,4532,815,5347
2026-08-19,2026-09-03,DEL-BOM,SpiceJet,15,5425,976,6401
2026-08-19,2026-09-03,DEL-BOM,SpiceJet,15,5326,958,6284
2026-08-19,2026-09-03,DEL-BOM,SpiceJet,15,4961,892,5853
2026-08-19,2026-09-03,DEL-BOM,SpiceJet,15,5722,1029,6751
2026-08-19,2026-09-03,DEL-BOM,SpiceJet,15,5288,951,6239
2026-08-19,2026-08-26,DEL-BOM,SpiceJet,7,6823,1228,8051
2026-08-19,2026-08-26,DEL-BOM,SpiceJet,7,7449,1340,8789
2026-08-19,2026-08-26,DEL-BOM,SpiceJet,7,7084,1275,8359
2026-08-19,2026-08-26,DEL-BOM,SpiceJet,7,6673,1201,7874
2026-08-19,2026-08-26,DEL-BOM,SpiceJet,7,7725,1390,9115
2026-08-19,2026-08-20,DEL-BOM,SpiceJet,1,10914,1964,12878
2026-08-19,2026-08-20,DEL-BOM,SpiceJet,1,9996,1799,11795
2026-08-19,2026-08-20,DEL-BOM,SpiceJet,1,10803,1944,12747
2026-08-19,2026-08-20,DEL-BOM,SpiceJet,1,9461,1702,11163
2026-08-19,2026-08-20,DEL-BOM,SpiceJet,1,10604,1908,12512
2026-08-19,2026-10-03,DEL-BLR,IndiGo,45,5771,1038,6809
2026-08-19,2026-10-03,DEL-BLR,IndiGo,45,5750,1035,6785
2026-08-19,2026-10-03,DEL-BLR,IndiGo,45,5829,1049,6878
2026-08-19,2026-10-03,DEL-BLR,IndiGo,45,6268,1128,7396
2026-08-19,2026-10-03,DEL-BLR,IndiGo,45,5343,961,6304
2026-08-19,2026-09-18,DEL-BLR,IndiGo,30,6287,1131,7418
2026-08-19,2026-09-18,DEL-BLR,IndiGo,30,5453,981,6434
2026-08-19,2026-09-18,DEL-BLR,IndiGo,30,6016,1082,7098
2026-08-19,2026-09-18,DEL-BLR,IndiGo,30,6939,1249,8188
2026-08-19,2026-09-18,DEL-BLR,IndiGo,30,6317,1137,7454
2026-08-19,2026-09-03,DEL-BLR,IndiGo,15,8225,1480,9705
2026-08-19,2026-09-03,DEL-BLR,IndiGo,15,7758,1396,9154
2026-08-19,2026-09-03,DEL-BLR,IndiGo,15,8510,1531,10041
2026-08-19,2026-09-03,DEL-BLR,IndiGo,15,6708,1207,7915
2026-08-19,2026-09-03,DEL-BLR,IndiGo,15,7155,1287,8442
2026-08-19,2026-08-26,DEL-BLR,IndiGo,7,10027,1804,11831
2026-08-19,2026-08-26,DEL-BLR,IndiGo,7,10646,1916,12562
2026-08-19,2026-08-26,DEL-BLR,IndiGo,7,10919,1965,12884
2026-08-19,2026-08-26,DEL-BLR,IndiGo,7,10920,1965,12885
2026-08-19,2026-08-26,DEL-BLR,IndiGo,7,9763,1757,11520
2026-08-19,2026-08-20,DEL-BLR,IndiGo,1,15771,2838,18609
2026-08-19,2026-08-20,DEL-BLR,IndiGo,1,13254,2385,15639
2026-08-19,2026-08-20,DEL-BLR,IndiGo,1,16561,2980,19541
2026-08-19,2026-08-20,DEL-BLR,IndiGo,1,13665,2459,16124
2026-08-19,2026-08-20,DEL-BLR,IndiGo,1,13544,2437,15981
2026-08-19,2026-10-03,DEL-BLR,Air India,45,6699,1205,7904
2026-08-19,2026-10-03,DEL-BLR,Air India,45,6384,1149,7533
2026-08-19,2026-10-03,DEL-BLR,Air India,45,6771,1218,7989
2026-08-19,2026-10-03,DEL-BLR,Air India,45,6916,1244,8160
2026-08-19,2026-10-03,DEL-BLR,Air India,45,6542,1177,7719
2026-08-19,2026-09-18,DEL-BLR,Air India,30,7636,1374,9010
2026-08-19,2026-09-18,DEL-BLR,Air India,30,6791,1222,8013
2026-08-19,2026-09-18,DEL-BLR,Air India,30,6264,1127,7391
2026-08-19,2026-09-18,DEL-BLR,Air India,30,6628,1193,7821
2026-08-19,2026-09-18,DEL-BLR,Air India,30,7442,1339,8781
2026-08-19,2026-09-03,DEL-BLR,Air India,15,9117,1641,10758
2026-08-19,2026-09-03,DEL-BLR,Air India,15,9232,1661,10893
2026-08-19,2026-09-03,DEL-BLR,Air India,15,7849,1412,9261
2026-08-19,2026-09-03,DEL-BLR,Air India,15,8017,1443,9460
2026-08-19,2026-09-03,DEL-BLR,Air India,15,9785,1761,11546
2026-08-19,2026-08-26,DEL-BLR,Air India,7,12243,2203,14446
2026-08-19,2026-08-26,DEL-BLR,Air India,7,11410,2053,13463
2026-08-19,2026-08-26,DEL-BLR,Air India,7,12948,2330,15278
2026-08-19,2026-08-26,DEL-BLR,Air India,7,12233,2201,14434
2026-08-19,2026-08-26,DEL-BLR,Air India,7,10256,1846,12102
2026-08-19,2026-08-20,DEL-BLR,Air India,1,18041,3247,21288
2026-08-19,2026-08-20,DEL-BLR,Air India,1,16875,3037,19912
2026-08-19,2026-08-20,DEL-BLR,Air India,1,15542,2797,18339
2026-08-19,2026-08-20,DEL-BLR,Air India,1,18905,3402,22307
2026-08-19,2026-08-20,DEL-BLR,Air India,1,16397,2951,19348
2026-08-19,2026-10-03,DEL-BLR,Akasa,45,5833,1049,6882
2026-08-19,2026-10-03,DEL-BLR,Akasa,45,5410,973,6383
2026-08-19,2026-10-03,DEL-BLR,Akasa,45,5730,1031,6761
2026-08-19,2026-10-03,DEL-BLR,Akasa,45,5828,1049,6877
2026-08-19,2026-10-03,DEL-BLR,Akasa,45,4778,860,5638
2026-08-19,2026-09-18,DEL-BLR,Akasa,30,6068,1092,7160
2026-08-19,2026-09-18,DEL-BLR,Akasa,30,5348,962,6310
2026-08-19,2026-09-18,DEL-BLR,Akasa,30,6390,1150,7540
2026-08-19,2026-09-18,DEL-BLR,Akasa,30,6350,1143,7493
2026-08-19,2026-09-18,DEL-BLR,Akasa,30,5763,1037,6800
2026-08-19,2026-09-03,DEL-BLR,Akasa,15,7699,1385,9084
2026-08-19,2026-09-03,DEL-BLR,Akasa,15,6581,1184,7765
2026-08-19,2026-09-03,DEL-BLR,Akasa,15,6730,1211,7941
2026-08-19,2026-09-03,DEL-BLR,Akasa,15,7665,1379,9044
2026-08-19,2026-09-03,DEL-BLR,Akasa,15,7822,1407,9229
2026-08-19,2026-08-26,DEL-BLR,Akasa,7,9167,1650,10817
2026-08-19,2026-08-26,DEL-BLR,Akasa,7,8670,1560,10230
2026-08-19,2026-08-26,DEL-BLR,Akasa,7,8852,1593,10445
2026-08-19,2026-08-26,DEL-BLR,Akasa,7,10039,1807,11846
2026-08-19,2026-08-26,DEL-BLR,Akasa,7,9232,1661,10893
2026-08-19,2026-08-20,DEL-BLR,Akasa,1,15775,2839,18614
2026-08-19,2026-08-20,DEL-BLR,Akasa,1,14573,2623,17196
2026-08-19,2026-08-20,DEL-BLR,Akasa,1,13041,2347,15388
2026-08-19,2026-08-20,DEL-BLR,Akasa,1,15841,2851,18692
2026-08-19,2026-08-20,DEL-BLR,Akasa,1,15828,2849,18677
2026-08-19,2026-10-03,DEL-BLR,SpiceJet,45,4836,870,5706
2026-08-19,2026-10-03,DEL-BLR,SpiceJet,45,5161,928,6089
2026-08-19,2026-10-03,DEL-BLR,SpiceJet,45,5022,903,5925
2026-08-19,2026-10-03,DEL-BLR,SpiceJet,45,5010,901,5911
2026-08-19,2026-10-03,DEL-BLR,SpiceJet,45,5680,1022,6702
2026-08-19,2026-09-18,DEL-BLR,SpiceJet,30,4901,882,5783
2026-08-19,2026-09-18,DEL-BLR,SpiceJet,30,5254,945,6199
2026-08-19,2026-09-18,DEL-BLR,SpiceJet,30,5132,923,6055
2026-08-19,2026-09-18,DEL-BLR,SpiceJet,30,5150,927,6077
2026-08-19,2026-09-18,DEL-BLR,SpiceJet,30,5353,963,6316
2026-08-19,2026-09-03,DEL-BLR,SpiceJet,15,6822,1227,8049
2026-08-19,2026-09-03,DEL-BLR,SpiceJet,15,6247,1124,7371
2026-08-19,2026-09-03,DEL-BLR,SpiceJet,15,6303,1134,7437
2026-08-19,2026-09-03,DEL-BLR,SpiceJet,15,6390,1150,7540
2026-08-19,2026-09-03,DEL-BLR,SpiceJet,15,7489,1348,8837
2026-08-19,2026-08-26,DEL-BLR,SpiceJet,7,9604,1728,11332
2026-08-19,2026-08-26,DEL-BLR,SpiceJet,7,10018,1803,11821
2026-08-19,2026-08-26,DEL-BLR,SpiceJet,7,8042,1447,9489
2026-08-19,2026-08-26,DEL-BLR,SpiceJet,7,9015,1622,10637
2026-08-19,2026-08-26,DEL-BLR,SpiceJet,7,9230,1661,10891
2026-08-19,2026-08-20,DEL-BLR,SpiceJet,1,11942,2149,14091
2026-08-19,2026-08-20,DEL-BLR,SpiceJet,1,12191,2194,14385
2026-08-19,2026-08-20,DEL-BLR,SpiceJet,1,12443,2239,14682
2026-08-19,2026-08-20,DEL-BLR,SpiceJet,1,11987,2157,14144
2026-08-19,2026-08-20,DEL-BLR,SpiceJet,1,14373,2587,16960
2026-08-19,2026-10-03,BOM-BLR,IndiGo,45,3319,597,3916
2026-08-19,2026-10-03,BOM-BLR,IndiGo,45,3430,617,4047
2026-08-19,2026-10-03,BOM-BLR,IndiGo,45,3587,645,4232
2026-08-19,2026-10-03,BOM-BLR,IndiGo,45,3308,595,3903
2026-08-19,2026-10-03,BOM-BLR,IndiGo,45,3708,667,4375
2026-08-19,2026-09-18,BOM-BLR,IndiGo,30,4044,727,4771
2026-08-19,2026-09-18,BOM-BLR,IndiGo,30,4363,785,5148
2026-08-19,2026-09-18,BOM-BLR,IndiGo,30,4177,751,4928
2026-08-19,2026-09-18,BOM-BLR,IndiGo,30,3546,638,4184
2026-08-19,2026-09-18,BOM-BLR,IndiGo,30,3630,653,4283
2026-08-19,2026-09-03,BOM-BLR,IndiGo,15,4536,816,5352
2026-08-19,2026-09-03,BOM-BLR,IndiGo,15,4697,845,5542
2026-08-19,2026-09-03,BOM-BLR,IndiGo,15,5140,925,6065
2026-08-19,2026-09-03,BOM-BLR,IndiGo,15,5242,943,6185
2026-08-19,2026-09-03,BOM-BLR,IndiGo,15,4703,846,5549
2026-08-19,2026-08-26,BOM-BLR,IndiGo,7,6677,1201,7878
2026-08-19,2026-08-26,BOM-BLR,IndiGo,7,7179,1292,8471
2026-08-19,2026-08-26,BOM-BLR,IndiGo,7,6019,1083,7102
2026-08-19,2026-08-26,BOM-BLR,IndiGo,7,6799,1223,8022
2026-08-19,2026-08-26,BOM-BLR,IndiGo,7,5743,1033,6776
2026-08-19,2026-08-20,BOM-BLR,IndiGo,1,9513,1712,11225
2026-08-19,2026-08-20,BOM-BLR,IndiGo,1,10135,1824,11959
2026-08-19,2026-08-20,BOM-BLR,IndiGo,1,9878,1778,11656
2026-08-19,2026-08-20,BOM-BLR,IndiGo,1,9665,1739,11404
2026-08-19,2026-08-20,BOM-BLR,IndiGo,1,9687,1743,11430
2026-08-19,2026-10-03,BOM-BLR,Air India,45,4167,750,4917
2026-08-19,2026-10-03,BOM-BLR,Air India,45,3826,688,4514
2026-08-19,2026-10-03,BOM-BLR,Air India,45,4037,726,4763
2026-08-19,2026-10-03,BOM-BLR,Air India,45,4174,751,4925
2026-08-19,2026-10-03,BOM-BLR,Air India,45,3905,702,4607
2026-08-19,2026-09-18,BOM-BLR,Air India,30,4891,880,5771
2026-08-19,2026-09-18,BOM-BLR,Air India,30,5023,904,5927
2026-08-19,2026-09-18,BOM-BLR,Air India,30,4765,857,5622
2026-08-19,2026-09-18,BOM-BLR,Air India,30,4271,768,5039
2026-08-19,2026-09-18,BOM-BLR,Air India,30,4790,862,5652
2026-08-19,2026-09-03,BOM-BLR,Air India,15,6120,1101,7221
2026-08-19,2026-09-03,BOM-BLR,Air India,15,5502,990,6492
2026-08-19,2026-09-03,BOM-BLR,Air India,15,5720,1029,6749
2026-08-19,2026-09-03,BOM-BLR,Air India,15,5245,944,6189
2026-08-19,2026-09-03,BOM-BLR,Air India,15,5381,968,6349
2026-08-19,2026-08-26,BOM-BLR,Air India,7,7831,1409,9240
2026-08-19,2026-08-26,BOM-BLR,Air India,7,7538,1356,8894
2026-08-19,2026-08-26,BOM-BLR,Air India,7,6938,1248,8186
2026-08-19,2026-08-26,BOM-BLR,Air India,7,7830,1409,9239
2026-08-19,2026-08-26,BOM-BLR,Air India,7,7627,1372,8999
2026-08-19,2026-08-20,BOM-BLR,Air India,1,10272,1848,12120
2026-08-19,2026-08-20,BOM-BLR,Air India,1,11396,2051,13447
2026-08-19,2026-08-20,BOM-BLR,Air India,1,11336,2040,13376
2026-08-19,2026-08-20,BOM-BLR,Air India,1,10094,1816,11910
2026-08-19,2026-08-20,BOM-BLR,Air India,1,9992,1798,11790
2026-08-19,2026-10-03,BOM-BLR,Akasa,45,3173,571,3744
2026-08-19,2026-10-03,BOM-BLR,Akasa,45,3349,602,3951
2026-08-19,2026-10-03,BOM-BLR,Akasa,45,3579,644,4223
2026-08-19,2026-10-03,BOM-BLR,Akasa,45,3276,589,3865
2026-08-19,2026-10-03,BOM-BLR,Akasa,45,3243,583,3826
2026-08-19,2026-09-18,BOM-BLR,Akasa,30,3318,597,3915
2026-08-19,2026-09-18,BOM-BLR,Akasa,30,4009,721,4730
2026-08-19,2026-09-18,BOM-BLR,Akasa,30,3614,650,4264
2026-08-19,2026-09-18,BOM-BLR,Akasa,30,3805,684,4489
2026-08-19,2026-09-18,BOM-BLR,Akasa,30,3597,647,4244
2026-08-19,2026-09-03,BOM-BLR,Akasa,15,4142,745,4887
2026-08-19,2026-09-03,BOM-BLR,Akasa,15,4688,843,5531
2026-08-19,2026-09-03,BOM-BLR,Akasa,15,4286,771,5057
2026-08-19,2026-09-03,BOM-BLR,Akasa,15,4982,896,5878
2026-08-19,2026-09-03,BOM-BLR,Akasa,15,4874,877,5751
2026-08-19,2026-08-26,BOM-BLR,Akasa,7,6698,1205,7903
2026-08-19,2026-08-26,BOM-BLR,Akasa,7,6142,1105,7247
2026-08-19,2026-08-26,BOM-BLR,Akasa,7,6175,1111,7286
2026-08-19,2026-08-26,BOM-BLR,Akasa,7,6244,1123,7367
2026-08-19,2026-08-26,BOM-BLR,Akasa,7,5962,1073,7035
2026-08-19,2026-08-20,BOM-BLR,Akasa,1,8265,1487,9752
2026-08-19,2026-08-20,BOM-BLR,Akasa,1,9026,1624,10650
2026-08-19,2026-08-20,BOM-BLR,Akasa,1,7967,1434,9401
2026-08-19,2026-08-20,BOM-BLR,Akasa,1,8475,1525,10000
2026-08-19,2026-08-20,BOM-BLR,Akasa,1,9508,1711,11219
2026-08-19,2026-10-03,BOM-BLR,SpiceJet,45,3509,631,4140
2026-08-19,2026-10-03,BOM-BLR,SpiceJet,45,2933,527,3460
2026-08-19,2026-10-03,BOM-BLR,SpiceJet,45,3311,595,3906
2026-08-19,2026-10-03,BOM-BLR,SpiceJet,45,3085,555,3640
2026-08-19,2026-10-03,BOM-BLR,SpiceJet,45,3143,565,3708
2026-08-19,2026-09-18,BOM-BLR,SpiceJet,30,3262,587,3849
2026-08-19,2026-09-18,BOM-BLR,SpiceJet,30,3164,569,3733
2026-08-19,2026-09-18,BOM-BLR,SpiceJet,30,3302,594,3896
2026-08-19,2026-09-18,BOM-BLR,SpiceJet,30,3730,671,4401
2026-08-19,2026-09-18,BOM-BLR,SpiceJet,30,3223,580,3803
2026-08-19,2026-09-03,BOM-BLR,SpiceJet,15,4642,835,5477
2026-08-19,2026-09-03,BOM-BLR,SpiceJet,15,4092,736,4828
2026-08-19,2026-09-03,BOM-BLR,SpiceJet,15,4837,870,5707
2026-08-19,2026-09-03,BOM-BLR,SpiceJet,15,4392,790,5182
2026-08-19,2026-09-03,BOM-BLR,SpiceJet,15,4396,791,5187
2026-08-19,2026-08-26,BOM-BLR,SpiceJet,7,5995,1079,7074
2026-08-19,2026-08-26,BOM-BLR,SpiceJet,7,5351,963,6314
2026-08-19,2026-08-26,BOM-BLR,SpiceJet,7,6216,1118,7334
2026-08-19,2026-08-26,BOM-BLR,SpiceJet,7,6243,1123,7366
2026-08-19,2026-08-26,BOM-BLR,SpiceJet,7,5738,1032,6770
2026-08-19,2026-08-20,BOM-BLR,SpiceJet,1,8753,1575,10328
2026-08-19,2026-08-20,BOM-BLR,SpiceJet,1,8575,1543,10118
2026-08-19,2026-08-20,BOM-BLR,SpiceJet,1,8448,1520,9968
2026-08-19,2026-08-20,BOM-BLR,SpiceJet,1,7999,1439,9438
2026-08-19,2026-08-20,BOM-BLR,SpiceJet,1,7694,1384,9078
2026-08-19,2026-10-03,DEL-CCU,IndiGo,45,5162,929,6091
2026-08-19,2026-10-03,DEL-CCU,IndiGo,45,4367,786,5153
2026-08-19,2026-10-03,DEL-CCU,IndiGo,45,4345,782,5127
2026-08-19,2026-10-03,DEL-CCU,IndiGo,45,4549,818,5367
2026-08-19,2026-10-03,DEL-CCU,IndiGo,45,4370,786,5156
2026-08-19,2026-09-18,DEL-CCU,IndiGo,30,5023,904,5927
2026-08-19,2026-09-18,DEL-CCU,IndiGo,30,5069,912,5981
2026-08-19,2026-09-18,DEL-CCU,IndiGo,30,5775,1039,6814
2026-08-19,2026-09-18,DEL-CCU,IndiGo,30,5040,907,5947
2026-08-19,2026-09-18,DEL-CCU,IndiGo,30,4764,857,5621
2026-08-19,2026-09-03,DEL-CCU,IndiGo,15,6285,1131,7416
2026-08-19,2026-09-03,DEL-CCU,IndiGo,15,6986,1257,8243
2026-08-19,2026-09-03,DEL-CCU,IndiGo,15,6133,1103,7236
2026-08-19,2026-09-03,DEL-CCU,IndiGo,15,5919,1065,6984
2026-08-19,2026-09-03,DEL-CCU,IndiGo,15,6162,1109,7271
2026-08-19,2026-08-26,DEL-CCU,IndiGo,7,9392,1690,11082
2026-08-19,2026-08-26,DEL-CCU,IndiGo,7,8376,1507,9883
2026-08-19,2026-08-26,DEL-CCU,IndiGo,7,8942,1609,10551
2026-08-19,2026-08-26,DEL-CCU,IndiGo,7,8805,1584,10389
2026-08-19,2026-08-26,DEL-CCU,IndiGo,7,9036,1626,10662
2026-08-19,2026-08-20,DEL-CCU,IndiGo,1,11969,2154,14123
2026-08-19,2026-08-20,DEL-CCU,IndiGo,1,12344,2221,14565
2026-08-19,2026-08-20,DEL-CCU,IndiGo,1,11732,2111,13843
2026-08-19,2026-08-20,DEL-CCU,IndiGo,1,14512,2612,17124
2026-08-19,2026-08-20,DEL-CCU,IndiGo,1,12840,2311,15151
2026-08-19,2026-10-03,DEL-CCU,Air India,45,5734,1032,6766
2026-08-19,2026-10-03,DEL-CCU,Air India,45,5228,941,6169
2026-08-19,2026-10-03,DEL-CCU,Air India,45,5447,980,6427
2026-08-19,2026-10-03,DEL-CCU,Air India,45,5574,1003,6577
2026-08-19,2026-10-03,DEL-CCU,Air India,45,5375,967,6342
2026-08-19,2026-09-18,DEL-CCU,Air India,30,6582,1184,7766
2026-08-19,2026-09-18,DEL-CCU,Air India,30,6046,1088,7134
2026-08-19,2026-09-18,DEL-CCU,Air India,30,6879,1238,8117
2026-08-19,2026-09-18,DEL-CCU,Air India,30,6353,1143,7496
2026-08-19,2026-09-18,DEL-CCU,Air India,30,6823,1228,8051
2026-08-19,2026-09-03,DEL-CCU,Air India,15,8483,1526,10009
2026-08-19,2026-09-03,DEL-CCU,Air India,15,7788,1401,9189
2026-08-19,2026-09-03,DEL-CCU,Air India,15,7501,1350,8851
2026-08-19,2026-09-03,DEL-CCU,Air India,15,7528,1355,8883
2026-08-19,2026-09-03,DEL-CCU,Air India,15,7270,1308,8578
2026-08-19,2026-08-26,DEL-CCU,Air India,7,10521,1893,12414
2026-08-19,2026-08-26,DEL-CCU,Air India,7,11153,2007,13160
2026-08-19,2026-08-26,DEL-CCU,Air India,7,10224,1840,12064
2026-08-19,2026-08-26,DEL-CCU,Air India,7,10567,1902,12469
2026-08-19,2026-08-26,DEL-CCU,Air India,7,11136,2004,13140
2026-08-19,2026-08-20,DEL-CCU,Air India,1,13569,2442,16011
2026-08-19,2026-08-20,DEL-CCU,Air India,1,14014,2522,16536
2026-08-19,2026-08-20,DEL-CCU,Air India,1,13280,2390,15670
2026-08-19,2026-08-20,DEL-CCU,Air India,1,13351,2403,15754
2026-08-19,2026-08-20,DEL-CCU,Air India,1,15199,2735,17934
2026-08-19,2026-10-03,DEL-CCU,Akasa,45,4501,810,5311
2026-08-19,2026-10-03,DEL-CCU,Akasa,45,4400,792,5192
2026-08-19,2026-10-03,DEL-CCU,Akasa,45,4468,804,5272
2026-08-19,2026-10-03,DEL-CCU,Akasa,45,4465,803,5268
2026-08-19,2026-10-03,DEL-CCU,Akasa,45,5136,924,6060
2026-08-19,2026-09-18,DEL-CCU,Akasa,30,4644,835,5479
2026-08-19,2026-09-18,DEL-CCU,Akasa,30,4678,842,5520
2026-08-19,2026-09-18,DEL-CCU,Akasa,30,4848,872,5720
2026-08-19,2026-09-18,DEL-CCU,Akasa,30,5624,1012,6636
2026-08-19,2026-09-18,DEL-CCU,Akasa,30,4832,869,5701
2026-08-19,2026-09-03,DEL-CCU,Akasa,15,5872,1056,6928
2026-08-19,2026-09-03,DEL-CCU,Akasa,15,6523,1174,7697
2026-08-19,2026-09-03,DEL-CCU,Akasa,15,6368,1146,7514
2026-08-19,2026-09-03,DEL-CCU,Akasa,15,6410,1153,7563
2026-08-19,2026-09-03,DEL-CCU,Akasa,15,6777,1219,7996
2026-08-19,2026-08-26,DEL-CCU,Akasa,7,9001,1620,10621
2026-08-19,2026-08-26,DEL-CCU,Akasa,7,8883,1598,10481
2026-08-19,2026-08-26,DEL-CCU,Akasa,7,8587,1545,10132
2026-08-19,2026-08-26,DEL-CCU,Akasa,7,8702,1566,10268
2026-08-19,2026-08-26,DEL-CCU,Akasa,7,8692,1564,10256
2026-08-19,2026-08-20,DEL-CCU,Akasa,1,13724,2470,16194
2026-08-19,2026-08-20,DEL-CCU,Akasa,1,12916,2324,15240
2026-08-19,2026-08-20,DEL-CCU,Akasa,1,13279,2390,15669
2026-08-19,2026-08-20,DEL-CCU,Akasa,1,13473,2425,15898
2026-08-19,2026-08-20,DEL-CCU,Akasa,1,11057,1990,13047
2026-08-19,2026-10-03,DEL-CCU,SpiceJet,45,4125,742,4867
2026-08-19,2026-10-03,DEL-CCU,SpiceJet,45,4075,733,4808
2026-08-19,2026-10-03,DEL-CCU,SpiceJet,45,4677,841,5518
2026-08-19,2026-10-03,DEL-CCU,SpiceJet,45,4864,875,5739
2026-08-19,2026-10-03,DEL-CCU,SpiceJet,45,4893,880,5773
2026-08-19,2026-09-18,DEL-CCU,SpiceJet,30,4890,880,5770
2026-08-19,2026-09-18,DEL-CCU,SpiceJet,30,4306,775,5081
2026-08-19,2026-09-18,DEL-CCU,SpiceJet,30,4737,852,5589
2026-08-19,2026-09-18,DEL-CCU,SpiceJet,30,4985,897,5882
2026-08-19,2026-09-18,DEL-CCU,SpiceJet,30,4699,845,5544
2026-08-19,2026-09-03,DEL-CCU,SpiceJet,15,6300,1134,7434
2026-08-19,2026-09-03,DEL-CCU,SpiceJet,15,5859,1054,6913
2026-08-19,2026-09-03,DEL-CCU,SpiceJet,15,6297,1133,7430
2026-08-19,2026-09-03,DEL-CCU,SpiceJet,15,6507,1171,7678
2026-08-19,2026-09-03,DEL-CCU,SpiceJet,15,5607,1009,6616
2026-08-19,2026-08-26,DEL-CCU,SpiceJet,7,8452,1521,9973
2026-08-19,2026-08-26,DEL-CCU,SpiceJet,7,7478,1346,8824
2026-08-19,2026-08-26,DEL-CCU,SpiceJet,7,8906,1603,10509
2026-08-19,2026-08-26,DEL-CCU,SpiceJet,7,7578,1364,8942
2026-08-19,2026-08-26,DEL-CCU,SpiceJet,7,7660,1378,9038
2026-08-19,2026-08-20,DEL-CCU,SpiceJet,1,11590,2086,13676
2026-08-19,2026-08-20,DEL-CCU,SpiceJet,1,11534,2076,13610
2026-08-19,2026-08-20,DEL-CCU,SpiceJet,1,13130,2363,15493
2026-08-19,2026-08-20,DEL-CCU,SpiceJet,1,12900,2322,15222
2026-08-19,2026-08-20,DEL-CCU,SpiceJet,1,12110,2179,14289
2026-08-19,2026-10-03,BLR-HYD,IndiGo,45,2936,528,3464
2026-08-19,2026-10-03,BLR-HYD,IndiGo,45,2830,509,3339
2026-08-19,2026-10-03,BLR-HYD,IndiGo,45,2549,458,3007
2026-08-19,2026-10-03,BLR-HYD,IndiGo,45,2819,507,3326
2026-08-19,2026-10-03,BLR-HYD,IndiGo,45,3171,570,3741
2026-08-19,2026-09-18,BLR-HYD,IndiGo,30,2847,512,3359
2026-08-19,2026-09-18,BLR-HYD,IndiGo,30,3049,548,3597
2026-08-19,2026-09-18,BLR-HYD,IndiGo,30,3366,605,3971
2026-08-19,2026-09-18,BLR-HYD,IndiGo,30,2886,519,3405
2026-08-19,2026-09-18,BLR-HYD,IndiGo,30,3194,574,3768
2026-08-19,2026-09-03,BLR-HYD,IndiGo,15,3448,620,4068
2026-08-19,2026-09-03,BLR-HYD,IndiGo,15,4291,772,5063
2026-08-19,2026-09-03,BLR-HYD,IndiGo,15,3500,630,4130
2026-08-19,2026-09-03,BLR-HYD,IndiGo,15,4169,750,4919
2026-08-19,2026-09-03,BLR-HYD,IndiGo,15,4231,761,4992
2026-08-19,2026-08-26,BLR-HYD,IndiGo,7,4692,844,5536
2026-08-19,2026-08-26,BLR-HYD,IndiGo,7,5529,995,6524
2026-08-19,2026-08-26,BLR-HYD,IndiGo,7,5715,1028,6743
2026-08-19,2026-08-26,BLR-HYD,IndiGo,7,5302,954,6256
2026-08-19,2026-08-26,BLR-HYD,IndiGo,7,5776,1039,6815
2026-08-19,2026-08-20,BLR-HYD,IndiGo,1,8084,1455,9539
2026-08-19,2026-08-20,BLR-HYD,IndiGo,1,8221,1479,9700
2026-08-19,2026-08-20,BLR-HYD,IndiGo,1,7026,1264,8290
2026-08-19,2026-08-20,BLR-HYD,IndiGo,1,7796,1403,9199
2026-08-19,2026-08-20,BLR-HYD,IndiGo,1,7894,1420,9314
2026-08-19,2026-10-03,BLR-HYD,Air India,45,3540,637,4177
2026-08-19,2026-10-03,BLR-HYD,Air India,45,3314,596,3910
2026-08-19,2026-10-03,BLR-HYD,Air India,45,3077,553,3630
2026-08-19,2026-10-03,BLR-HYD,Air India,45,3528,635,4163
2026-08-19,2026-10-03,BLR-HYD,Air India,45,3367,606,3973
2026-08-19,2026-09-18,BLR-HYD,Air India,30,3816,686,4502
2026-08-19,2026-09-18,BLR-HYD,Air India,30,3928,707,4635
2026-08-19,2026-09-18,BLR-HYD,Air India,30,3248,584,3832
2026-08-19,2026-09-18,BLR-HYD,Air India,30,4057,730,4787
2026-08-19,2026-09-18,BLR-HYD,Air India,30,3328,599,3927
2026-08-19,2026-09-03,BLR-HYD,Air India,15,4827,868,5695
2026-08-19,2026-09-03,BLR-HYD,Air India,15,4195,755,4950
2026-08-19,2026-09-03,BLR-HYD,Air India,15,4585,825,5410
2026-08-19,2026-09-03,BLR-HYD,Air India,15,4531,815,5346
2026-08-19,2026-09-03,BLR-HYD,Air India,15,3946,710,4656
2026-08-19,2026-08-26,BLR-HYD,Air India,7,5808,1045,6853
2026-08-19,2026-08-26,BLR-HYD,Air India,7,5362,965,6327
2026-08-19,2026-08-26,BLR-HYD,Air India,7,5964,1073,7037
2026-08-19,2026-08-26,BLR-HYD,Air India,7,5448,980,6428
2026-08-19,2026-08-26,BLR-HYD,Air India,7,6228,1121,7349
2026-08-19,2026-08-20,BLR-HYD,Air India,1,7949,1430,9379
2026-08-19,2026-08-20,BLR-HYD,Air India,1,9223,1660,10883
2026-08-19,2026-08-20,BLR-HYD,Air India,1,9281,1670,10951
2026-08-19,2026-08-20,BLR-HYD,Air India,1,9509,1711,11220
2026-08-19,2026-08-20,BLR-HYD,Air India,1,7901,1422,9323
2026-08-19,2026-10-03,BLR-HYD,Akasa,45,2817,507,3324
2026-08-19,2026-10-03,BLR-HYD,Akasa,45,2995,539,3534
2026-08-19,2026-10-03,BLR-HYD,Akasa,45,2484,447,2931
2026-08-19,2026-10-03,BLR-HYD,Akasa,45,2745,494,3239
2026-08-19,2026-10-03,BLR-HYD,Akasa,45,2720,489,3209
2026-08-19,2026-09-18,BLR-HYD,Akasa,30,2979,536,3515
2026-08-19,2026-09-18,BLR-HYD,Akasa,30,3244,583,3827
2026-08-19,2026-09-18,BLR-HYD,Akasa,30,3075,553,3628
2026-08-19,2026-09-18,BLR-HYD,Akasa,30,3061,550,3611
2026-08-19,2026-09-18,BLR-HYD,Akasa,30,2906,523,3429
2026-08-19,2026-09-03,BLR-HYD,Akasa,15,3376,607,3983
2026-08-19,2026-09-03,BLR-HYD,Akasa,15,4045,728,4773
2026-08-19,2026-09-03,BLR-HYD,Akasa,15,3614,650,4264
2026-08-19,2026-09-03,BLR-HYD,Akasa,15,3266,587,3853
2026-08-19,2026-09-03,BLR-HYD,Akasa,15,3726,670,4396
2026-08-19,2026-08-26,BLR-HYD,Akasa,7,4514,812,5326
2026-08-19,2026-08-26,BLR-HYD,Akasa,7,4592,826,5418
2026-08-19,2026-08-26,BLR-HYD,Akasa,7,4905,882,5787
2026-08-19,2026-08-26,BLR-HYD,Akasa,7,4468,804,5272
2026-08-19,2026-08-26,BLR-HYD,Akasa,7,4432,797,5229
2026-08-19,2026-08-20,BLR-HYD,Akasa,1,7094,1276,8370
2026-08-19,2026-08-20,BLR-HYD,Akasa,1,7627,1372,8999
2026-08-19,2026-08-20,BLR-HYD,Akasa,1,7854,1413,9267
2026-08-19,2026-08-20,BLR-HYD,Akasa,1,7638,1374,9012
2026-08-19,2026-08-20,BLR-HYD,Akasa,1,7695,1385,9080
2026-08-19,2026-10-03,BLR-HYD,SpiceJet,45,2288,411,2699
2026-08-19,2026-10-03,BLR-HYD,SpiceJet,45,2580,464,3044
2026-08-19,2026-10-03,BLR-HYD,SpiceJet,45,2348,422,2770
2026-08-19,2026-10-03,BLR-HYD,SpiceJet,45,2468,444,2912
2026-08-19,2026-10-03,BLR-HYD,SpiceJet,45,2309,415,2724
2026-08-19,2026-09-18,BLR-HYD,SpiceJet,30,2713,488,3201
2026-08-19,2026-09-18,BLR-HYD,SpiceJet,30,2808,505,3313
2026-08-19,2026-09-18,BLR-HYD,SpiceJet,30,2713,488,3201
2026-08-19,2026-09-18,BLR-HYD,SpiceJet,30,2511,451,2962
2026-08-19,2026-09-18,BLR-HYD,SpiceJet,30,2982,536,3518
2026-08-19,2026-09-03,BLR-HYD,SpiceJet,15,3692,664,4356
2026-08-19,2026-09-03,BLR-HYD,SpiceJet,15,3451,621,4072
2026-08-19,2026-09-03,BLR-HYD,SpiceJet,15,3429,617,4046
2026-08-19,2026-09-03,BLR-HYD,SpiceJet,15,3267,588,3855
2026-08-19,2026-09-03,BLR-HYD,SpiceJet,15,3427,616,4043
2026-08-19,2026-08-26,BLR-HYD,SpiceJet,7,5014,902,5916
2026-08-19,2026-08-26,BLR-HYD,SpiceJet,7,4484,807,5291
2026-08-19,2026-08-26,BLR-HYD,SpiceJet,7,5097,917,6014
2026-08-19,2026-08-26,BLR-HYD,SpiceJet,7,5029,905,5934
2026-08-19,2026-08-26,BLR-HYD,SpiceJet,7,5042,907,5949
2026-08-19,2026-08-20,BLR-HYD,SpiceJet,1,6058,1090,7148
2026-08-19,2026-08-20,BLR-HYD,SpiceJet,1,6178,1112,7290
2026-08-19,2026-08-20,BLR-HYD,SpiceJet,1,6484,1167,7651
2026-08-19,2026-08-20,BLR-HYD,SpiceJet,1,7557,1360,8917
2026-08-19,2026-08-20,BLR-HYD,SpiceJet,1,7501,1350,8851
2026-08-20,2026-10-04,DEL-BOM,IndiGo,45,4408,793,5201
2026-08-20,2026-10-04,DEL-BOM,IndiGo,45,3832,689,4521
2026-08-20,2026-10-04,DEL-BOM,IndiGo,45,4778,860,5638
2026-08-20,2026-10-04,DEL-BOM,IndiGo,45,4713,848,5561
2026-08-20,2026-10-04,DEL-BOM,IndiGo,45,3963,713,4676
2026-08-20,2026-09-19,DEL-BOM,IndiGo,30,5113,920,6033
2026-08-20,2026-09-19,DEL-BOM,IndiGo,30,4700,846,5546
2026-08-20,2026-09-19,DEL-BOM,IndiGo,30,4992,898,5890
2026-08-20,2026-09-19,DEL-BOM,IndiGo,30,4895,881,5776
2026-08-20,2026-09-19,DEL-BOM,IndiGo,30,5060,910,5970
2026-08-20,2026-09-04,DEL-BOM,IndiGo,15,5491,988,6479
2026-08-20,2026-09-04,DEL-BOM,IndiGo,15,5961,1072,7033
2026-08-20,2026-09-04,DEL-BOM,IndiGo,15,5782,1040,6822
2026-08-20,2026-09-04,DEL-BOM,IndiGo,15,5517,993,6510
2026-08-20,2026-09-04,DEL-BOM,IndiGo,15,6280,1130,7410
2026-08-20,2026-08-27,DEL-BOM,IndiGo,7,8369,1506,9875
2026-08-20,2026-08-27,DEL-BOM,IndiGo,7,8565,1541,10106
2026-08-20,2026-08-27,DEL-BOM,IndiGo,7,7751,1395,9146
2026-08-20,2026-08-27,DEL-BOM,IndiGo,7,8583,1544,10127
2026-08-20,2026-08-27,DEL-BOM,IndiGo,7,7511,1351,8862
2026-08-20,2026-08-21,DEL-BOM,IndiGo,1,10708,1927,12635
2026-08-20,2026-08-21,DEL-BOM,IndiGo,1,10201,1836,12037
2026-08-20,2026-08-21,DEL-BOM,IndiGo,1,11893,2140,14033
2026-08-20,2026-08-21,DEL-BOM,IndiGo,1,10142,1825,11967
2026-08-20,2026-08-21,DEL-BOM,IndiGo,1,10927,1966,12893
2026-08-20,2026-10-04,DEL-BOM,Air India,45,5511,991,6502
2026-08-20,2026-10-04,DEL-BOM,Air India,45,5529,995,6524
2026-08-20,2026-10-04,DEL-BOM,Air India,45,5301,954,6255
2026-08-20,2026-10-04,DEL-BOM,Air India,45,5363,965,6328
2026-08-20,2026-10-04,DEL-BOM,Air India,45,4421,795,5216
2026-08-20,2026-09-19,DEL-BOM,Air India,30,5158,928,6086
2026-08-20,2026-09-19,DEL-BOM,Air India,30,5664,1019,6683
2026-08-20,2026-09-19,DEL-BOM,Air India,30,4951,891,5842
2026-08-20,2026-09-19,DEL-BOM,Air India,30,5632,1013,6645
2026-08-20,2026-09-19,DEL-BOM,Air India,30,5607,1009,6616
2026-08-20,2026-09-04,DEL-BOM,Air India,15,6720,1209,7929
2026-08-20,2026-09-04,DEL-BOM,Air India,15,6716,1208,7924
2026-08-20,2026-09-04,DEL-BOM,Air India,15,7023,1264,8287
2026-08-20,2026-09-04,DEL-BOM,Air India,15,6349,1142,7491
2026-08-20,2026-09-04,DEL-BOM,Air India,15,6970,1254,8224
2026-08-20,2026-08-27,DEL-BOM,Air India,7,8245,1484,9729
2026-08-20,2026-08-27,DEL-BOM,Air India,7,8262,1487,9749
2026-08-20,2026-08-27,DEL-BOM,Air India,7,9430,1697,11127
2026-08-20,2026-08-27,DEL-BOM,Air India,7,9795,1763,11558
2026-08-20,2026-08-27,DEL-BOM,Air India,7,8532,1535,10067
2026-08-20,2026-08-21,DEL-BOM,Air India,1,11930,2147,14077
2026-08-20,2026-08-21,DEL-BOM,Air India,1,13390,2410,15800
2026-08-20,2026-08-21,DEL-BOM,Air India,1,14321,2577,16898
2026-08-20,2026-08-21,DEL-BOM,Air India,1,13144,2365,15509
2026-08-20,2026-08-21,DEL-BOM,Air India,1,12132,2183,14315
2026-08-20,2026-10-04,DEL-BOM,Akasa,45,4117,741,4858
2026-08-20,2026-10-04,DEL-BOM,Akasa,45,4231,761,4992
2026-08-20,2026-10-04,DEL-BOM,Akasa,45,4261,766,5027
2026-08-20,2026-10-04,DEL-BOM,Akasa,45,4043,727,4770
2026-08-20,2026-10-04,DEL-BOM,Akasa,45,3652,657,4309
2026-08-20,2026-09-19,DEL-BOM,Akasa,30,4412,794,5206
2026-08-20,2026-09-19,DEL-BOM,Akasa,30,4357,784,5141
2026-08-20,2026-09-19,DEL-BOM,Akasa,30,4022,723,4745
2026-08-20,2026-09-19,DEL-BOM,Akasa,30,3982,716,4698
2026-08-20,2026-09-19,DEL-BOM,Akasa,30,4790,862,5652
2026-08-20,2026-09-04,DEL-BOM,Akasa,15,4866,875,5741
2026-08-20,2026-09-04,DEL-BOM,Akasa,15,6156,1108,7264
2026-08-20,2026-09-04,DEL-BOM,Akasa,15,6013,1082,7095
2026-08-20,2026-09-04,DEL-BOM,Akasa,15,5136,924,6060
2026-08-20,2026-09-04,DEL-BOM,Akasa,15,5147,926,6073
2026-08-20,2026-08-27,DEL-BOM,Akasa,7,7061,1270,8331
2026-08-20,2026-08-27,DEL-BOM,Akasa,7,7466,1343,8809
2026-08-20,2026-08-27,DEL-BOM,Akasa,7,7190,1294,8484
2026-08-20,2026-08-27,DEL-BOM,Akasa,7,7607,1369,8976
2026-08-20,2026-08-27,DEL-BOM,Akasa,7,6872,1236,8108
2026-08-20,2026-08-21,DEL-BOM,Akasa,1,10620,1911,12531
2026-08-20,2026-08-21,DEL-BOM,Akasa,1,10679,1922,12601
2026-08-20,2026-08-21,DEL-BOM,Akasa,1,10215,1838,12053
2026-08-20,2026-08-21,DEL-BOM,Akasa,1,10403,1872,12275
2026-08-20,2026-08-21,DEL-BOM,Akasa,1,11820,2127,13947
2026-08-20,2026-10-04,DEL-BOM,SpiceJet,45,4305,774,5079
2026-08-20,2026-10-04,DEL-BOM,SpiceJet,45,3761,676,4437
2026-08-20,2026-10-04,DEL-BOM,SpiceJet,45,3901,702,4603
2026-08-20,2026-10-04,DEL-BOM,SpiceJet,45,3964,713,4677
2026-08-20,2026-10-04,DEL-BOM,SpiceJet,45,4003,720,4723
2026-08-20,2026-09-19,DEL-BOM,SpiceJet,30,4201,756,4957
2026-08-20,2026-09-19,DEL-BOM,SpiceJet,30,4187,753,4940
2026-08-20,2026-09-19,DEL-BOM,SpiceJet,30,4383,788,5171
2026-08-20,2026-09-19,DEL-BOM,SpiceJet,30,3871,696,4567
2026-08-20,2026-09-19,DEL-BOM,SpiceJet,30,4098,737,4835
2026-08-20,2026-09-04,DEL-BOM,SpiceJet,15,5742,1033,6775
2026-08-20,2026-09-04,DEL-BOM,SpiceJet,15,5119,921,6040
2026-08-20,2026-09-04,DEL-BOM,SpiceJet,15,4645,836,5481
2026-08-20,2026-09-04,DEL-BOM,SpiceJet,15,5360,964,6324
2026-08-20,2026-09-04,DEL-BOM,SpiceJet,15,5461,982,6443
2026-08-20,2026-08-27,DEL-BOM,SpiceJet,7,6363,1145,7508
2026-08-20,2026-08-27,DEL-BOM,SpiceJet,7,6535,1176,7711
2026-08-20,2026-08-27,DEL-BOM,SpiceJet,7,6610,1189,7799
2026-08-20,2026-08-27,DEL-BOM,SpiceJet,7,7611,1369,8980
2026-08-20,2026-08-27,DEL-BOM,SpiceJet,7,6537,1176,7713
2026-08-20,2026-08-21,DEL-BOM,SpiceJet,1,10473,1885,12358
2026-08-20,2026-08-21,DEL-BOM,SpiceJet,1,10375,1867,12242
2026-08-20,2026-08-21,DEL-BOM,SpiceJet,1,10113,1820,11933
2026-08-20,2026-08-21,DEL-BOM,SpiceJet,1,10451,1881,12332
2026-08-20,2026-08-21,DEL-BOM,SpiceJet,1,9291,1672,10963
2026-08-20,2026-10-04,DEL-BLR,IndiGo,45,5755,1035,6790
2026-08-20,2026-10-04,DEL-BLR,IndiGo,45,6323,1138,7461
2026-08-20,2026-10-04,DEL-BLR,IndiGo,45,4952,891,5843
2026-08-20,2026-10-04,DEL-BLR,IndiGo,45,5023,904,5927
2026-08-20,2026-10-04,DEL-BLR,IndiGo,45,5968,1074,7042
2026-08-20,2026-09-19,DEL-BLR,IndiGo,30,5512,992,6504
2026-08-20,2026-09-19,DEL-BLR,IndiGo,30,5464,983,6447
2026-08-20,2026-09-19,DEL-BLR,IndiGo,30,5654,1017,6671
2026-08-20,2026-09-19,DEL-BLR,IndiGo,30,5699,1025,6724
2026-08-20,2026-09-19,DEL-BLR,IndiGo,30,6286,1131,7417
2026-08-20,2026-09-04,DEL-BLR,IndiGo,15,8342,1501,9843
2026-08-20,2026-09-04,DEL-BLR,IndiGo,15,7438,1338,8776
2026-08-20,2026-09-04,DEL-BLR,IndiGo,15,6841,1231,8072
2026-08-20,2026-09-04,DEL-BLR,IndiGo,15,8495,1529,10024
2026-08-20,2026-09-04,DEL-BLR,IndiGo,15,6785,1221,8006
2026-08-20,2026-08-27,DEL-BLR,IndiGo,7,10836,1950,12786
2026-08-20,2026-08-27,DEL-BLR,IndiGo,7,11372,2046,13418
2026-08-20,2026-08-27,DEL-BLR,IndiGo,7,9023,1624,10647
2026-08-20,2026-08-27,DEL-BLR,IndiGo,7,10614,1910,12524
2026-08-20,2026-08-27,DEL-BLR,IndiGo,7,9182,1652,10834
2026-08-20,2026-08-21,DEL-BLR,IndiGo,1,15926,2866,18792
2026-08-20,2026-08-21,DEL-BLR,IndiGo,1,13583,2444,16027
2026-08-20,2026-08-21,DEL-BLR,IndiGo,1,15650,2817,18467
2026-08-20,2026-08-21,DEL-BLR,IndiGo,1,16245,2924,19169
2026-08-20,2026-08-21,DEL-BLR,IndiGo,1,13721,2469,16190
2026-08-20,2026-10-04,DEL-BLR,Air India,45,7252,1305,8557
2026-08-20,2026-10-04,DEL-BLR,Air India,45,5945,1070,7015
2026-08-20,2026-10-04,DEL-BLR,Air India,45,7000,1260,8260
2026-08-20,2026-10-04,DEL-BLR,Air India,45,6319,1137,7456
2026-08-20,2026-10-04,DEL-BLR,Air India,45,6518,1173,7691
2026-08-20,2026-09-19,DEL-BLR,Air India,30,6999,1259,8258
2026-08-20,2026-09-19,DEL-BLR,Air India,30,6743,1213,7956
2026-08-20,2026-09-19,DEL-BLR,Air India,30,6266,1127,7393
2026-08-20,2026-09-19,DEL-BLR,Air India,30,6561,1180,7741
2026-08-20,2026-09-19,DEL-BLR,Air India,30,6457,1162,7619
2026-08-20,2026-09-04,DEL-BLR,Air India,15,9360,1684,11044
2026-08-20,2026-09-04,DEL-BLR,Air India,15,9791,1762,11553
2026-08-20,2026-09-04,DEL-BLR,Air India,15,7962,1433,9395
2026-08-20,2026-09-04,DEL-BLR,Air India,15,9641,1735,11376
2026-08-20,2026-09-04,DEL-BLR,Air India,15,9079,1634,10713
2026-08-20,2026-08-27,DEL-BLR,Air India,7,11094,1996,13090
2026-08-20,2026-08-27,DEL-BLR,Air India,7,11592,2086,13678
2026-08-20,2026-08-27,DEL-BLR,Air India,7,10397,1871,12268
2026-08-20,2026-08-27,DEL-BLR,Air India,7,12276,2209,14485
2026-08-20,2026-08-27,DEL-BLR,Air India,7,12165,2189,14354
2026-08-20,2026-08-21,DEL-BLR,Air India,1,18088,3255,21343
2026-08-20,2026-08-21,DEL-BLR,Air India,1,16494,2968,19462
2026-08-20,2026-08-21,DEL-BLR,Air India,1,16018,2883,18901
2026-08-20,2026-08-21,DEL-BLR,Air India,1,16453,2961,19414
2026-08-20,2026-08-21,DEL-BLR,Air India,1,17808,3205,21013
2026-08-20,2026-10-04,DEL-BLR,Akasa,45,5497,989,6486
2026-08-20,2026-10-04,DEL-BLR,Akasa,45,5994,1078,7072
2026-08-20,2026-10-04,DEL-BLR,Akasa,45,5487,987,6474
2026-08-20,2026-10-04,DEL-BLR,Akasa,45,5181,932,6113
2026-08-20,2026-10-04,DEL-BLR,Akasa,45,5045,908,5953
2026-08-20,2026-09-19,DEL-BLR,Akasa,30,5391,970,6361
2026-08-20,2026-09-19,DEL-BLR,Akasa,30,6216,1118,7334
2026-08-20,2026-09-19,DEL-BLR,Akasa,30,5341,961,6302
2026-08-20,2026-09-19,DEL-BLR,Akasa,30,6337,1140,7477
2026-08-20,2026-09-19,DEL-BLR,Akasa,30,5839,1051,6890
2026-08-20,2026-09-04,DEL-BLR,Akasa,15,7021,1263,8284
2026-08-20,2026-09-04,DEL-BLR,Akasa,15,7389,1330,8719
2026-08-20,2026-09-04,DEL-BLR,Akasa,15,7326,1318,8644
2026-08-20,2026-09-04,DEL-BLR,Akasa,15,6531,1175,7706
2026-08-20,2026-09-04,DEL-BLR,Akasa,15,7819,1407,9226
2026-08-20,2026-08-27,DEL-BLR,Akasa,7,10316,1856,12172
2026-08-20,2026-08-27,DEL-BLR,Akasa,7,10096,1817,11913
2026-08-20,2026-08-27,DEL-BLR,Akasa,7,9691,1744,11435
2026-08-20,2026-08-27,DEL-BLR,Akasa,7,10613,1910,12523
2026-08-20,2026-08-27,DEL-BLR,Akasa,7,9410,1693,11103
2026-08-20,2026-08-21,DEL-BLR,Akasa,1,13022,2343,15365
2026-08-20,2026-08-21,DEL-BLR,Akasa,1,12725,2290,15015
2026-08-20,2026-08-21,DEL-BLR,Akasa,1,14295,2573,16868
2026-08-20,2026-08-21,DEL-BLR,Akasa,1,15799,2843,18642
2026-08-20,2026-08-21,DEL-BLR,Akasa,1,15125,2722,17847
2026-08-20,2026-10-04,DEL-BLR,SpiceJet,45,4664,839,5503
2026-08-20,2026-10-04,DEL-BLR,SpiceJet,45,4683,842,5525
2026-08-20,2026-10-04,DEL-BLR,SpiceJet,45,5397,971,6368
2026-08-20,2026-10-04,DEL-BLR,SpiceJet,45,4745,854,5599
2026-08-20,2026-10-04,DEL-BLR,SpiceJet,45,5349,962,6311
2026-08-20,2026-09-19,DEL-BLR,SpiceJet,30,5924,1066,6990
2026-08-20,2026-09-19,DEL-BLR,SpiceJet,30,5800,1044,6844
2026-08-20,2026-09-19,DEL-BLR,SpiceJet,30,5008,901,5909
2026-08-20,2026-09-19,DEL-BLR,SpiceJet,30,5242,943,6185
2026-08-20,2026-09-19,DEL-BLR,SpiceJet,30,5395,971,6366
2026-08-20,2026-09-04,DEL-BLR,SpiceJet,15,6248,1124,7372
2026-08-20,2026-09-04,DEL-BLR,SpiceJet,15,7416,1334,8750
2026-08-20,2026-09-04,DEL-BLR,SpiceJet,15,7575,1363,8938
2026-08-20,2026-09-04,DEL-BLR,SpiceJet,15,6812,1226,8038
2026-08-20,2026-09-04,DEL-BLR,SpiceJet,15,7285,1311,8596
2026-08-20,2026-08-27,DEL-BLR,SpiceJet,7,8681,1562,10243
2026-08-20,2026-08-27,DEL-BLR,SpiceJet,7,9106,1639,10745
2026-08-20,2026-08-27,DEL-BLR,SpiceJet,7,9352,1683,11035
2026-08-20,2026-08-27,DEL-BLR,SpiceJet,7,9963,1793,11756
2026-08-20,2026-08-27,DEL-BLR,SpiceJet,7,8062,1451,9513
2026-08-20,2026-08-21,DEL-BLR,SpiceJet,1,14611,2629,17240
2026-08-20,2026-08-21,DEL-BLR,SpiceJet,1,13284,2391,15675
2026-08-20,2026-08-21,DEL-BLR,SpiceJet,1,12739,2293,15032
2026-08-20,2026-08-21,DEL-BLR,SpiceJet,1,12395,2231,14626
2026-08-20,2026-08-21,DEL-BLR,SpiceJet,1,13956,2512,16468
2026-08-20,2026-10-04,BOM-BLR,IndiGo,45,3284,591,3875
2026-08-20,2026-10-04,BOM-BLR,IndiGo,45,3164,569,3733
2026-08-20,2026-10-04,BOM-BLR,IndiGo,45,3907,703,4610
2026-08-20,2026-10-04,BOM-BLR,IndiGo,45,3829,689,4518
2026-08-20,2026-10-04,BOM-BLR,IndiGo,45,3549,638,4187
2026-08-20,2026-09-19,BOM-BLR,IndiGo,30,3834,690,4524
2026-08-20,2026-09-19,BOM-BLR,IndiGo,30,4282,770,5052
2026-08-20,2026-09-19,BOM-BLR,IndiGo,30,4080,734,4814
2026-08-20,2026-09-19,BOM-BLR,IndiGo,30,4171,750,4921
2026-08-20,2026-09-19,BOM-BLR,IndiGo,30,4176,751,4927
2026-08-20,2026-09-04,BOM-BLR,IndiGo,15,5018,903,5921
2026-08-20,2026-09-04,BOM-BLR,IndiGo,15,4416,794,5210
2026-08-20,2026-09-04,BOM-BLR,IndiGo,15,4293,772,5065
2026-08-20,2026-09-04,BOM-BLR,IndiGo,15,5073,913,5986
2026-08-20,2026-09-04,BOM-BLR,IndiGo,15,4850,873,5723
2026-08-20,2026-08-27,BOM-BLR,IndiGo,7,6703,1206,7909
2026-08-20,2026-08-27,BOM-BLR,IndiGo,7,6586,1185,7771
2026-08-20,2026-08-27,BOM-BLR,IndiGo,7,6611,1189,7800
2026-08-20,2026-08-27,BOM-BLR,IndiGo,7,6911,1243,8154
2026-08-20,2026-08-27,BOM-BLR,IndiGo,7,6794,1222,8016
2026-08-20,2026-08-21,BOM-BLR,IndiGo,1,9679,1742,11421
2026-08-20,2026-08-21,BOM-BLR,IndiGo,1,8692,1564,10256
2026-08-20,2026-08-21,BOM-BLR,IndiGo,1,9128,1643,10771
2026-08-20,2026-08-21,BOM-BLR,IndiGo,1,9735,1752,11487
2026-08-20,2026-08-21,BOM-BLR,IndiGo,1,10493,1888,12381
2026-08-20,2026-10-04,BOM-BLR,Air India,45,3921,705,4626
2026-08-20,2026-10-04,BOM-BLR,Air India,45,3983,716,4699
2026-08-20,2026-10-04,BOM-BLR,Air India,45,4057,730,4787
2026-08-20,2026-10-04,BOM-BLR,Air India,45,4131,743,4874
2026-08-20,2026-10-04,BOM-BLR,Air India,45,4205,756,4961
2026-08-20,2026-09-19,BOM-BLR,Air India,30,4243,763,5006
2026-08-20,2026-09-19,BOM-BLR,Air India,30,4153,747,4900
2026-08-20,2026-09-19,BOM-BLR,Air India,30,4909,883,5792
2026-08-20,2026-09-19,BOM-BLR,Air India,30,4609,829,5438
2026-08-20,2026-09-19,BOM-BLR,Air India,30,4018,723,4741
2026-08-20,2026-09-04,BOM-BLR,Air India,15,4923,886,5809
2026-08-20,2026-09-04,BOM-BLR,Air India,15,6158,1108,7266
2026-08-20,2026-09-04,BOM-BLR,Air India,15,5691,1024,6715
2026-08-20,2026-09-04,BOM-BLR,Air India,15,5057,910,5967
2026-08-20,2026-09-04,BOM-BLR,Air India,15,5801,1044,6845
2026-08-20,2026-08-27,BOM-BLR,Air India,7,8053,1449,9502
2026-08-20,2026-08-27,BOM-BLR,Air India,7,7976,1435,9411
2026-08-20,2026-08-27,BOM-BLR,Air India,7,7620,1371,8991
2026-08-20,2026-08-27,BOM-BLR,Air India,7,6848,1232,8080
2026-08-20,2026-08-27,BOM-BLR,Air India,7,6795,1223,8018
2026-08-20,2026-08-21,BOM-BLR,Air India,1,11581,2084,13665
2026-08-20,2026-08-21,BOM-BLR,Air India,1,12055,2169,14224
2026-08-20,2026-08-21,BOM-BLR,Air India,1,10466,1883,12349
2026-08-20,2026-08-21,BOM-BLR,Air India,1,10098,1817,11915
2026-08-20,2026-08-21,BOM-BLR,Air India,1,10349,1862,12211
2026-08-20,2026-10-04,BOM-BLR,Akasa,45,3241,583,3824
2026-08-20,2026-10-04,BOM-BLR,Akasa,45,3136,564,3700
2026-08-20,2026-10-04,BOM-BLR,Akasa,45,3285,591,3876
2026-08-20,2026-10-04,BOM-BLR,Akasa,45,3743,673,4416
2026-08-20,2026-10-04,BOM-BLR,Akasa,45,3793,682,4475
2026-08-20,2026-09-19,BOM-BLR,Akasa,30,3775,679,4454
2026-08-20,2026-09-19,BOM-BLR,Akasa,30,3970,714,4684
2026-08-20,2026-09-19,BOM-BLR,Akasa,30,3385,609,3994
2026-08-20,2026-09-19,BOM-BLR,Akasa,30,3442,619,4061
2026-08-20,2026-09-19,BOM-BLR,Akasa,30,3776,679,4455
2026-08-20,2026-09-04,BOM-BLR,Akasa,15,4715,848,5563
2026-08-20,2026-09-04,BOM-BLR,Akasa,15,5021,903,5924
2026-08-20,2026-09-04,BOM-BLR,Akasa,15,4873,877,5750
2026-08-20,2026-09-04,BOM-BLR,Akasa,15,4188,753,4941
2026-08-20,2026-09-04,BOM-BLR,Akasa,15,4655,837,5492
2026-08-20,2026-08-27,BOM-BLR,Akasa,7,6115,1100,7215
2026-08-20,2026-08-27,BOM-BLR,Akasa,7,6015,1082,7097
2026-08-20,2026-08-27,BOM-BLR,Akasa,7,5406,973,6379
2026-08-20,2026-08-27,BOM-BLR,Akasa,7,6721,1209,7930
2026-08-20,2026-08-27,BOM-BLR,Akasa,7,5483,986,6469
2026-08-20,2026-08-21,BOM-BLR,Akasa,1,10034,1806,11840
2026-08-20,2026-08-21,BOM-BLR,Akasa,1,9587,1725,11312
2026-08-20,2026-08-21,BOM-BLR,Akasa,1,9162,1649,10811
2026-08-20,2026-08-21,BOM-BLR,Akasa,1,9842,1771,11613
2026-08-20,2026-08-21,BOM-BLR,Akasa,1,8434,1518,9952
2026-08-20,2026-10-04,BOM-BLR,SpiceJet,45,2839,511,3350
2026-08-20,2026-10-04,BOM-BLR,SpiceJet,45,2853,513,3366
2026-08-20,2026-10-04,BOM-BLR,SpiceJet,45,3061,550,3611
2026-08-20,2026-10-04,BOM-BLR,SpiceJet,45,3460,622,4082
2026-08-20,2026-10-04,BOM-BLR,SpiceJet,45,3118,561,3679
2026-08-20,2026-09-19,BOM-BLR,SpiceJet,30,3356,604,3960
2026-08-20,2026-09-19,BOM-BLR,SpiceJet,30,3728,671,4399
2026-08-20,2026-09-19,BOM-BLR,SpiceJet,30,3201,576,3777
2026-08-20,2026-09-19,BOM-BLR,SpiceJet,30,3525,634,4159
2026-08-20,2026-09-19,BOM-BLR,SpiceJet,30,3716,668,4384
2026-08-20,2026-09-04,BOM-BLR,SpiceJet,15,4034,726,4760
2026-08-20,2026-09-04,BOM-BLR,SpiceJet,15,4593,826,5419
2026-08-20,2026-09-04,BOM-BLR,SpiceJet,15,4033,725,4758
2026-08-20,2026-09-04,BOM-BLR,SpiceJet,15,4783,860,5643
2026-08-20,2026-09-04,BOM-BLR,SpiceJet,15,3966,713,4679
2026-08-20,2026-08-27,BOM-BLR,SpiceJet,7,5549,998,6547
2026-08-20,2026-08-27,BOM-BLR,SpiceJet,7,5337,960,6297
2026-08-20,2026-08-27,BOM-BLR,SpiceJet,7,5177,931,6108
2026-08-20,2026-08-27,BOM-BLR,SpiceJet,7,5688,1023,6711
2026-08-20,2026-08-27,BOM-BLR,SpiceJet,7,5937,1068,7005
2026-08-20,2026-08-21,BOM-BLR,SpiceJet,1,8340,1501,9841
2026-08-20,2026-08-21,BOM-BLR,SpiceJet,1,8870,1596,10466
2026-08-20,2026-08-21,BOM-BLR,SpiceJet,1,8481,1526,10007
2026-08-20,2026-08-21,BOM-BLR,SpiceJet,1,7610,1369,8979
2026-08-20,2026-08-21,BOM-BLR,SpiceJet,1,9568,1722,11290
2026-08-20,2026-10-04,DEL-CCU,IndiGo,45,5287,951,6238
2026-08-20,2026-10-04,DEL-CCU,IndiGo,45,4955,891,5846
2026-08-20,2026-10-04,DEL-CCU,IndiGo,45,5278,950,6228
2026-08-20,2026-10-04,DEL-CCU,IndiGo,45,4829,869,5698
2026-08-20,2026-10-04,DEL-CCU,IndiGo,45,4852,873,5725
2026-08-20,2026-09-19,DEL-CCU,IndiGo,30,5582,1004,6586
2026-08-20,2026-09-19,DEL-CCU,IndiGo,30,5869,1056,6925
2026-08-20,2026-09-19,DEL-CCU,IndiGo,30,5643,1015,6658
2026-08-20,2026-09-19,DEL-CCU,IndiGo,30,5429,977,6406
2026-08-20,2026-09-19,DEL-CCU,IndiGo,30,5333,959,6292
2026-08-20,2026-09-04,DEL-CCU,IndiGo,15,7078,1274,8352
2026-08-20,2026-09-04,DEL-CCU,IndiGo,15,6281,1130,7411
2026-08-20,2026-09-04,DEL-CCU,IndiGo,15,7111,1279,8390
2026-08-20,2026-09-04,DEL-CCU,IndiGo,15,6037,1086,7123
2026-08-20,2026-09-04,DEL-CCU,IndiGo,15,7298,1313,8611
2026-08-20,2026-08-27,DEL-CCU,IndiGo,7,8025,1444,9469
2026-08-20,2026-08-27,DEL-CCU,IndiGo,7,7791,1402,9193
2026-08-20,2026-08-27,DEL-CCU,IndiGo,7,9768,1758,11526
2026-08-20,2026-08-27,DEL-CCU,IndiGo,7,9081,1634,10715
2026-08-20,2026-08-27,DEL-CCU,IndiGo,7,8088,1455,9543
2026-08-20,2026-08-21,DEL-CCU,IndiGo,1,13818,2487,16305
2026-08-20,2026-08-21,DEL-CCU,IndiGo,1,12516,2252,14768
2026-08-20,2026-08-21,DEL-CCU,IndiGo,1,14227,2560,16787
2026-08-20,2026-08-21,DEL-CCU,IndiGo,1,12017,2163,14180
2026-08-20,2026-08-21,DEL-CCU,IndiGo,1,13511,2431,15942
2026-08-20,2026-10-04,DEL-CCU,Air India,45,6085,1095,7180
2026-08-20,2026-10-04,DEL-CCU,Air India,45,5741,1033,6774
2026-08-20,2026-10-04,DEL-CCU,Air India,45,5505,990,6495
2026-08-20,2026-10-04,DEL-CCU,Air India,45,5586,1005,6591
2026-08-20,2026-10-04,DEL-CCU,Air India,45,6332,1139,7471
2026-08-20,2026-09-19,DEL-CCU,Air India,30,6544,1177,7721
2026-08-20,2026-09-19,DEL-CCU,Air India,30,6470,1164,7634
2026-08-20,2026-09-19,DEL-CCU,Air India,30,6930,1247,8177
2026-08-20,2026-09-19,DEL-CCU,Air India,30,6347,1142,7489
2026-08-20,2026-09-19,DEL-CCU,Air India,30,5810,1045,6855
2026-08-20,2026-09-04,DEL-CCU,Air India,15,7330,1319,8649
2026-08-20,2026-09-04,DEL-CCU,Air India,15,8127,1462,9589
2026-08-20,2026-09-04,DEL-CCU,Air India,15,7670,1380,9050
2026-08-20,2026-09-04,DEL-CCU,Air India,15,8416,1514,9930
2026-08-20,2026-09-04,DEL-CCU,Air India,15,7494,1348,8842
2026-08-20,2026-08-27,DEL-CCU,Air India,7,11086,1995,13081
2026-08-20,2026-08-27,DEL-CCU,Air India,7,11165,2009,13174
2026-08-20,2026-08-27,DEL-CCU,Air India,7,11089,1996,13085
2026-08-20,2026-08-27,DEL-CCU,Air India,7,9915,1784,11699
2026-08-20,2026-08-27,DEL-CCU,Air India,7,11344,2041,13385
2026-08-20,2026-08-21,DEL-CCU,Air India,1,16355,2943,19298
2026-08-20,2026-08-21,DEL-CCU,Air India,1,16478,2966,19444
2026-08-20,2026-08-21,DEL-CCU,Air India,1,14360,2584,16944
2026-08-20,2026-08-21,DEL-CCU,Air India,1,16746,3014,19760
2026-08-20,2026-08-21,DEL-CCU,Air India,1,16550,2979,19529
2026-08-20,2026-10-04,DEL-CCU,Akasa,45,4240,763,5003
2026-08-20,2026-10-04,DEL-CCU,Akasa,45,5102,918,6020
2026-08-20,2026-10-04,DEL-CCU,Akasa,45,5185,933,6118
2026-08-20,2026-10-04,DEL-CCU,Akasa,45,4316,776,5092
2026-08-20,2026-10-04,DEL-CCU,Akasa,45,4475,805,5280
2026-08-20,2026-09-19,DEL-CCU,Akasa,30,5110,919,6029
2026-08-20,2026-09-19,DEL-CCU,Akasa,30,5097,917,6014
2026-08-20,2026-09-19,DEL-CCU,Akasa,30,5328,959,6287
2026-08-20,2026-09-19,DEL-CCU,Akasa,30,5231,941,6172
2026-08-20,2026-09-19,DEL-CCU,Akasa,30,5256,946,6202
2026-08-20,2026-09-04,DEL-CCU,Akasa,15,6225,1120,7345
2026-08-20,2026-09-04,DEL-CCU,Akasa,15,5819,1047,6866
2026-08-20,2026-09-04,DEL-CCU,Akasa,15,6650,1197,7847
2026-08-20,2026-09-04,DEL-CCU,Akasa,15,5666,1019,6685
2026-08-20,2026-09-04,DEL-CCU,Akasa,15,6695,1205,7900
2026-08-20,2026-08-27,DEL-CCU,Akasa,7,8419,1515,9934
2026-08-20,2026-08-27,DEL-CCU,Akasa,7,7782,1400,9182
2026-08-20,2026-08-27,DEL-CCU,Akasa,7,8066,1451,9517
2026-08-20,2026-08-27,DEL-CCU,Akasa,7,9397,1691,11088
2026-08-20,2026-08-27,DEL-CCU,Akasa,7,8707,1567,10274
2026-08-20,2026-08-21,DEL-CCU,Akasa,1,13303,2394,15697
2026-08-20,2026-08-21,DEL-CCU,Akasa,1,12498,2249,14747
2026-08-20,2026-08-21,DEL-CCU,Akasa,1,10972,1974,12946
2026-08-20,2026-08-21,DEL-CCU,Akasa,1,13030,2345,15375
2026-08-20,2026-08-21,DEL-CCU,Akasa,1,12127,2182,14309
2026-08-20,2026-10-04,DEL-CCU,SpiceJet,45,4082,734,4816
2026-08-20,2026-10-04,DEL-CCU,SpiceJet,45,4153,747,4900
2026-08-20,2026-10-04,DEL-CCU,SpiceJet,45,4538,816,5354
2026-08-20,2026-10-04,DEL-CCU,SpiceJet,45,4149,746,4895
2026-08-20,2026-10-04,DEL-CCU,SpiceJet,45,4321,777,5098
2026-08-20,2026-09-19,DEL-CCU,SpiceJet,30,4376,787,5163
2026-08-20,2026-09-19,DEL-CCU,SpiceJet,30,4771,858,5629
2026-08-20,2026-09-19,DEL-CCU,SpiceJet,30,5288,951,6239
2026-08-20,2026-09-19,DEL-CCU,SpiceJet,30,4362,785,5147
2026-08-20,2026-09-19,DEL-CCU,SpiceJet,30,5273,949,6222
2026-08-20,2026-09-04,DEL-CCU,SpiceJet,15,6155,1107,7262
2026-08-20,2026-09-04,DEL-CCU,SpiceJet,15,5957,1072,7029
2026-08-20,2026-09-04,DEL-CCU,SpiceJet,15,6494,1168,7662
2026-08-20,2026-09-04,DEL-CCU,SpiceJet,15,5423,976,6399
2026-08-20,2026-09-04,DEL-CCU,SpiceJet,15,5628,1013,6641
2026-08-20,2026-08-27,DEL-CCU,SpiceJet,7,7842,1411,9253
2026-08-20,2026-08-27,DEL-CCU,SpiceJet,7,7821,1407,9228
2026-08-20,2026-08-27,DEL-CCU,SpiceJet,7,8248,1484,9732
2026-08-20,2026-08-27,DEL-CCU,SpiceJet,7,7822,1407,9229
2026-08-20,2026-08-27,DEL-CCU,SpiceJet,7,8503,1530,10033
2026-08-20,2026-08-21,DEL-CCU,SpiceJet,1,11680,2102,13782
2026-08-20,2026-08-21,DEL-CCU,SpiceJet,1,11940,2149,14089
2026-08-20,2026-08-21,DEL-CCU,SpiceJet,1,11366,2045,13411
2026-08-20,2026-08-21,DEL-CCU,SpiceJet,1,11827,2128,13955
2026-08-20,2026-08-21,DEL-CCU,SpiceJet,1,11292,2032,13324
2026-08-20,2026-10-04,BLR-HYD,IndiGo,45,2775,499,3274
2026-08-20,2026-10-04,BLR-HYD,IndiGo,45,2708,487,3195
2026-08-20,2026-10-04,BLR-HYD,IndiGo,45,2692,484,3176
2026-08-20,2026-10-04,BLR-HYD,IndiGo,45,2665,479,3144
2026-08-20,2026-10-04,BLR-HYD,IndiGo,45,2919,525,3444
2026-08-20,2026-09-19,BLR-HYD,IndiGo,30,3530,635,4165
2026-08-20,2026-09-19,BLR-HYD,IndiGo,30,3427,616,4043
2026-08-20,2026-09-19,BLR-HYD,IndiGo,30,3410,613,4023
2026-08-20,2026-09-19,BLR-HYD,IndiGo,30,3419,615,4034
2026-08-20,2026-09-19,BLR-HYD,IndiGo,30,3415,614,4029
2026-08-20,2026-09-04,BLR-HYD,IndiGo,15,4256,766,5022
2026-08-20,2026-09-04,BLR-HYD,IndiGo,15,4212,758,4970
2026-08-20,2026-09-04,BLR-HYD,IndiGo,15,3604,648,4252
2026-08-20,2026-09-04,BLR-HYD,IndiGo,15,4043,727,4770
2026-08-20,2026-09-04,BLR-HYD,IndiGo,15,3824,688,4512
2026-08-20,2026-08-27,BLR-HYD,IndiGo,7,4631,833,5464
2026-08-20,2026-08-27,BLR-HYD,IndiGo,7,4705,846,5551
2026-08-20,2026-08-27,BLR-HYD,IndiGo,7,4864,875,5739
2026-08-20,2026-08-27,BLR-HYD,IndiGo,7,4992,898,5890
2026-08-20,2026-08-27,BLR-HYD,IndiGo,7,5359,964,6323
2026-08-20,2026-08-21,BLR-HYD,IndiGo,1,8337,1500,9837
2026-08-20,2026-08-21,BLR-HYD,IndiGo,1,8461,1522,9983
2026-08-20,2026-08-21,BLR-HYD,IndiGo,1,8437,1518,9955
2026-08-20,2026-08-21,BLR-HYD,IndiGo,1,6771,1218,7989
2026-08-20,2026-08-21,BLR-HYD,IndiGo,1,7785,1401,9186
2026-08-20,2026-10-04,BLR-HYD,Air India,45,3647,656,4303
2026-08-20,2026-10-04,BLR-HYD,Air India,45,2931,527,3458
2026-08-20,2026-10-04,BLR-HYD,Air India,45,3474,625,4099
2026-08-20,2026-10-04,BLR-HYD,Air India,45,3505,630,4135
2026-08-20,2026-10-04,BLR-HYD,Air India,45,3458,622,4080
2026-08-20,2026-09-19,BLR-HYD,Air India,30,3803,684,4487
2026-08-20,2026-09-19,BLR-HYD,Air India,30,3432,617,4049
2026-08-20,2026-09-19,BLR-HYD,Air India,30,3314,596,3910
2026-08-20,2026-09-19,BLR-HYD,Air India,30,3288,591,3879
2026-08-20,2026-09-19,BLR-HYD,Air India,30,3467,624,4091
2026-08-20,2026-09-04,BLR-HYD,Air India,15,4551,819,5370
2026-08-20,2026-09-04,BLR-HYD,Air India,15,4103,738,4841
2026-08-20,2026-09-04,BLR-HYD,Air India,15,4521,813,5334
2026-08-20,2026-09-04,BLR-HYD,Air India,15,4668,840,5508
2026-08-20,2026-09-04,BLR-HYD,Air India,15,4986,897,5883
2026-08-20,2026-08-27,BLR-HYD,Air India,7,5379,968,6347
2026-08-20,2026-08-27,BLR-HYD,Air India,7,6082,1094,7176
2026-08-20,2026-08-27,BLR-HYD,Air India,7,6169,1110,7279
2026-08-20,2026-08-27,BLR-HYD,Air India,7,5330,959,6289
2026-08-20,2026-08-27,BLR-HYD,Air India,7,6485,1167,7652
2026-08-20,2026-08-21,BLR-HYD,Air India,1,9434,1698,11132
2026-08-20,2026-08-21,BLR-HYD,Air India,1,9121,1641,10762
2026-08-20,2026-08-21,BLR-HYD,Air India,1,8456,1522,9978
2026-08-20,2026-08-21,BLR-HYD,Air India,1,8579,1544,10123
2026-08-20,2026-08-21,BLR-HYD,Air India,1,7682,1382,9064
2026-08-20,2026-10-04,BLR-HYD,Akasa,45,2534,456,2990
2026-08-20,2026-10-04,BLR-HYD,Akasa,45,2736,492,3228
2026-08-20,2026-10-04,BLR-HYD,Akasa,45,2400,432,2832
2026-08-20,2026-10-04,BLR-HYD,Akasa,45,2767,498,3265
2026-08-20,2026-10-04,BLR-HYD,Akasa,45,2597,467,3064
2026-08-20,2026-09-19,BLR-HYD,Akasa,30,3264,587,3851
2026-08-20,2026-09-19,BLR-HYD,Akasa,30,3310,595,3905
2026-08-20,2026-09-19,BLR-HYD,Akasa,30,3017,543,3560
2026-08-20,2026-09-19,BLR-HYD,Akasa,30,3342,601,3943
2026-08-20,2026-09-19,BLR-HYD,Akasa,30,2952,531,3483
2026-08-20,2026-09-04,BLR-HYD,Akasa,15,3868,696,4564
2026-08-20,2026-09-04,BLR-HYD,Akasa,15,4110,739,4849
2026-08-20,2026-09-04,BLR-HYD,Akasa,15,3487,627,4114
2026-08-20,2026-09-04,BLR-HYD,Akasa,15,4067,732,4799
2026-08-20,2026-09-04,BLR-HYD,Akasa,15,3979,716,4695
2026-08-20,2026-08-27,BLR-HYD,Akasa,7,5314,956,6270
2026-08-20,2026-08-27,BLR-HYD,Akasa,7,5224,940,6164
2026-08-20,2026-08-27,BLR-HYD,Akasa,7,4404,792,5196
2026-08-20,2026-08-27,BLR-HYD,Akasa,7,4837,870,5707
2026-08-20,2026-08-27,BLR-HYD,Akasa,7,5469,984,6453
2026-08-20,2026-08-21,BLR-HYD,Akasa,1,7887,1419,9306
2026-08-20,2026-08-21,BLR-HYD,Akasa,1,7371,1326,8697
2026-08-20,2026-08-21,BLR-HYD,Akasa,1,6428,1157,7585
2026-08-20,2026-08-21,BLR-HYD,Akasa,1,6843,1231,8074
2026-08-20,2026-08-21,BLR-HYD,Akasa,1,7574,1363,8937
2026-08-20,2026-10-04,BLR-HYD,SpiceJet,45,2761,496,3257
2026-08-20,2026-10-04,BLR-HYD,SpiceJet,45,2343,421,2764
2026-08-20,2026-10-04,BLR-HYD,SpiceJet,45,2784,501,3285
2026-08-20,2026-10-04,BLR-HYD,SpiceJet,45,2697,485,3182
2026-08-20,2026-10-04,BLR-HYD,SpiceJet,45,2737,492,3229
2026-08-20,2026-09-19,BLR-HYD,SpiceJet,30,2542,457,2999
2026-08-20,2026-09-19,BLR-HYD,SpiceJet,30,3012,542,3554
2026-08-20,2026-09-19,BLR-HYD,SpiceJet,30,3126,562,3688
2026-08-20,2026-09-19,BLR-HYD,SpiceJet,30,3040,547,3587
2026-08-20,2026-09-19,BLR-HYD,SpiceJet,30,2999,539,3538
2026-08-20,2026-09-04,BLR-HYD,SpiceJet,15,3650,657,4307
2026-08-20,2026-09-04,BLR-HYD,SpiceJet,15,3515,632,4147
2026-08-20,2026-09-04,BLR-HYD,SpiceJet,15,3723,670,4393
2026-08-20,2026-09-04,BLR-HYD,SpiceJet,15,3159,568,3727
2026-08-20,2026-09-04,BLR-HYD,SpiceJet,15,3495,629,4124
2026-08-20,2026-08-27,BLR-HYD,SpiceJet,7,4152,747,4899
2026-08-20,2026-08-27,BLR-HYD,SpiceJet,7,4122,741,4863
2026-08-20,2026-08-27,BLR-HYD,SpiceJet,7,4762,857,5619
2026-08-20,2026-08-27,BLR-HYD,SpiceJet,7,5159,928,6087
2026-08-20,2026-08-27,BLR-HYD,SpiceJet,7,4504,810,5314
2026-08-20,2026-08-21,BLR-HYD,SpiceJet,1,6119,1101,7220
2026-08-20,2026-08-21,BLR-HYD,SpiceJet,1,6449,1160,7609
2026-08-20,2026-08-21,BLR-HYD,SpiceJet,1,6850,1233,8083
2026-08-20,2026-08-21,BLR-HYD,SpiceJet,1,7372,1326,8698
2026-08-20,2026-08-21,BLR-HYD,SpiceJet,1,7526,1354,8880
2026-08-21,2026-10-05,DEL-BOM,IndiGo,45,4755,855,5610
2026-08-21,2026-10-05,DEL-BOM,IndiGo,45,4742,853,5595
2026-08-21,2026-10-05,DEL-BOM,IndiGo,45,4602,828,5430
2026-08-21,2026-10-05,DEL-BOM,IndiGo,45,4675,841,5516
2026-08-21,2026-10-05,DEL-BOM,IndiGo,45,4467,804,5271
2026-08-21,2026-09-20,DEL-BOM,IndiGo,30,5168,930,6098
2026-08-21,2026-09-20,DEL-BOM,IndiGo,30,4163,749,4912
2026-08-21,2026-09-20,DEL-BOM,IndiGo,30,5207,937,6144
2026-08-21,2026-09-20,DEL-BOM,IndiGo,30,4236,762,4998
2026-08-21,2026-09-20,DEL-BOM,IndiGo,30,4820,867,5687
2026-08-21,2026-09-05,DEL-BOM,IndiGo,15,5926,1066,6992
2026-08-21,2026-09-05,DEL-BOM,IndiGo,15,5359,964,6323
2026-08-21,2026-09-05,DEL-BOM,IndiGo,15,5109,919,6028
2026-08-21,2026-09-05,DEL-BOM,IndiGo,15,5188,933,6121
2026-08-21,2026-09-05,DEL-BOM,IndiGo,15,5776,1039,6815
2026-08-21,2026-08-28,DEL-BOM,IndiGo,7,7929,1427,9356
2026-08-21,2026-08-28,DEL-BOM,IndiGo,7,7773,1399,9172
2026-08-21,2026-08-28,DEL-BOM,IndiGo,7,8187,1473,9660
2026-08-21,2026-08-28,DEL-BOM,IndiGo,7,6982,1256,8238
2026-08-21,2026-08-28,DEL-BOM,IndiGo,7,7297,1313,8610
2026-08-21,2026-08-22,DEL-BOM,IndiGo,1,10652,1917,12569
2026-08-21,2026-08-22,DEL-BOM,IndiGo,1,10482,1886,12368
2026-08-21,2026-08-22,DEL-BOM,IndiGo,1,12004,2160,14164
2026-08-21,2026-08-22,DEL-BOM,IndiGo,1,11252,2025,13277
2026-08-21,2026-08-22,DEL-BOM,IndiGo,1,12630,2273,14903
2026-08-21,2026-10-05,DEL-BOM,Air India,45,4742,853,5595
2026-08-21,2026-10-05,DEL-BOM,Air India,45,4362,785,5147
2026-08-21,2026-10-05,DEL-BOM,Air India,45,4508,811,5319
2026-08-21,2026-10-05,DEL-BOM,Air India,45,5515,992,6507
2026-08-21,2026-10-05,DEL-BOM,Air India,45,5339,961,6300
2026-08-21,2026-09-20,DEL-BOM,Air India,30,5274,949,6223
2026-08-21,2026-09-20,DEL-BOM,Air India,30,5807,1045,6852
2026-08-21,2026-09-20,DEL-BOM,Air India,30,6034,1086,7120
2026-08-21,2026-09-20,DEL-BOM,Air India,30,5086,915,6001
2026-08-21,2026-09-20,DEL-BOM,Air India,30,4919,885,5804
2026-08-21,2026-09-05,DEL-BOM,Air India,15,6448,1160,7608
2026-08-21,2026-09-05,DEL-BOM,Air India,15,7029,1265,8294
2026-08-21,2026-09-05,DEL-BOM,Air India,15,7369,1326,8695
2026-08-21,2026-09-05,DEL-BOM,Air India,15,6011,1081,7092
2026-08-21,2026-09-05,DEL-BOM,Air India,15,6982,1256,8238
2026-08-21,2026-08-28,DEL-BOM,Air India,7,8158,1468,9626
2026-08-21,2026-08-28,DEL-BOM,Air India,7,8898,1601,10499
2026-08-21,2026-08-28,DEL-BOM,Air India,7,9836,1770,11606
2026-08-21,2026-08-28,DEL-BOM,Air India,7,8420,1515,9935
2026-08-21,2026-08-28,DEL-BOM,Air India,7,8987,1617,10604
2026-08-21,2026-08-22,DEL-BOM,Air India,1,14471,2604,17075
2026-08-21,2026-08-22,DEL-BOM,Air India,1,12076,2173,14249
2026-08-21,2026-08-22,DEL-BOM,Air India,1,12190,2194,14384
2026-08-21,2026-08-22,DEL-BOM,Air India,1,14036,2526,16562
2026-08-21,2026-08-22,DEL-BOM,Air India,1,11621,2091,13712
2026-08-21,2026-10-05,DEL-BOM,Akasa,45,3624,652,4276
2026-08-21,2026-10-05,DEL-BOM,Akasa,45,4098,737,4835
2026-08-21,2026-10-05,DEL-BOM,Akasa,45,4065,731,4796
2026-08-21,2026-10-05,DEL-BOM,Akasa,45,3669,660,4329
2026-08-21,2026-10-05,DEL-BOM,Akasa,45,3761,676,4437
2026-08-21,2026-09-20,DEL-BOM,Akasa,30,4789,862,5651
2026-08-21,2026-09-20,DEL-BOM,Akasa,30,4141,745,4886
2026-08-21,2026-09-20,DEL-BOM,Akasa,30,5026,904,5930
2026-08-21,2026-09-20,DEL-BOM,Akasa,30,4537,816,5353
2026-08-21,2026-09-20,DEL-BOM,Akasa,30,4133,743,4876
2026-08-21,2026-09-05,DEL-BOM,Akasa,15,5466,983,6449
2026-08-21,2026-09-05,DEL-BOM,Akasa,15,5304,954,6258
2026-08-21,2026-09-05,DEL-BOM,Akasa,15,5318,957,6275
2026-08-21,2026-09-05,DEL-BOM,Akasa,15,5593,1006,6599
2026-08-21,2026-09-05,DEL-BOM,Akasa,15,4888,879,5767
2026-08-21,2026-08-28,DEL-BOM,Akasa,7,7838,1410,9248
2026-08-21,2026-08-28,DEL-BOM,Akasa,7,6798,1223,8021
2026-08-21,2026-08-28,DEL-BOM,Akasa,7,7265,1307,8572
2026-08-21,2026-08-28,DEL-BOM,Akasa,7,7563,1361,8924
2026-08-21,2026-08-28,DEL-BOM,Akasa,7,7473,1345,8818
2026-08-21,2026-08-22,DEL-BOM,Akasa,1,11684,2103,13787
2026-08-21,2026-08-22,DEL-BOM,Akasa,1,10903,1962,12865
2026-08-21,2026-08-22,DEL-BOM,Akasa,1,10247,1844,12091
2026-08-21,2026-08-22,DEL-BOM,Akasa,1,10320,1857,12177
2026-08-21,2026-08-22,DEL-BOM,Akasa,1,10553,1899,12452
2026-08-21,2026-10-05,DEL-BOM,SpiceJet,45,4297,773,5070
2026-08-21,2026-10-05,DEL-BOM,SpiceJet,45,4237,762,4999
2026-08-21,2026-10-05,DEL-BOM,SpiceJet,45,4067,732,4799
2026-08-21,2026-10-05,DEL-BOM,SpiceJet,45,4151,747,4898
2026-08-21,2026-10-05,DEL-BOM,SpiceJet,45,3823,688,4511
2026-08-21,2026-09-20,DEL-BOM,SpiceJet,30,4732,851,5583
2026-08-21,2026-09-20,DEL-BOM,SpiceJet,30,4046,728,4774
2026-08-21,2026-09-20,DEL-BOM,SpiceJet,30,3926,706,4632
2026-08-21,2026-09-20,DEL-BOM,SpiceJet,30,4105,738,4843
2026-08-21,2026-09-20,DEL-BOM,SpiceJet,30,4215,758,4973
2026-08-21,2026-09-05,DEL-BOM,SpiceJet,15,5021,903,5924
2026-08-21,2026-09-05,DEL-BOM,SpiceJet,15,4729,851,5580
2026-08-21,2026-09-05,DEL-BOM,SpiceJet,15,5599,1007,6606
2026-08-21,2026-09-05,DEL-BOM,SpiceJet,15,4693,844,5537
2026-08-21,2026-09-05,DEL-BOM,SpiceJet,15,5301,954,6255
2026-08-21,2026-08-28,DEL-BOM,SpiceJet,7,7134,1284,8418
2026-08-21,2026-08-28,DEL-BOM,SpiceJet,7,6687,1203,7890
2026-08-21,2026-08-28,DEL-BOM,SpiceJet,7,6179,1112,7291
2026-08-21,2026-08-28,DEL-BOM,SpiceJet,7,7627,1372,8999
2026-08-21,2026-08-28,DEL-BOM,SpiceJet,7,6742,1213,7955
2026-08-21,2026-08-22,DEL-BOM,SpiceJet,1,10784,1941,12725
2026-08-21,2026-08-22,DEL-BOM,SpiceJet,1,9142,1645,10787
2026-08-21,2026-08-22,DEL-BOM,SpiceJet,1,11073,1993,13066
2026-08-21,2026-08-22,DEL-BOM,SpiceJet,1,9481,1706,11187
2026-08-21,2026-08-22,DEL-BOM,SpiceJet,1,9583,1724,11307
2026-08-21,2026-10-05,DEL-BLR,IndiGo,45,5414,974,6388
2026-08-21,2026-10-05,DEL-BLR,IndiGo,45,6186,1113,7299
2026-08-21,2026-10-05,DEL-BLR,IndiGo,45,6210,1117,7327
2026-08-21,2026-10-05,DEL-BLR,IndiGo,45,5248,944,6192
2026-08-21,2026-10-05,DEL-BLR,IndiGo,45,5745,1034,6779
2026-08-21,2026-09-20,DEL-BLR,IndiGo,30,5675,1021,6696
2026-08-21,2026-09-20,DEL-BLR,IndiGo,30,5642,1015,6657
2026-08-21,2026-09-20,DEL-BLR,IndiGo,30,5926,1066,6992
2026-08-21,2026-09-20,DEL-BLR,IndiGo,30,6398,1151,7549
2026-08-21,2026-09-20,DEL-BLR,IndiGo,30,5898,1061,6959
2026-08-21,2026-09-05,DEL-BLR,IndiGo,15,6905,1242,8147
2026-08-21,2026-09-05,DEL-BLR,IndiGo,15,7396,1331,8727
2026-08-21,2026-09-05,DEL-BLR,IndiGo,15,7760,1396,9156
2026-08-21,2026-09-05,DEL-BLR,IndiGo,15,8419,1515,9934
2026-08-21,2026-09-05,DEL-BLR,IndiGo,15,7106,1279,8385
2026-08-21,2026-08-28,DEL-BLR,IndiGo,7,10587,1905,12492
2026-08-21,2026-08-28,DEL-BLR,IndiGo,7,10724,1930,12654
2026-08-21,2026-08-28,DEL-BLR,IndiGo,7,10391,1870,12261
2026-08-21,2026-08-28,DEL-BLR,IndiGo,7,10431,1877,12308
2026-08-21,2026-08-28,DEL-BLR,IndiGo,7,10230,1841,12071
2026-08-21,2026-08-22,DEL-BLR,IndiGo,1,13886,2499,16385
2026-08-21,2026-08-22,DEL-BLR,IndiGo,1,16003,2880,18883
2026-08-21,2026-08-22,DEL-BLR,IndiGo,1,13599,2447,16046
2026-08-21,2026-08-22,DEL-BLR,IndiGo,1,15026,2704,17730
2026-08-21,2026-08-22,DEL-BLR,IndiGo,1,14565,2621,17186
2026-08-21,2026-10-05,DEL-BLR,Air India,45,5836,1050,6886
2026-08-21,2026-10-05,DEL-BLR,Air India,45,6357,1144,7501
2026-08-21,2026-10-05,DEL-BLR,Air India,45,6607,1189,7796
2026-08-21,2026-10-05,DEL-BLR,Air India,45,6841,1231,8072
2026-08-21,2026-10-05,DEL-BLR,Air India,45,5953,1071,7024
2026-08-21,2026-09-20,DEL-BLR,Air India,30,7314,1316,8630
2026-08-21,2026-09-20,DEL-BLR,Air India,30,6672,1200,7872
2026-08-21,2026-09-20,DEL-BLR,Air India,30,7087,1275,8362
2026-08-21,2026-09-20,DEL-BLR,Air India,30,7977,1435,9412
2026-08-21,2026-09-20,DEL-BLR,Air India,30,6599,1187,7786
2026-08-21,2026-09-05,DEL-BLR,Air India,15,7978,1436,9414
2026-08-21,2026-09-05,DEL-BLR,Air India,15,8408,1513,9921
2026-08-21,2026-09-05,DEL-BLR,Air India,15,7962,1433,9395
2026-08-21,2026-09-05,DEL-BLR,Air India,15,8077,1453,9530
2026-08-21,2026-09-05,DEL-BLR,Air India,15,8961,1612,10573
2026-08-21,2026-08-28,DEL-BLR,Air India,7,12443,2239,14682
2026-08-21,2026-08-28,DEL-BLR,Air India,7,10490,1888,12378
2026-08-21,2026-08-28,DEL-BLR,Air India,7,12308,2215,14523
2026-08-21,2026-08-28,DEL-BLR,Air India,7,11575,2083,13658
2026-08-21,2026-08-28,DEL-BLR,Air India,7,11093,1996,13089
2026-08-21,2026-08-22,DEL-BLR,Air India,1,15095,2717,17812
2026-08-21,2026-08-22,DEL-BLR,Air India,1,18153,3267,21420
2026-08-21,2026-08-22,DEL-BLR,Air India,1,16653,2997,19650
2026-08-21,2026-08-22,DEL-BLR,Air India,1,16565,2981,19546
2026-08-21,2026-08-22,DEL-BLR,Air India,1,16673,3001,19674
2026-08-21,2026-10-05,DEL-BLR,Akasa,45,5537,996,6533
2026-08-21,2026-10-05,DEL-BLR,Akasa,45,4822,867,5689
2026-08-21,2026-10-05,DEL-BLR,Akasa,45,5583,1004,6587
2026-08-21,2026-10-05,DEL-BLR,Akasa,45,5344,961,6305
2026-08-21,2026-10-05,DEL-BLR,Akasa,45,5851,1053,6904
2026-08-21,2026-09-20,DEL-BLR,Akasa,30,6564,1181,7745
2026-08-21,2026-09-20,DEL-BLR,Akasa,30,5552,999,6551
2026-08-21,2026-09-20,DEL-BLR,Akasa,30,5733,1031,6764
2026-08-21,2026-09-20,DEL-BLR,Akasa,30,5611,1009,6620
2026-08-21,2026-09-20,DEL-BLR,Akasa,30,5837,1050,6887
2026-08-21,2026-09-05,DEL-BLR,Akasa,15,6804,1224,8028
2026-08-21,2026-09-05,DEL-BLR,Akasa,15,7275,1309,8584
2026-08-21,2026-09-05,DEL-BLR,Akasa,15,7532,1355,8887
2026-08-21,2026-09-05,DEL-BLR,Akasa,15,7863,1415,9278
2026-08-21,2026-09-05,DEL-BLR,Akasa,15,7041,1267,8308
2026-08-21,2026-08-28,DEL-BLR,Akasa,7,10660,1918,12578
2026-08-21,2026-08-28,DEL-BLR,Akasa,7,10442,1879,12321
2026-08-21,2026-08-28,DEL-BLR,Akasa,7,9562,1721,11283
2026-08-21,2026-08-28,DEL-BLR,Akasa,7,10756,1936,12692
2026-08-21,2026-08-28,DEL-BLR,Akasa,7,10780,1940,12720
2026-08-21,2026-08-22,DEL-BLR,Akasa,1,13119,2361,15480
2026-08-21,2026-08-22,DEL-BLR,Akasa,1,14624,2632,17256
2026-08-21,2026-08-22,DEL-BLR,Akasa,1,15219,2739,17958
2026-08-21,2026-08-22,DEL-BLR,Akasa,1,15031,2705,17736
2026-08-21,2026-08-22,DEL-BLR,Akasa,1,15864,2855,18719
2026-08-21,2026-10-05,DEL-BLR,SpiceJet,45,5073,913,5986
2026-08-21,2026-10-05,DEL-BLR,SpiceJet,45,4644,835,5479
2026-08-21,2026-10-05,DEL-BLR,SpiceJet,45,5196,935,6131
2026-08-21,2026-10-05,DEL-BLR,SpiceJet,45,4966,893,5859
2026-08-21,2026-10-05,DEL-BLR,SpiceJet,45,4516,812,5328
2026-08-21,2026-09-20,DEL-BLR,SpiceJet,30,5115,920,6035
2026-08-21,2026-09-20,DEL-BLR,SpiceJet,30,5556,1000,6556
2026-08-21,2026-09-20,DEL-BLR,SpiceJet,30,5081,914,5995
2026-08-21,2026-09-20,DEL-BLR,SpiceJet,30,5005,900,5905
2026-08-21,2026-09-20,DEL-BLR,SpiceJet,30,5746,1034,6780
2026-08-21,2026-09-05,DEL-BLR,SpiceJet,15,7681,1382,9063
2026-08-21,2026-09-05,DEL-BLR,SpiceJet,15,7656,1378,9034
2026-08-21,2026-09-05,DEL-BLR,SpiceJet,15,7272,1308,8580
2026-08-21,2026-09-05,DEL-BLR,SpiceJet,15,7361,1324,8685
2026-08-21,2026-09-05,DEL-BLR,SpiceJet,15,7302,1314,8616
2026-08-21,2026-08-28,DEL-BLR,SpiceJet,7,9305,1674,10979
2026-08-21,2026-08-28,DEL-BLR,SpiceJet,7,8199,1475,9674
2026-08-21,2026-08-28,DEL-BLR,SpiceJet,7,9339,1681,11020
2026-08-21,2026-08-28,DEL-BLR,SpiceJet,7,9759,1756,11515
2026-08-21,2026-08-28,DEL-BLR,SpiceJet,7,9556,1720,11276
2026-08-21,2026-08-22,DEL-BLR,SpiceJet,1,12265,2207,14472
2026-08-21,2026-08-22,DEL-BLR,SpiceJet,1,14268,2568,16836
2026-08-21,2026-08-22,DEL-BLR,SpiceJet,1,13862,2495,16357
2026-08-21,2026-08-22,DEL-BLR,SpiceJet,1,12876,2317,15193
2026-08-21,2026-08-22,DEL-BLR,SpiceJet,1,13519,2433,15952
2026-08-21,2026-10-05,BOM-BLR,IndiGo,45,3248,584,3832
2026-08-21,2026-10-05,BOM-BLR,IndiGo,45,3385,609,3994
2026-08-21,2026-10-05,BOM-BLR,IndiGo,45,3815,686,4501
2026-08-21,2026-10-05,BOM-BLR,IndiGo,45,3454,621,4075
2026-08-21,2026-10-05,BOM-BLR,IndiGo,45,3678,662,4340
2026-08-21,2026-09-20,BOM-BLR,IndiGo,30,4021,723,4744
2026-08-21,2026-09-20,BOM-BLR,IndiGo,30,3905,702,4607
2026-08-21,2026-09-20,BOM-BLR,IndiGo,30,3535,636,4171
2026-08-21,2026-09-20,BOM-BLR,IndiGo,30,4050,729,4779
2026-08-21,2026-09-20,BOM-BLR,IndiGo,30,3576,643,4219
2026-08-21,2026-09-05,BOM-BLR,IndiGo,15,4422,795,5217
2026-08-21,2026-09-05,BOM-BLR,IndiGo,15,5078,914,5992
2026-08-21,2026-09-05,BOM-BLR,IndiGo,15,4771,858,5629
2026-08-21,2026-09-05,BOM-BLR,IndiGo,15,5068,912,5980
2026-08-21,2026-09-05,BOM-BLR,IndiGo,15,4547,818,5365
2026-08-21,2026-08-28,BOM-BLR,IndiGo,7,6492,1168,7660
2026-08-21,2026-08-28,BOM-BLR,IndiGo,7,6589,1186,7775
2026-08-21,2026-08-28,BOM-BLR,IndiGo,7,6967,1254,8221
2026-08-21,2026-08-28,BOM-BLR,IndiGo,7,5879,1058,6937
2026-08-21,2026-08-28,BOM-BLR,IndiGo,7,6131,1103,7234
2026-08-21,2026-08-22,BOM-BLR,IndiGo,1,9680,1742,11422
2026-08-21,2026-08-22,BOM-BLR,IndiGo,1,8778,1580,10358
2026-08-21,2026-08-22,BOM-BLR,IndiGo,1,10280,1850,12130
2026-08-21,2026-08-22,BOM-BLR,IndiGo,1,9286,1671,10957
2026-08-21,2026-08-22,BOM-BLR,IndiGo,1,8640,1555,10195
2026-08-21,2026-10-05,BOM-BLR,Air India,45,4261,766,5027
2026-08-21,2026-10-05,BOM-BLR,Air India,45,4446,800,5246
2026-08-21,2026-10-05,BOM-BLR,Air India,45,3772,678,4450
2026-08-21,2026-10-05,BOM-BLR,Air India,45,4254,765,5019
2026-08-21,2026-10-05,BOM-BLR,Air India,45,3879,698,4577
2026-08-21,2026-09-20,BOM-BLR,Air India,30,4134,744,4878
2026-08-21,2026-09-20,BOM-BLR,Air India,30,4354,783,5137
2026-08-21,2026-09-20,BOM-BLR,Air India,30,4038,726,4764
2026-08-21,2026-09-20,BOM-BLR,Air India,30,4554,819,5373
2026-08-21,2026-09-20,BOM-BLR,Air India,30,4883,878,5761
2026-08-21,2026-09-05,BOM-BLR,Air India,15,5562,1001,6563
2026-08-21,2026-09-05,BOM-BLR,Air India,15,5490,988,6478
2026-08-21,2026-09-05,BOM-BLR,Air India,15,5598,1007,6605
2026-08-21,2026-09-05,BOM-BLR,Air India,15,6183,1112,7295
2026-08-21,2026-09-05,BOM-BLR,Air India,15,5093,916,6009
2026-08-21,2026-08-28,BOM-BLR,Air India,7,7830,1409,9239
2026-08-21,2026-08-28,BOM-BLR,Air India,7,6545,1178,7723
2026-08-21,2026-08-28,BOM-BLR,Air India,7,7832,1409,9241
2026-08-21,2026-08-28,BOM-BLR,Air India,7,7158,1288,8446
2026-08-21,2026-08-28,BOM-BLR,Air India,7,6902,1242,8144
2026-08-21,2026-08-22,BOM-BLR,Air India,1,10851,1953,12804
2026-08-21,2026-08-22,BOM-BLR,Air India,1,10529,1895,12424
2026-08-21,2026-08-22,BOM-BLR,Air India,1,9938,1788,11726
2026-08-21,2026-08-22,BOM-BLR,Air India,1,10171,1830,12001
2026-08-21,2026-08-22,BOM-BLR,Air India,1,11625,2092,13717
2026-08-21,2026-10-05,BOM-BLR,Akasa,45,3673,661,4334
2026-08-21,2026-10-05,BOM-BLR,Akasa,45,3537,636,4173
2026-08-21,2026-10-05,BOM-BLR,Akasa,45,3012,542,3554
2026-08-21,2026-10-05,BOM-BLR,Akasa,45,3194,574,3768
2026-08-21,2026-10-05,BOM-BLR,Akasa,45,3324,598,3922
2026-08-21,2026-09-20,BOM-BLR,Akasa,30,3716,668,4384
2026-08-21,2026-09-20,BOM-BLR,Akasa,30,3296,593,3889
2026-08-21,2026-09-20,BOM-BLR,Akasa,30,3517,633,4150
2026-08-21,2026-09-20,BOM-BLR,Akasa,30,3531,635,4166
2026-08-21,2026-09-20,BOM-BLR,Akasa,30,3873,697,4570
2026-08-21,2026-09-05,BOM-BLR,Akasa,15,5078,914,5992
2026-08-21,2026-09-05,BOM-BLR,Akasa,15,5132,923,6055
2026-08-21,2026-09-05,BOM-BLR,Akasa,15,4048,728,4776
2026-08-21,2026-09-05,BOM-BLR,Akasa,15,4256,766,5022
2026-08-21,2026-09-05,BOM-BLR,Akasa,15,5040,907,5947
2026-08-21,2026-08-28,BOM-BLR,Akasa,7,6781,1220,8001
2026-08-21,2026-08-28,BOM-BLR,Akasa,7,5726,1030,6756
2026-08-21,2026-08-28,BOM-BLR,Akasa,7,5424,976,6400
2026-08-21,2026-08-28,BOM-BLR,Akasa,7,5539,997,6536
2026-08-21,2026-08-28,BOM-BLR,Akasa,7,6275,1129,7404
2026-08-21,2026-08-22,BOM-BLR,Akasa,1,9076,1633,10709
2026-08-21,2026-08-22,BOM-BLR,Akasa,1,8324,1498,9822
2026-08-21,2026-08-22,BOM-BLR,Akasa,1,8427,1516,9943
2026-08-21,2026-08-22,BOM-BLR,Akasa,1,8297,1493,9790
2026-08-21,2026-08-22,BOM-BLR,Akasa,1,9511,1711,11222
2026-08-21,2026-10-05,BOM-BLR,SpiceJet,45,3004,540,3544
2026-08-21,2026-10-05,BOM-BLR,SpiceJet,45,3418,615,4033
2026-08-21,2026-10-05,BOM-BLR,SpiceJet,45,3075,553,3628
2026-08-21,2026-10-05,BOM-BLR,SpiceJet,45,3374,607,3981
2026-08-21,2026-10-05,BOM-BLR,SpiceJet,45,3451,621,4072
2026-08-21,2026-09-20,BOM-BLR,SpiceJet,30,3129,563,3692
2026-08-21,2026-09-20,BOM-BLR,SpiceJet,30,3652,657,4309
2026-08-21,2026-09-20,BOM-BLR,SpiceJet,30,3488,627,4115
2026-08-21,2026-09-20,BOM-BLR,SpiceJet,30,3833,689,4522
2026-08-21,2026-09-20,BOM-BLR,SpiceJet,30,3591,646,4237
2026-08-21,2026-09-05,BOM-BLR,SpiceJet,15,4621,831,5452
2026-08-21,2026-09-05,BOM-BLR,SpiceJet,15,3933,707,4640
2026-08-21,2026-09-05,BOM-BLR,SpiceJet,15,4346,782,5128
2026-08-21,2026-09-05,BOM-BLR,SpiceJet,15,4647,836,5483
2026-08-21,2026-09-05,BOM-BLR,SpiceJet,15,4495,809,5304
2026-08-21,2026-08-28,BOM-BLR,SpiceJet,7,5693,1024,6717
2026-08-21,2026-08-28,BOM-BLR,SpiceJet,7,6218,1119,7337
2026-08-21,2026-08-28,BOM-BLR,SpiceJet,7,5684,1023,6707
2026-08-21,2026-08-28,BOM-BLR,SpiceJet,7,5450,981,6431
2026-08-21,2026-08-28,BOM-BLR,SpiceJet,7,6236,1122,7358
2026-08-21,2026-08-22,BOM-BLR,SpiceJet,1,8427,1516,9943
2026-08-21,2026-08-22,BOM-BLR,SpiceJet,1,7845,1412,9257
2026-08-21,2026-08-22,BOM-BLR,SpiceJet,1,8121,1461,9582
2026-08-21,2026-08-22,BOM-BLR,SpiceJet,1,7850,1413,9263
2026-08-21,2026-08-22,BOM-BLR,SpiceJet,1,9322,1677,10999
2026-08-21,2026-10-05,DEL-CCU,IndiGo,45,4784,861,5645
2026-08-21,2026-10-05,DEL-CCU,IndiGo,45,5519,993,6512
2026-08-21,2026-10-05,DEL-CCU,IndiGo,45,5110,919,6029
2026-08-21,2026-10-05,DEL-CCU,IndiGo,45,4873,877,5750
2026-08-21,2026-10-05,DEL-CCU,IndiGo,45,4680,842,5522
2026-08-21,2026-09-20,DEL-CCU,IndiGo,30,5846,1052,6898
2026-08-21,2026-09-20,DEL-CCU,IndiGo,30,5401,972,6373
2026-08-21,2026-09-20,DEL-CCU,IndiGo,30,5537,996,6533
2026-08-21,2026-09-20,DEL-CCU,IndiGo,30,5300,954,6254
2026-08-21,2026-09-20,DEL-CCU,IndiGo,30,4773,859,5632
2026-08-21,2026-09-05,DEL-CCU,IndiGo,15,6614,1190,7804
2026-08-21,2026-09-05,DEL-CCU,IndiGo,15,6296,1133,7429
2026-08-21,2026-09-05,DEL-CCU,IndiGo,15,6387,1149,7536
2026-08-21,2026-09-05,DEL-CCU,IndiGo,15,6936,1248,8184
2026-08-21,2026-09-05,DEL-CCU,IndiGo,15,5982,1076,7058
2026-08-21,2026-08-28,DEL-CCU,IndiGo,7,8112,1460,9572
2026-08-21,2026-08-28,DEL-CCU,IndiGo,7,8569,1542,10111
2026-08-21,2026-08-28,DEL-CCU,IndiGo,7,9206,1657,10863
2026-08-21,2026-08-28,DEL-CCU,IndiGo,7,9935,1788,11723
2026-08-21,2026-08-28,DEL-CCU,IndiGo,7,9294,1672,10966
2026-08-21,2026-08-22,DEL-CCU,IndiGo,1,13602,2448,16050
2026-08-21,2026-08-22,DEL-CCU,IndiGo,1,12509,2251,14760
2026-08-21,2026-08-22,DEL-CCU,IndiGo,1,12271,2208,14479
2026-08-21,2026-08-22,DEL-CCU,IndiGo,1,12520,2253,14773
2026-08-21,2026-08-22,DEL-CCU,IndiGo,1,13052,2349,15401
2026-08-21,2026-10-05,DEL-CCU,Air India,45,5837,1050,6887
2026-08-21,2026-10-05,DEL-CCU,Air India,45,5419,975,6394
2026-08-21,2026-10-05,DEL-CCU,Air India,45,5131,923,6054
2026-08-21,2026-10-05,DEL-CCU,Air India,45,5888,1059,6947
2026-08-21,2026-10-05,DEL-CCU,Air India,45,5753,1035,6788
2026-08-21,2026-09-20,DEL-CCU,Air India,30,6516,1172,7688
2026-08-21,2026-09-20,DEL-CCU,Air India,30,5916,1064,6980
2026-08-21,2026-09-20,DEL-CCU,Air India,30,5739,1033,6772
2026-08-21,2026-09-20,DEL-CCU,Air India,30,6750,1215,7965
2026-08-21,2026-09-20,DEL-CCU,Air India,30,5784,1041,6825
2026-08-21,2026-09-05,DEL-CCU,Air India,15,8183,1472,9655
2026-08-21,2026-09-05,DEL-CCU,Air India,15,7791,1402,9193
2026-08-21,2026-09-05,DEL-CCU,Air India,15,7092,1276,8368
2026-08-21,2026-09-05,DEL-CCU,Air India,15,7333,1319,8652
2026-08-21,2026-09-05,DEL-CCU,Air India,15,8563,1541,10104
2026-08-21,2026-08-28,DEL-CCU,Air India,7,9901,1782,11683
2026-08-21,2026-08-28,DEL-CCU,Air India,7,10198,1835,12033
2026-08-21,2026-08-28,DEL-CCU,Air India,7,9522,1713,11235
2026-08-21,2026-08-28,DEL-CCU,Air India,7,9624,1732,11356
2026-08-21,2026-08-28,DEL-CCU,Air India,7,9340,1681,11021
2026-08-21,2026-08-22,DEL-CCU,Air India,1,14336,2580,16916
2026-08-21,2026-08-22,DEL-CCU,Air India,1,15301,2754,18055
2026-08-21,2026-08-22,DEL-CCU,Air India,1,16600,2988,19588
2026-08-21,2026-08-22,DEL-CCU,Air India,1,15261,2746,18007
2026-08-21,2026-08-22,DEL-CCU,Air India,1,16038,2886,18924
2026-08-21,2026-10-05,DEL-CCU,Akasa,45,4177,751,4928
2026-08-21,2026-10-05,DEL-CCU,Akasa,45,5059,910,5969
2026-08-21,2026-10-05,DEL-CCU,Akasa,45,5129,923,6052
2026-08-21,2026-10-05,DEL-CCU,Akasa,45,4303,774,5077
2026-08-21,2026-10-05,DEL-CCU,Akasa,45,4823,868,5691
2026-08-21,2026-09-20,DEL-CCU,Akasa,30,4709,847,5556
2026-08-21,2026-09-20,DEL-CCU,Akasa,30,4742,853,5595
2026-08-21,2026-09-20,DEL-CCU,Akasa,30,4938,888,5826
2026-08-21,2026-09-20,DEL-CCU,Akasa,30,5124,922,6046
2026-08-21,2026-09-20,DEL-CCU,Akasa,30,4673,841,5514
2026-08-21,2026-09-05,DEL-CCU,Akasa,15,5890,1060,6950
2026-08-21,2026-09-05,DEL-CCU,Akasa,15,6107,1099,7206
2026-08-21,2026-09-05,DEL-CCU,Akasa,15,6724,1210,7934
2026-08-21,2026-09-05,DEL-CCU,Akasa,15,6701,1206,7907
2026-08-21,2026-09-05,DEL-CCU,Akasa,15,5722,1029,6751
2026-08-21,2026-08-28,DEL-CCU,Akasa,7,9167,1650,10817
2026-08-21,2026-08-28,DEL-CCU,Akasa,7,7567,1362,8929
2026-08-21,2026-08-28,DEL-CCU,Akasa,7,9224,1660,10884
2026-08-21,2026-08-28,DEL-CCU,Akasa,7,9270,1668,10938
2026-08-21,2026-08-28,DEL-CCU,Akasa,7,9415,1694,11109
2026-08-21,2026-08-22,DEL-CCU,Akasa,1,11434,2058,13492
2026-08-21,2026-08-22,DEL-CCU,Akasa,1,13777,2479,16256
2026-08-21,2026-08-22,DEL-CCU,Akasa,1,13657,2458,16115
2026-08-21,2026-08-22,DEL-CCU,Akasa,1,13804,2484,16288
2026-08-21,2026-08-22,DEL-CCU,Akasa,1,13657,2458,16115
2026-08-21,2026-10-05,DEL-CCU,SpiceJet,45,4376,787,5163
2026-08-21,2026-10-05,DEL-CCU,SpiceJet,45,4703,846,5549
2026-08-21,2026-10-05,DEL-CCU,SpiceJet,45,4182,752,4934
2026-08-21,2026-10-05,DEL-CCU,SpiceJet,45,4592,826,5418
2026-08-21,2026-10-05,DEL-CCU,SpiceJet,45,4245,764,5009
2026-08-21,2026-09-20,DEL-CCU,SpiceJet,30,4278,770,5048
2026-08-21,2026-09-20,DEL-CCU,SpiceJet,30,5300,954,6254
2026-08-21,2026-09-20,DEL-CCU,SpiceJet,30,5329,959,6288
2026-08-21,2026-09-20,DEL-CCU,SpiceJet,30,4674,841,5515
2026-08-21,2026-09-20,DEL-CCU,SpiceJet,30,4387,789,5176
2026-08-21,2026-09-05,DEL-CCU,SpiceJet,15,6049,1088,7137
2026-08-21,2026-09-05,DEL-CCU,SpiceJet,15,5716,1028,6744
2026-08-21,2026-09-05,DEL-CCU,SpiceJet,15,5335,960,6295
2026-08-21,2026-09-05,DEL-CCU,SpiceJet,15,6502,1170,7672
2026-08-21,2026-09-05,DEL-CCU,SpiceJet,15,6370,1146,7516
2026-08-21,2026-08-28,DEL-CCU,SpiceJet,7,7729,1391,9120
2026-08-21,2026-08-28,DEL-CCU,SpiceJet,7,8517,1533,10050
2026-08-21,2026-08-28,DEL-CCU,SpiceJet,7,7277,1309,8586
2026-08-21,2026-08-28,DEL-CCU,SpiceJet,7,8008,1441,9449
2026-08-21,2026-08-28,DEL-CCU,SpiceJet,7,8384,1509,9893
2026-08-21,2026-08-22,DEL-CCU,SpiceJet,1,11210,2017,13227
2026-08-21,2026-08-22,DEL-CCU,SpiceJet,1,10576,1903,12479
2026-08-21,2026-08-22,DEL-CCU,SpiceJet,1,13157,2368,15525
2026-08-21,2026-08-22,DEL-CCU,SpiceJet,1,12697,2285,14982
2026-08-21,2026-08-22,DEL-CCU,SpiceJet,1,10604,1908,12512
2026-08-21,2026-10-05,BLR-HYD,IndiGo,45,2865,515,3380
2026-08-21,2026-10-05,BLR-HYD,IndiGo,45,3028,545,3573
2026-08-21,2026-10-05,BLR-HYD,IndiGo,45,2970,534,3504
2026-08-21,2026-10-05,BLR-HYD,IndiGo,45,2562,461,3023
2026-08-21,2026-10-05,BLR-HYD,IndiGo,45,3155,567,3722
2026-08-21,2026-09-20,BLR-HYD,IndiGo,30,3033,545,3578
2026-08-21,2026-09-20,BLR-HYD,IndiGo,30,3001,540,3541
2026-08-21,2026-09-20,BLR-HYD,IndiGo,30,3110,559,3669
2026-08-21,2026-09-20,BLR-HYD,IndiGo,30,3148,566,3714
2026-08-21,2026-09-20,BLR-HYD,IndiGo,30,2854,513,3367
2026-08-21,2026-09-05,BLR-HYD,IndiGo,15,4015,722,4737
2026-08-21,2026-09-05,BLR-HYD,IndiGo,15,4104,738,4842
2026-08-21,2026-09-05,BLR-HYD,IndiGo,15,3983,716,4699
2026-08-21,2026-09-05,BLR-HYD,IndiGo,15,3431,617,4048
2026-08-21,2026-09-05,BLR-HYD,IndiGo,15,3679,662,4341
2026-08-21,2026-08-28,BLR-HYD,IndiGo,7,5008,901,5909
2026-08-21,2026-08-28,BLR-HYD,IndiGo,7,4690,844,5534
2026-08-21,2026-08-28,BLR-HYD,IndiGo,7,5717,1029,6746
2026-08-21,2026-08-28,BLR-HYD,IndiGo,7,5359,964,6323
2026-08-21,2026-08-28,BLR-HYD,IndiGo,7,5302,954,6256
2026-08-21,2026-08-22,BLR-HYD,IndiGo,1,7753,1395,9148
2026-08-21,2026-08-22,BLR-HYD,IndiGo,1,6679,1202,7881
2026-08-21,2026-08-22,BLR-HYD,IndiGo,1,7600,1368,8968
2026-08-21,2026-08-22,BLR-HYD,IndiGo,1,6692,1204,7896
2026-08-21,2026-08-22,BLR-HYD,IndiGo,1,7609,1369,8978
2026-08-21,2026-10-05,BLR-HYD,Air India,45,3293,592,3885
2026-08-21,2026-10-05,BLR-HYD,Air India,45,2923,526,3449
2026-08-21,2026-10-05,BLR-HYD,Air India,45,3214,578,3792
2026-08-21,2026-10-05,BLR-HYD,Air India,45,3372,606,3978
2026-08-21,2026-10-05,BLR-HYD,Air India,45,3557,640,4197
2026-08-21,2026-09-20,BLR-HYD,Air India,30,3532,635,4167
2026-08-21,2026-09-20,BLR-HYD,Air India,30,3477,625,4102
2026-08-21,2026-09-20,BLR-HYD,Air India,30,3884,699,4583
2026-08-21,2026-09-20,BLR-HYD,Air India,30,3520,633,4153
2026-08-21,2026-09-20,BLR-HYD,Air India,30,3649,656,4305
2026-08-21,2026-09-05,BLR-HYD,Air India,15,4383,788,5171
2026-08-21,2026-09-05,BLR-HYD,Air India,15,4577,823,5400
2026-08-21,2026-09-05,BLR-HYD,Air India,15,4620,831,5451
2026-08-21,2026-09-05,BLR-HYD,Air India,15,4779,860,5639
2026-08-21,2026-09-05,BLR-HYD,Air India,15,4738,852,5590
2026-08-21,2026-08-28,BLR-HYD,Air India,7,5622,1011,6633
2026-08-21,2026-08-28,BLR-HYD,Air India,7,6551,1179,7730
2026-08-21,2026-08-28,BLR-HYD,Air India,7,5229,941,6170
2026-08-21,2026-08-28,BLR-HYD,Air India,7,6496,1169,7665
2026-08-21,2026-08-28,BLR-HYD,Air India,7,5683,1022,6705
2026-08-21,2026-08-22,BLR-HYD,Air India,1,8509,1531,10040
2026-08-21,2026-08-22,BLR-HYD,Air India,1,8013,1442,9455
2026-08-21,2026-08-22,BLR-HYD,Air India,1,8981,1616,10597
2026-08-21,2026-08-22,BLR-HYD,Air India,1,8436,1518,9954
2026-08-21,2026-08-22,BLR-HYD,Air India,1,9526,1714,11240
2026-08-21,2026-10-05,BLR-HYD,Akasa,45,2966,533,3499
2026-08-21,2026-10-05,BLR-HYD,Akasa,45,2667,480,3147
2026-08-21,2026-10-05,BLR-HYD,Akasa,45,2774,499,3273
2026-08-21,2026-10-05,BLR-HYD,Akasa,45,2603,468,3071
2026-08-21,2026-10-05,BLR-HYD,Akasa,45,2743,493,3236
2026-08-21,2026-09-20,BLR-HYD,Akasa,30,3060,550,3610
2026-08-21,2026-09-20,BLR-HYD,Akasa,30,3347,602,3949
2026-08-21,2026-09-20,BLR-HYD,Akasa,30,2821,507,3328
2026-08-21,2026-09-20,BLR-HYD,Akasa,30,2929,527,3456
2026-08-21,2026-09-20,BLR-HYD,Akasa,30,2902,522,3424
2026-08-21,2026-09-05,BLR-HYD,Akasa,15,3673,661,4334
2026-08-21,2026-09-05,BLR-HYD,Akasa,15,3786,681,4467
2026-08-21,2026-09-05,BLR-HYD,Akasa,15,3626,652,4278
2026-08-21,2026-09-05,BLR-HYD,Akasa,15,3927,706,4633
2026-08-21,2026-09-05,BLR-HYD,Akasa,15,4004,720,4724
2026-08-21,2026-08-28,BLR-HYD,Akasa,7,4642,835,5477
2026-08-21,2026-08-28,BLR-HYD,Akasa,7,4882,878,5760
2026-08-21,2026-08-28,BLR-HYD,Akasa,7,4619,831,5450
2026-08-21,2026-08-28,BLR-HYD,Akasa,7,4451,801,5252
2026-08-21,2026-08-28,BLR-HYD,Akasa,7,5375,967,6342
2026-08-21,2026-08-22,BLR-HYD,Akasa,1,6876,1237,8113
2026-08-21,2026-08-22,BLR-HYD,Akasa,1,7139,1285,8424
2026-08-21,2026-08-22,BLR-HYD,Akasa,1,7882,1418,9300
2026-08-21,2026-08-22,BLR-HYD,Akasa,1,6730,1211,7941
2026-08-21,2026-08-22,BLR-HYD,Akasa,1,7982,1436,9418
2026-08-21,2026-10-05,BLR-HYD,SpiceJet,45,2472,444,2916
2026-08-21,2026-10-05,BLR-HYD,SpiceJet,45,2785,501,3286
2026-08-21,2026-10-05,BLR-HYD,SpiceJet,45,2755,495,3250
2026-08-21,2026-10-05,BLR-HYD,SpiceJet,45,2543,457,3000
2026-08-21,2026-10-05,BLR-HYD,SpiceJet,45,2561,460,3021
2026-08-21,2026-09-20,BLR-HYD,SpiceJet,30,2926,526,3452
2026-08-21,2026-09-20,BLR-HYD,SpiceJet,30,2735,492,3227
2026-08-21,2026-09-20,BLR-HYD,SpiceJet,30,3155,567,3722
2026-08-21,2026-09-20,BLR-HYD,SpiceJet,30,2616,470,3086
2026-08-21,2026-09-20,BLR-HYD,SpiceJet,30,2716,488,3204
2026-08-21,2026-09-05,BLR-HYD,SpiceJet,15,3281,590,3871
2026-08-21,2026-09-05,BLR-HYD,SpiceJet,15,3175,571,3746
2026-08-21,2026-09-05,BLR-HYD,SpiceJet,15,3097,557,3654
2026-08-21,2026-09-05,BLR-HYD,SpiceJet,15,3493,628,4121
2026-08-21,2026-09-05,BLR-HYD,SpiceJet,15,3723,670,4393
2026-08-21,2026-08-28,BLR-HYD,SpiceJet,7,4727,850,5577
2026-08-21,2026-08-28,BLR-HYD,SpiceJet,7,4243,763,5006
2026-08-21,2026-08-28,BLR-HYD,SpiceJet,7,4649,836,5485
2026-08-21,2026-08-28,BLR-HYD,SpiceJet,7,4671,840,5511
2026-08-21,2026-08-28,BLR-HYD,SpiceJet,7,4654,837,5491
2026-08-21,2026-08-22,BLR-HYD,SpiceJet,1,6281,1130,7411
2026-08-21,2026-08-22,BLR-HYD,SpiceJet,1,6732,1211,7943
2026-08-21,2026-08-22,BLR-HYD,SpiceJet,1,7264,1307,8571
2026-08-21,2026-08-22,BLR-HYD,SpiceJet,1,6808,1225,8033
2026-08-21,2026-08-22,BLR-HYD,SpiceJet,1,6889,1240,8129
2026-08-22,2026-10-06,DEL-BOM,IndiGo,45,4313,776,5089
2026-08-22,2026-10-06,DEL-BOM,IndiGo,45,4045,728,4773
2026-08-22,2026-10-06,DEL-BOM,IndiGo,45,4645,836,5481
2026-08-22,2026-10-06,DEL-BOM,IndiGo,45,4272,768,5040
2026-08-22,2026-10-06,DEL-BOM,IndiGo,45,4201,756,4957
2026-08-22,2026-09-21,DEL-BOM,IndiGo,30,4361,784,5145
2026-08-22,2026-09-21,DEL-BOM,IndiGo,30,4670,840,5510
2026-08-22,2026-09-21,DEL-BOM,IndiGo,30,4715,848,5563
2026-08-22,2026-09-21,DEL-BOM,IndiGo,30,4476,805,5281
2026-08-22,2026-09-21,DEL-BOM,IndiGo,30,4932,887,5819
2026-08-22,2026-09-06,DEL-BOM,IndiGo,15,6030,1085,7115
2026-08-22,2026-09-06,DEL-BOM,IndiGo,15,5443,979,6422
2026-08-22,2026-09-06,DEL-BOM,IndiGo,15,5629,1013,6642
2026-08-22,2026-09-06,DEL-BOM,IndiGo,15,6337,1140,7477
2026-08-22,2026-09-06,DEL-BOM,IndiGo,15,5223,940,6163
2026-08-22,2026-08-29,DEL-BOM,IndiGo,7,7329,1319,8648
2026-08-22,2026-08-29,DEL-BOM,IndiGo,7,8686,1563,10249
2026-08-22,2026-08-29,DEL-BOM,IndiGo,7,7188,1293,8481
2026-08-22,2026-08-29,DEL-BOM,IndiGo,7,8654,1557,10211
2026-08-22,2026-08-29,DEL-BOM,IndiGo,7,7459,1342,8801
2026-08-22,2026-08-23,DEL-BOM,IndiGo,1,10823,1948,12771
2026-08-22,2026-08-23,DEL-BOM,IndiGo,1,10194,1834,12028
2026-08-22,2026-08-23,DEL-BOM,IndiGo,1,12356,2224,14580
2026-08-22,2026-08-23,DEL-BOM,IndiGo,1,11950,2151,14101
2026-08-22,2026-08-23,DEL-BOM,IndiGo,1,10295,1853,12148
2026-08-22,2026-10-06,DEL-BOM,Air India,45,5519,993,6512
2026-08-22,2026-10-06,DEL-BOM,Air India,45,5327,958,6285
2026-08-22,2026-10-06,DEL-BOM,Air India,45,5081,914,5995
2026-08-22,2026-10-06,DEL-BOM,Air India,45,4998,899,5897
2026-08-22,2026-10-06,DEL-BOM,Air India,45,4641,835,5476
2026-08-22,2026-09-21,DEL-BOM,Air India,30,5656,1018,6674
2026-08-22,2026-09-21,DEL-BOM,Air India,30,5090,916,6006
2026-08-22,2026-09-21,DEL-BOM,Air India,30,5536,996,6532
2026-08-22,2026-09-21,DEL-BOM,Air India,30,5336,960,6296
2026-08-22,2026-09-21,DEL-BOM,Air India,30,5230,941,6171
2026-08-22,2026-09-06,DEL-BOM,Air India,15,6004,1080,7084
2026-08-22,2026-09-06,DEL-BOM,Air India,15,6630,1193,7823
2026-08-22,2026-09-06,DEL-BOM,Air India,15,6124,1102,7226
2026-08-22,2026-09-06,DEL-BOM,Air India,15,7294,1312,8606
2026-08-22,2026-09-06,DEL-BOM,Air India,15,6449,1160,7609
2026-08-22,2026-08-29,DEL-BOM,Air India,7,9582,1724,11306
2026-08-22,2026-08-29,DEL-BOM,Air India,7,8858,1594,10452
2026-08-22,2026-08-29,DEL-BOM,Air India,7,8270,1488,9758
2026-08-22,2026-08-29,DEL-BOM,Air India,7,9278,1670,10948
2026-08-22,2026-08-29,DEL-BOM,Air India,7,8579,1544,10123
2026-08-22,2026-08-23,DEL-BOM,Air India,1,12525,2254,14779
2026-08-22,2026-08-23,DEL-BOM,Air India,1,12831,2309,15140
2026-08-22,2026-08-23,DEL-BOM,Air India,1,13779,2480,16259
2026-08-22,2026-08-23,DEL-BOM,Air India,1,12455,2241,14696
2026-08-22,2026-08-23,DEL-BOM,Air India,1,14378,2588,16966
2026-08-22,2026-10-06,DEL-BOM,Akasa,45,4558,820,5378
2026-08-22,2026-10-06,DEL-BOM,Akasa,45,4434,798,5232
2026-08-22,2026-10-06,DEL-BOM,Akasa,45,3740,673,4413
2026-08-22,2026-10-06,DEL-BOM,Akasa,45,3823,688,4511
2026-08-22,2026-10-06,DEL-BOM,Akasa,45,4158,748,4906
2026-08-22,2026-09-21,DEL-BOM,Akasa,30,4919,885,5804
2026-08-22,2026-09-21,DEL-BOM,Akasa,30,3984,717,4701
2026-08-22,2026-09-21,DEL-BOM,Akasa,30,4686,843,5529
2026-08-22,2026-09-21,DEL-BOM,Akasa,30,4474,805,5279
2026-08-22,2026-09-21,DEL-BOM,Akasa,30,4410,793,5203
2026-08-22,2026-09-06,DEL-BOM,Akasa,15,5709,1027,6736
2026-08-22,2026-09-06,DEL-BOM,Akasa,15,5727,1030,6757
2026-08-22,2026-09-06,DEL-BOM,Akasa,15,5776,1039,6815
2026-08-22,2026-09-06,DEL-BOM,Akasa,15,4859,874,5733
2026-08-22,2026-09-06,DEL-BOM,Akasa,15,5213,938,6151
2026-08-22,2026-08-29,DEL-BOM,Akasa,7,6902,1242,8144
2026-08-22,2026-08-29,DEL-BOM,Akasa,7,7612,1370,8982
2026-08-22,2026-08-29,DEL-BOM,Akasa,7,6514,1172,7686
2026-08-22,2026-08-29,DEL-BOM,Akasa,7,7801,1404,9205
2026-08-22,2026-08-29,DEL-BOM,Akasa,7,7371,1326,8697
2026-08-22,2026-08-23,DEL-BOM,Akasa,1,10557,1900,12457
2026-08-22,2026-08-23,DEL-BOM,Akasa,1,9892,1780,11672
2026-08-22,2026-08-23,DEL-BOM,Akasa,1,10883,1958,12841
2026-08-22,2026-08-23,DEL-BOM,Akasa,1,11567,2082,13649
2026-08-22,2026-08-23,DEL-BOM,Akasa,1,11310,2035,13345
2026-08-22,2026-10-06,DEL-BOM,SpiceJet,45,4201,756,4957
2026-08-22,2026-10-06,DEL-BOM,SpiceJet,45,3690,664,4354
2026-08-22,2026-10-06,DEL-BOM,SpiceJet,45,4084,735,4819
2026-08-22,2026-10-06,DEL-BOM,SpiceJet,45,4312,776,5088
2026-08-22,2026-10-06,DEL-BOM,SpiceJet,45,4121,741,4862
2026-08-22,2026-09-21,DEL-BOM,SpiceJet,30,4448,800,5248
2026-08-22,2026-09-21,DEL-BOM,SpiceJet,30,4293,772,5065
2026-08-22,2026-09-21,DEL-BOM,SpiceJet,30,4780,860,5640
2026-08-22,2026-09-21,DEL-BOM,SpiceJet,30,4717,849,5566
2026-08-22,2026-09-21,DEL-BOM,SpiceJet,30,4524,814,5338
2026-08-22,2026-09-06,DEL-BOM,SpiceJet,15,4868,876,5744
2026-08-22,2026-09-06,DEL-BOM,SpiceJet,15,4934,888,5822
2026-08-22,2026-09-06,DEL-BOM,SpiceJet,15,5370,966,6336
2026-08-22,2026-09-06,DEL-BOM,SpiceJet,15,4847,872,5719
2026-08-22,2026-09-06,DEL-BOM,SpiceJet,15,5499,989,6488
2026-08-22,2026-08-29,DEL-BOM,SpiceJet,7,6367,1146,7513
2026-08-22,2026-08-29,DEL-BOM,SpiceJet,7,6589,1186,7775
2026-08-22,2026-08-29,DEL-BOM,SpiceJet,7,6484,1167,7651
2026-08-22,2026-08-29,DEL-BOM,SpiceJet,7,6243,1123,7366
2026-08-22,2026-08-29,DEL-BOM,SpiceJet,7,7593,1366,8959
2026-08-22,2026-08-23,DEL-BOM,SpiceJet,1,10518,1893,12411
2026-08-22,2026-08-23,DEL-BOM,SpiceJet,1,10038,1806,11844
2026-08-22,2026-08-23,DEL-BOM,SpiceJet,1,11382,2048,13430
2026-08-22,2026-08-23,DEL-BOM,SpiceJet,1,11509,2071,13580
2026-08-22,2026-08-23,DEL-BOM,SpiceJet,1,10602,1908,12510
2026-08-22,2026-10-06,DEL-BLR,IndiGo,45,5649,1016,6665
2026-08-22,2026-10-06,DEL-BLR,IndiGo,45,5912,1064,6976
2026-08-22,2026-10-06,DEL-BLR,IndiGo,45,5594,1006,6600
2026-08-22,2026-10-06,DEL-BLR,IndiGo,45,5452,981,6433
2026-08-22,2026-10-06,DEL-BLR,IndiGo,45,5727,1030,6757
2026-08-22,2026-09-21,DEL-BLR,IndiGo,30,6415,1154,7569
2026-08-22,2026-09-21,DEL-BLR,IndiGo,30,6728,1211,7939
2026-08-22,2026-09-21,DEL-BLR,IndiGo,30,5871,1056,6927
2026-08-22,2026-09-21,DEL-BLR,IndiGo,30,5554,999,6553
2026-08-22,2026-09-21,DEL-BLR,IndiGo,30,5586,1005,6591
2026-08-22,2026-09-06,DEL-BLR,IndiGo,15,7678,1382,9060
2026-08-22,2026-09-06,DEL-BLR,IndiGo,15,6805,1224,8029
2026-08-22,2026-09-06,DEL-BLR,IndiGo,15,8441,1519,9960
2026-08-22,2026-09-06,DEL-BLR,IndiGo,15,8226,1480,9706
2026-08-22,2026-09-06,DEL-BLR,IndiGo,15,6904,1242,8146
2026-08-22,2026-08-29,DEL-BLR,IndiGo,7,9685,1743,11428
2026-08-22,2026-08-29,DEL-BLR,IndiGo,7,10469,1884,12353
2026-08-22,2026-08-29,DEL-BLR,IndiGo,7,9849,1772,11621
2026-08-22,2026-08-29,DEL-BLR,IndiGo,7,10944,1969,12913
2026-08-22,2026-08-29,DEL-BLR,IndiGo,7,10020,1803,11823
2026-08-22,2026-08-23,DEL-BLR,IndiGo,1,14647,2636,17283
2026-08-22,2026-08-23,DEL-BLR,IndiGo,1,16360,2944,19304
2026-08-22,2026-08-23,DEL-BLR,IndiGo,1,14780,2660,17440
2026-08-22,2026-08-23,DEL-BLR,IndiGo,1,16158,2908,19066
2026-08-22,2026-08-23,DEL-BLR,IndiGo,1,16565,2981,19546
2026-08-22,2026-10-06,DEL-BLR,Air India,45,7037,1266,8303
2026-08-22,2026-10-06,DEL-BLR,Air India,45,6675,1201,7876
2026-08-22,2026-10-06,DEL-BLR,Air India,45,6711,1207,7918
2026-08-22,2026-10-06,DEL-BLR,Air India,45,6226,1120,7346
2026-08-22,2026-10-06,DEL-BLR,Air India,45,7199,1295,8494
2026-08-22,2026-09-21,DEL-BLR,Air India,30,6963,1253,8216
2026-08-22,2026-09-21,DEL-BLR,Air India,30,7110,1279,8389
2026-08-22,2026-09-21,DEL-BLR,Air India,30,7009,1261,8270
2026-08-22,2026-09-21,DEL-BLR,Air India,30,7409,1333,8742
2026-08-22,2026-09-21,DEL-BLR,Air India,30,6501,1170,7671
2026-08-22,2026-09-06,DEL-BLR,Air India,15,7848,1412,9260
2026-08-22,2026-09-06,DEL-BLR,Air India,15,8010,1441,9451
2026-08-22,2026-09-06,DEL-BLR,Air India,15,9169,1650,10819
2026-08-22,2026-09-06,DEL-BLR,Air India,15,8289,1492,9781
2026-08-22,2026-09-06,DEL-BLR,Air India,15,9167,1650,10817
2026-08-22,2026-08-29,DEL-BLR,Air India,7,10910,1963,12873
2026-08-22,2026-08-29,DEL-BLR,Air India,7,10686,1923,12609
2026-08-22,2026-08-29,DEL-BLR,Air India,7,10569,1902,12471
2026-08-22,2026-08-29,DEL-BLR,Air India,7,10442,1879,12321
2026-08-22,2026-08-29,DEL-BLR,Air India,7,10915,1964,12879
2026-08-22,2026-08-23,DEL-BLR,Air India,1,17840,3211,21051
2026-08-22,2026-08-23,DEL-BLR,Air India,1,19234,3462,22696
2026-08-22,2026-08-23,DEL-BLR,Air India,1,16390,2950,19340
2026-08-22,2026-08-23,DEL-BLR,Air India,1,15451,2781,18232
2026-08-22,2026-08-23,DEL-BLR,Air India,1,16655,2997,19652
2026-08-22,2026-10-06,DEL-BLR,Akasa,45,4702,846,5548
2026-08-22,2026-10-06,DEL-BLR,Akasa,45,5427,976,6403
2026-08-22,2026-10-06,DEL-BLR,Akasa,45,5804,1044,6848
2026-08-22,2026-10-06,DEL-BLR,Akasa,45,5251,945,6196
2026-08-22,2026-10-06,DEL-BLR,Akasa,45,5680,1022,6702
2026-08-22,2026-09-21,DEL-BLR,Akasa,30,5773,1039,6812
2026-08-22,2026-09-21,DEL-BLR,Akasa,30,5640,1015,6655
2026-08-22,2026-09-21,DEL-BLR,Akasa,30,6238,1122,7360
2026-08-22,2026-09-21,DEL-BLR,Akasa,30,5614,1010,6624
2026-08-22,2026-09-21,DEL-BLR,Akasa,30,6524,1174,7698
2026-08-22,2026-09-06,DEL-BLR,Akasa,15,7136,1284,8420
2026-08-22,2026-09-06,DEL-BLR,Akasa,15,6604,1188,7792
2026-08-22,2026-09-06,DEL-BLR,Akasa,15,7869,1416,9285
2026-08-22,2026-09-06,DEL-BLR,Akasa,15,7749,1394,9143
2026-08-22,2026-09-06,DEL-BLR,Akasa,15,6857,1234,8091
2026-08-22,2026-08-29,DEL-BLR,Akasa,7,8696,1565,10261
2026-08-22,2026-08-29,DEL-BLR,Akasa,7,9853,1773,11626
2026-08-22,2026-08-29,DEL-BLR,Akasa,7,9783,1760,11543
2026-08-22,2026-08-29,DEL-BLR,Akasa,7,8700,1566,10266
2026-08-22,2026-08-29,DEL-BLR,Akasa,7,9833,1769,11602
2026-08-22,2026-08-23,DEL-BLR,Akasa,1,13566,2441,16007
2026-08-22,2026-08-23,DEL-BLR,Akasa,1,13831,2489,16320
2026-08-22,2026-08-23,DEL-BLR,Akasa,1,14226,2560,16786
2026-08-22,2026-08-23,DEL-BLR,Akasa,1,15128,2723,17851
2026-08-22,2026-08-23,DEL-BLR,Akasa,1,15331,2759,18090
2026-08-22,2026-10-06,DEL-BLR,SpiceJet,45,5509,991,6500
2026-08-22,2026-10-06,DEL-BLR,SpiceJet,45,4575,823,5398
2026-08-22,2026-10-06,DEL-BLR,SpiceJet,45,5150,927,6077
2026-08-22,2026-10-06,DEL-BLR,SpiceJet,45,4821,867,5688
2026-08-22,2026-10-06,DEL-BLR,SpiceJet,45,4518,813,5331
2026-08-22,2026-09-21,DEL-BLR,SpiceJet,30,4907,883,5790
2026-08-22,2026-09-21,DEL-BLR,SpiceJet,30,6183,1112,7295
2026-08-22,2026-09-21,DEL-BLR,SpiceJet,30,5917,1065,6982
2026-08-22,2026-09-21,DEL-BLR,SpiceJet,30,5651,1017,6668
2026-08-22,2026-09-21,DEL-BLR,SpiceJet,30,6138,1104,7242
2026-08-22,2026-09-06,DEL-BLR,SpiceJet,15,6365,1145,7510
2026-08-22,2026-09-06,DEL-BLR,SpiceJet,15,6951,1251,8202
2026-08-22,2026-09-06,DEL-BLR,SpiceJet,15,7310,1315,8625
2026-08-22,2026-09-06,DEL-BLR,SpiceJet,15,6265,1127,7392
2026-08-22,2026-09-06,DEL-BLR,SpiceJet,15,7663,1379,9042
2026-08-22,2026-08-29,DEL-BLR,SpiceJet,7,8733,1571,10304
2026-08-22,2026-08-29,DEL-BLR,SpiceJet,7,9463,1703,11166
2026-08-22,2026-08-29,DEL-BLR,SpiceJet,7,10243,1843,12086
2026-08-22,2026-08-29,DEL-BLR,SpiceJet,7,9805,1764,11569
2026-08-22,2026-08-29,DEL-BLR,SpiceJet,7,8443,1519,9962
2026-08-22,2026-08-23,DEL-BLR,SpiceJet,1,13354,2403,15757
2026-08-22,2026-08-23,DEL-BLR,SpiceJet,1,13658,2458,16116
2026-08-22,2026-08-23,DEL-BLR,SpiceJet,1,13541,2437,15978
2026-08-22,2026-08-23,DEL-BLR,SpiceJet,1,13927,2506,16433
2026-08-22,2026-08-23,DEL-BLR,SpiceJet,1,12054,2169,14223
2026-08-22,2026-10-06,BOM-BLR,IndiGo,45,3727,670,4397
2026-08-22,2026-10-06,BOM-BLR,IndiGo,45,3659,658,4317
2026-08-22,2026-10-06,BOM-BLR,IndiGo,45,3394,610,4004
2026-08-22,2026-10-06,BOM-BLR,IndiGo,45,4018,723,4741
2026-08-22,2026-10-06,BOM-BLR,IndiGo,45,3583,644,4227
2026-08-22,2026-09-21,BOM-BLR,IndiGo,30,3645,656,4301
2026-08-22,2026-09-21,BOM-BLR,IndiGo,30,3601,648,4249
2026-08-22,2026-09-21,BOM-BLR,IndiGo,30,4193,754,4947
2026-08-22,2026-09-21,BOM-BLR,IndiGo,30,4079,734,4813
2026-08-22,2026-09-21,BOM-BLR,IndiGo,30,4271,768,5039
2026-08-22,2026-09-06,BOM-BLR,IndiGo,15,4823,868,5691
2026-08-22,2026-09-06,BOM-BLR,IndiGo,15,4576,823,5399
2026-08-22,2026-09-06,BOM-BLR,IndiGo,15,4833,869,5702
2026-08-22,2026-09-06,BOM-BLR,IndiGo,15,4338,780,5118
2026-08-22,2026-09-06,BOM-BLR,IndiGo,15,4351,783,5134
2026-08-22,2026-08-29,BOM-BLR,IndiGo,7,5924,1066,6990
2026-08-22,2026-08-29,BOM-BLR,IndiGo,7,6495,1169,7664
2026-08-22,2026-08-29,BOM-BLR,IndiGo,7,6493,1168,7661
2026-08-22,2026-08-29,BOM-BLR,IndiGo,7,5870,1056,6926
2026-08-22,2026-08-29,BOM-BLR,IndiGo,7,6164,1109,7273
2026-08-22,2026-08-23,BOM-BLR,IndiGo,1,8563,1541,10104
2026-08-22,2026-08-23,BOM-BLR,IndiGo,1,10532,1895,12427
2026-08-22,2026-08-23,BOM-BLR,IndiGo,1,8478,1526,10004
2026-08-22,2026-08-23,BOM-BLR,IndiGo,1,10380,1868,12248
2026-08-22,2026-08-23,BOM-BLR,IndiGo,1,9360,1684,11044
2026-08-22,2026-10-06,BOM-BLR,Air India,45,4376,787,5163
2026-08-22,2026-10-06,BOM-BLR,Air India,45,3933,707,4640
2026-08-22,2026-10-06,BOM-BLR,Air India,45,3877,697,4574
2026-08-22,2026-10-06,BOM-BLR,Air India,45,3831,689,4520
2026-08-22,2026-10-06,BOM-BLR,Air India,45,4116,740,4856
2026-08-22,2026-09-21,BOM-BLR,Air India,30,4620,831,5451
2026-08-22,2026-09-21,BOM-BLR,Air India,30,4365,785,5150
2026-08-22,2026-09-21,BOM-BLR,Air India,30,4196,755,4951
2026-08-22,2026-09-21,BOM-BLR,Air India,30,4368,786,5154
2026-08-22,2026-09-21,BOM-BLR,Air India,30,4812,866,5678
2026-08-22,2026-09-06,BOM-BLR,Air India,15,5308,955,6263
2026-08-22,2026-09-06,BOM-BLR,Air India,15,5560,1000,6560
2026-08-22,2026-09-06,BOM-BLR,Air India,15,5662,1019,6681
2026-08-22,2026-09-06,BOM-BLR,Air India,15,5294,952,6246
2026-08-22,2026-09-06,BOM-BLR,Air India,15,6011,1081,7092
2026-08-22,2026-08-29,BOM-BLR,Air India,7,7305,1314,8619
2026-08-22,2026-08-29,BOM-BLR,Air India,7,7613,1370,8983
2026-08-22,2026-08-29,BOM-BLR,Air India,7,7336,1320,8656
2026-08-22,2026-08-29,BOM-BLR,Air India,7,7893,1420,9313
2026-08-22,2026-08-29,BOM-BLR,Air India,7,7179,1292,8471
2026-08-22,2026-08-23,BOM-BLR,Air India,1,12172,2190,14362
2026-08-22,2026-08-23,BOM-BLR,Air India,1,10234,1842,12076
2026-08-22,2026-08-23,BOM-BLR,Air India,1,11746,2114,13860
2026-08-22,2026-08-23,BOM-BLR,Air India,1,10846,1952,12798
2026-08-22,2026-08-23,BOM-BLR,Air India,1,11222,2019,13241
2026-08-22,2026-10-06,BOM-BLR,Akasa,45,3467,624,4091
2026-08-22,2026-10-06,BOM-BLR,Akasa,45,3241,583,3824
2026-08-22,2026-10-06,BOM-BLR,Akasa,45,2996,539,3535
2026-08-22,2026-10-06,BOM-BLR,Akasa,45,3391,610,4001
2026-08-22,2026-10-06,BOM-BLR,Akasa,45,3776,679,4455
2026-08-22,2026-09-21,BOM-BLR,Akasa,30,3925,706,4631
2026-08-22,2026-09-21,BOM-BLR,Akasa,30,3500,630,4130
2026-08-22,2026-09-21,BOM-BLR,Akasa,30,3511,631,4142
2026-08-22,2026-09-21,BOM-BLR,Akasa,30,3570,642,4212
2026-08-22,2026-09-21,BOM-BLR,Akasa,30,4147,746,4893
2026-08-22,2026-09-06,BOM-BLR,Akasa,15,4359,784,5143
2026-08-22,2026-09-06,BOM-BLR,Akasa,15,5027,904,5931
2026-08-22,2026-09-06,BOM-BLR,Akasa,15,5152,927,6079
2026-08-22,2026-09-06,BOM-BLR,Akasa,15,4430,797,5227
2026-08-22,2026-09-06,BOM-BLR,Akasa,15,4115,740,4855
2026-08-22,2026-08-29,BOM-BLR,Akasa,7,6301,1134,7435
2026-08-22,2026-08-29,BOM-BLR,Akasa,7,6695,1205,7900
2026-08-22,2026-08-29,BOM-BLR,Akasa,7,6370,1146,7516
2026-08-22,2026-08-29,BOM-BLR,Akasa,7,6035,1086,7121
2026-08-22,2026-08-29,BOM-BLR,Akasa,7,6823,1228,8051
2026-08-22,2026-08-23,BOM-BLR,Akasa,1,8832,1589,10421
2026-08-22,2026-08-23,BOM-BLR,Akasa,1,8704,1566,10270
2026-08-22,2026-08-23,BOM-BLR,Akasa,1,8061,1450,9511
2026-08-22,2026-08-23,BOM-BLR,Akasa,1,8850,1593,10443
2026-08-22,2026-08-23,BOM-BLR,Akasa,1,9038,1626,10664
2026-08-22,2026-10-06,BOM-BLR,SpiceJet,45,3157,568,3725
2026-08-22,2026-10-06,BOM-BLR,SpiceJet,45,2921,525,3446
2026-08-22,2026-10-06,BOM-BLR,SpiceJet,45,2870,516,3386
2026-08-22,2026-10-06,BOM-BLR,SpiceJet,45,3411,613,4024
2026-08-22,2026-10-06,BOM-BLR,SpiceJet,45,3183,572,3755
2026-08-22,2026-09-21,BOM-BLR,SpiceJet,30,3398,611,4009
2026-08-22,2026-09-21,BOM-BLR,SpiceJet,30,3927,706,4633
2026-08-22,2026-09-21,BOM-BLR,SpiceJet,30,3441,619,4060
2026-08-22,2026-09-21,BOM-BLR,SpiceJet,30,3913,704,4617
2026-08-22,2026-09-21,BOM-BLR,SpiceJet,30,3225,580,3805
2026-08-22,2026-09-06,BOM-BLR,SpiceJet,15,3928,707,4635
2026-08-22,2026-09-06,BOM-BLR,SpiceJet,15,3971,714,4685
2026-08-22,2026-09-06,BOM-BLR,SpiceJet,15,4770,858,5628
2026-08-22,2026-09-06,BOM-BLR,SpiceJet,15,4622,831,5453
2026-08-22,2026-09-06,BOM-BLR,SpiceJet,15,4208,757,4965
2026-08-22,2026-08-29,BOM-BLR,SpiceJet,7,5204,936,6140
2026-08-22,2026-08-29,BOM-BLR,SpiceJet,7,6178,1112,7290
2026-08-22,2026-08-29,BOM-BLR,SpiceJet,7,5878,1058,6936
2026-08-22,2026-08-29,BOM-BLR,SpiceJet,7,6448,1160,7608
2026-08-22,2026-08-29,BOM-BLR,SpiceJet,7,5521,993,6514
2026-08-22,2026-08-23,BOM-BLR,SpiceJet,1,8116,1460,9576
2026-08-22,2026-08-23,BOM-BLR,SpiceJet,1,9091,1636,10727
2026-08-22,2026-08-23,BOM-BLR,SpiceJet,1,7747,1394,9141
2026-08-22,2026-08-23,BOM-BLR,SpiceJet,1,8624,1552,10176
2026-08-22,2026-08-23,BOM-BLR,SpiceJet,1,7933,1427,9360
2026-08-22,2026-10-06,DEL-CCU,IndiGo,45,5470,984,6454
2026-08-22,2026-10-06,DEL-CCU,IndiGo,45,5065,911,5976
2026-08-22,2026-10-06,DEL-CCU,IndiGo,45,4978,896,5874
2026-08-22,2026-10-06,DEL-CCU,IndiGo,45,4797,863,5660
2026-08-22,2026-10-06,DEL-CCU,IndiGo,45,4799,863,5662
2026-08-22,2026-09-21,DEL-CCU,IndiGo,30,4971,894,5865
2026-08-22,2026-09-21,DEL-CCU,IndiGo,30,6067,1092,7159
2026-08-22,2026-09-21,DEL-CCU,IndiGo,30,5178,932,6110
2026-08-22,2026-09-21,DEL-CCU,IndiGo,30,4962,893,5855
2026-08-22,2026-09-21,DEL-CCU,IndiGo,30,4910,883,5793
2026-08-22,2026-09-06,DEL-CCU,IndiGo,15,6160,1108,7268
2026-08-22,2026-09-06,DEL-CCU,IndiGo,15,5931,1067,6998
2026-08-22,2026-09-06,DEL-CCU,IndiGo,15,6047,1088,7135
2026-08-22,2026-09-06,DEL-CCU,IndiGo,15,7405,1332,8737
2026-08-22,2026-09-06,DEL-CCU,IndiGo,15,7286,1311,8597
2026-08-22,2026-08-29,DEL-CCU,IndiGo,7,9928,1787,11715
2026-08-22,2026-08-29,DEL-CCU,IndiGo,7,8787,1581,10368
2026-08-22,2026-08-29,DEL-CCU,IndiGo,7,8259,1486,9745
2026-08-22,2026-08-29,DEL-CCU,IndiGo,7,9595,1727,11322
2026-08-22,2026-08-29,DEL-CCU,IndiGo,7,8413,1514,9927
2026-08-22,2026-08-23,DEL-CCU,IndiGo,1,12395,2231,14626
2026-08-22,2026-08-23,DEL-CCU,IndiGo,1,11787,2121,13908
2026-08-22,2026-08-23,DEL-CCU,IndiGo,1,12191,2194,14385
2026-08-22,2026-08-23,DEL-CCU,IndiGo,1,12159,2188,14347
2026-08-22,2026-08-23,DEL-CCU,IndiGo,1,13827,2488,16315
2026-08-22,2026-10-06,DEL-CCU,Air India,45,5142,925,6067
2026-08-22,2026-10-06,DEL-CCU,Air India,45,5340,961,6301
2026-08-22,2026-10-06,DEL-CCU,Air India,45,5716,1028,6744
2026-08-22,2026-10-06,DEL-CCU,Air India,45,6323,1138,7461
2026-08-22,2026-10-06,DEL-CCU,Air India,45,5427,976,6403
2026-08-22,2026-09-21,DEL-CCU,Air India,30,6431,1157,7588
2026-08-22,2026-09-21,DEL-CCU,Air India,30,6539,1177,7716
2026-08-22,2026-09-21,DEL-CCU,Air India,30,6180,1112,7292
2026-08-22,2026-09-21,DEL-CCU,Air India,30,6181,1112,7293
2026-08-22,2026-09-21,DEL-CCU,Air India,30,5820,1047,6867
2026-08-22,2026-09-06,DEL-CCU,Air India,15,6974,1255,8229
2026-08-22,2026-09-06,DEL-CCU,Air India,15,7920,1425,9345
2026-08-22,2026-09-06,DEL-CCU,Air India,15,8112,1460,9572
2026-08-22,2026-09-06,DEL-CCU,Air India,15,8284,1491,9775
2026-08-22,2026-09-06,DEL-CCU,Air India,15,7921,1425,9346
2026-08-22,2026-08-29,DEL-CCU,Air India,7,9844,1771,11615
2026-08-22,2026-08-29,DEL-CCU,Air India,7,9166,1649,10815
2026-08-22,2026-08-29,DEL-CCU,Air India,7,10378,1868,12246
2026-08-22,2026-08-29,DEL-CCU,Air India,7,10680,1922,12602
2026-08-22,2026-08-29,DEL-CCU,Air India,7,11185,2013,13198
2026-08-22,2026-08-23,DEL-CCU,Air India,1,15510,2791,18301
2026-08-22,2026-08-23,DEL-CCU,Air India,1,16326,2938,19264
2026-08-22,2026-08-23,DEL-CCU,Air India,1,15627,2812,18439
2026-08-22,2026-08-23,DEL-CCU,Air India,1,13951,2511,16462
2026-08-22,2026-08-23,DEL-CCU,Air India,1,15334,2760,18094
2026-08-22,2026-10-06,DEL-CCU,Akasa,45,5208,937,6145
2026-08-22,2026-10-06,DEL-CCU,Akasa,45,4979,896,5875
2026-08-22,2026-10-06,DEL-CCU,Akasa,45,4537,816,5353
2026-08-22,2026-10-06,DEL-CCU,Akasa,45,4267,768,5035
2026-08-22,2026-10-06,DEL-CCU,Akasa,45,4539,817,5356
2026-08-22,2026-09-21,DEL-CCU,Akasa,30,5081,914,5995
2026-08-22,2026-09-21,DEL-CCU,Akasa,30,5496,989,6485
2026-08-22,2026-09-21,DEL-CCU,Akasa,30,4643,835,5478
2026-08-22,2026-09-21,DEL-CCU,Akasa,30,4538,816,5354
2026-08-22,2026-09-21,DEL-CCU,Akasa,30,5429,977,6406
2026-08-22,2026-09-06,DEL-CCU,Akasa,15,5635,1014,6649
2026-08-22,2026-09-06,DEL-CCU,Akasa,15,6858,1234,8092
2026-08-22,2026-09-06,DEL-CCU,Akasa,15,6404,1152,7556
2026-08-22,2026-09-06,DEL-CCU,Akasa,15,6597,1187,7784
2026-08-22,2026-09-06,DEL-CCU,Akasa,15,6102,1098,7200
2026-08-22,2026-08-29,DEL-CCU,Akasa,7,8727,1570,10297
2026-08-22,2026-08-29,DEL-CCU,Akasa,7,8572,1542,10114
2026-08-22,2026-08-29,DEL-CCU,Akasa,7,8624,1552,10176
2026-08-22,2026-08-29,DEL-CCU,Akasa,7,8501,1530,10031
2026-08-22,2026-08-29,DEL-CCU,Akasa,7,7919,1425,9344
2026-08-22,2026-08-23,DEL-CCU,Akasa,1,11819,2127,13946
2026-08-22,2026-08-23,DEL-CCU,Akasa,1,11410,2053,13463
2026-08-22,2026-08-23,DEL-CCU,Akasa,1,12061,2170,14231
2026-08-22,2026-08-23,DEL-CCU,Akasa,1,11400,2052,13452
2026-08-22,2026-08-23,DEL-CCU,Akasa,1,12369,2226,14595
2026-08-22,2026-10-06,DEL-CCU,SpiceJet,45,4757,856,5613
2026-08-22,2026-10-06,DEL-CCU,SpiceJet,45,4491,808,5299
2026-08-22,2026-10-06,DEL-CCU,SpiceJet,45,4417,795,5212
2026-08-22,2026-10-06,DEL-CCU,SpiceJet,45,4178,752,4930
2026-08-22,2026-10-06,DEL-CCU,SpiceJet,45,4333,779,5112
2026-08-22,2026-09-21,DEL-CCU,SpiceJet,30,4511,811,5322
2026-08-22,2026-09-21,DEL-CCU,SpiceJet,30,5198,935,6133
2026-08-22,2026-09-21,DEL-CCU,SpiceJet,30,4335,780,5115
2026-08-22,2026-09-21,DEL-CCU,SpiceJet,30,5426,976,6402
2026-08-22,2026-09-21,DEL-CCU,SpiceJet,30,5442,979,6421
2026-08-22,2026-09-06,DEL-CCU,SpiceJet,15,5916,1064,6980
2026-08-22,2026-09-06,DEL-CCU,SpiceJet,15,6273,1129,7402
2026-08-22,2026-09-06,DEL-CCU,SpiceJet,15,5943,1069,7012
2026-08-22,2026-09-06,DEL-CCU,SpiceJet,15,5889,1060,6949
2026-08-22,2026-09-06,DEL-CCU,SpiceJet,15,5806,1045,6851
2026-08-22,2026-08-29,DEL-CCU,SpiceJet,7,7128,1283,8411
2026-08-22,2026-08-29,DEL-CCU,SpiceJet,7,7011,1261,8272
2026-08-22,2026-08-29,DEL-CCU,SpiceJet,7,8907,1603,10510
2026-08-22,2026-08-29,DEL-CCU,SpiceJet,7,7430,1337,8767
2026-08-22,2026-08-29,DEL-CCU,SpiceJet,7,7524,1354,8878
2026-08-22,2026-08-23,DEL-CCU,SpiceJet,1,10895,1961,12856
2026-08-22,2026-08-23,DEL-CCU,SpiceJet,1,12940,2329,15269
2026-08-22,2026-08-23,DEL-CCU,SpiceJet,1,11127,2002,13129
2026-08-22,2026-08-23,DEL-CCU,SpiceJet,1,12560,2260,14820
2026-08-22,2026-08-23,DEL-CCU,SpiceJet,1,10890,1960,12850
2026-08-22,2026-10-06,BLR-HYD,IndiGo,45,2557,460,3017
2026-08-22,2026-10-06,BLR-HYD,IndiGo,45,3133,563,3696
2026-08-22,2026-10-06,BLR-HYD,IndiGo,45,3070,552,3622
2026-08-22,2026-10-06,BLR-HYD,IndiGo,45,2991,538,3529
2026-08-22,2026-10-06,BLR-HYD,IndiGo,45,2792,502,3294
2026-08-22,2026-09-21,BLR-HYD,IndiGo,30,3351,603,3954
2026-08-22,2026-09-21,BLR-HYD,IndiGo,30,2993,538,3531
2026-08-22,2026-09-21,BLR-HYD,IndiGo,30,3176,571,3747
2026-08-22,2026-09-21,BLR-HYD,IndiGo,30,3138,564,3702
2026-08-22,2026-09-21,BLR-HYD,IndiGo,30,3079,554,3633
2026-08-22,2026-09-06,BLR-HYD,IndiGo,15,4155,747,4902
2026-08-22,2026-09-06,BLR-HYD,IndiGo,15,4116,740,4856
2026-08-22,2026-09-06,BLR-HYD,IndiGo,15,4063,731,4794
2026-08-22,2026-09-06,BLR-HYD,IndiGo,15,3654,657,4311
2026-08-22,2026-09-06,BLR-HYD,IndiGo,15,3606,649,4255
2026-08-22,2026-08-29,BLR-HYD,IndiGo,7,4967,894,5861
2026-08-22,2026-08-29,BLR-HYD,IndiGo,7,5773,1039,6812
2026-08-22,2026-08-29,BLR-HYD,IndiGo,7,5759,1036,6795
2026-08-22,2026-08-29,BLR-HYD,IndiGo,7,5528,995,6523
2026-08-22,2026-08-29,BLR-HYD,IndiGo,7,5769,1038,6807
2026-08-22,2026-08-23,BLR-HYD,IndiGo,1,8404,1512,9916
2026-08-22,2026-08-23,BLR-HYD,IndiGo,1,7045,1268,8313
2026-08-22,2026-08-23,BLR-HYD,IndiGo,1,7627,1372,8999
2026-08-22,2026-08-23,BLR-HYD,IndiGo,1,6822,1227,8049
2026-08-22,2026-08-23,BLR-HYD,IndiGo,1,7415,1334,8749
2026-08-22,2026-10-06,BLR-HYD,Air India,45,3283,590,3873
2026-08-22,2026-10-06,BLR-HYD,Air India,45,3255,585,3840
2026-08-22,2026-10-06,BLR-HYD,Air India,45,3430,617,4047
2026-08-22,2026-10-06,BLR-HYD,Air India,45,3030,545,3575
2026-08-22,2026-10-06,BLR-HYD,Air India,45,3356,604,3960
2026-08-22,2026-09-21,BLR-HYD,Air India,30,3729,671,4400
2026-08-22,2026-09-21,BLR-HYD,Air India,30,4002,720,4722
2026-08-22,2026-09-21,BLR-HYD,Air India,30,3255,585,3840
2026-08-22,2026-09-21,BLR-HYD,Air India,30,3889,700,4589
2026-08-22,2026-09-21,BLR-HYD,Air India,30,3542,637,4179
2026-08-22,2026-09-06,BLR-HYD,Air India,15,4992,898,5890
2026-08-22,2026-09-06,BLR-HYD,Air India,15,3970,714,4684
2026-08-22,2026-09-06,BLR-HYD,Air India,15,4048,728,4776
2026-08-22,2026-09-06,BLR-HYD,Air India,15,4077,733,4810
2026-08-22,2026-09-06,BLR-HYD,Air India,15,4638,834,5472
2026-08-22,2026-08-29,BLR-HYD,Air India,7,5975,1075,7050
2026-08-22,2026-08-29,BLR-HYD,Air India,7,6628,1193,7821
2026-08-22,2026-08-29,BLR-HYD,Air India,7,5572,1002,6574
2026-08-22,2026-08-29,BLR-HYD,Air India,7,6233,1121,7354
2026-08-22,2026-08-29,BLR-HYD,Air India,7,6106,1099,7205
2026-08-22,2026-08-23,BLR-HYD,Air India,1,8940,1609,10549
2026-08-22,2026-08-23,BLR-HYD,Air India,1,9049,1628,10677
2026-08-22,2026-08-23,BLR-HYD,Air India,1,9640,1735,11375
2026-08-22,2026-08-23,BLR-HYD,Air India,1,9028,1625,10653
2026-08-22,2026-08-23,BLR-HYD,Air India,1,7698,1385,9083
2026-08-22,2026-10-06,BLR-HYD,Akasa,45,2484,447,2931
2026-08-22,2026-10-06,BLR-HYD,Akasa,45,2739,493,3232
2026-08-22,2026-10-06,BLR-HYD,Akasa,45,2955,531,3486
2026-08-22,2026-10-06,BLR-HYD,Akasa,45,2932,527,3459
2026-08-22,2026-10-06,BLR-HYD,Akasa,45,2398,431,2829
2026-08-22,2026-09-21,BLR-HYD,Akasa,30,3109,559,3668
2026-08-22,2026-09-21,BLR-HYD,Akasa,30,2998,539,3537
2026-08-22,2026-09-21,BLR-HYD,Akasa,30,3248,584,3832
2026-08-22,2026-09-21,BLR-HYD,Akasa,30,2997,539,3536
2026-08-22,2026-09-21,BLR-HYD,Akasa,30,2993,538,3531
2026-08-22,2026-09-06,BLR-HYD,Akasa,15,3848,692,4540
2026-08-22,2026-09-06,BLR-HYD,Akasa,15,3945,710,4655
2026-08-22,2026-09-06,BLR-HYD,Akasa,15,3377,607,3984
2026-08-22,2026-09-06,BLR-HYD,Akasa,15,4120,741,4861
2026-08-22,2026-09-06,BLR-HYD,Akasa,15,3589,646,4235
2026-08-22,2026-08-29,BLR-HYD,Akasa,7,5071,912,5983
2026-08-22,2026-08-29,BLR-HYD,Akasa,7,4685,843,5528
2026-08-22,2026-08-29,BLR-HYD,Akasa,7,4906,883,5789
2026-08-22,2026-08-29,BLR-HYD,Akasa,7,4931,887,5818
2026-08-22,2026-08-29,BLR-HYD,Akasa,7,5334,960,6294
2026-08-22,2026-08-23,BLR-HYD,Akasa,1,7741,1393,9134
2026-08-22,2026-08-23,BLR-HYD,Akasa,1,7310,1315,8625
2026-08-22,2026-08-23,BLR-HYD,Akasa,1,7502,1350,8852
2026-08-22,2026-08-23,BLR-HYD,Akasa,1,7846,1412,9258
2026-08-22,2026-08-23,BLR-HYD,Akasa,1,8045,1448,9493
2026-08-22,2026-10-06,BLR-HYD,SpiceJet,45,2745,494,3239
2026-08-22,2026-10-06,BLR-HYD,SpiceJet,45,2777,499,3276
2026-08-22,2026-10-06,BLR-HYD,SpiceJet,45,2302,414,2716
2026-08-22,2026-10-06,BLR-HYD,SpiceJet,45,2292,412,2704
2026-08-22,2026-10-06,BLR-HYD,SpiceJet,45,2323,418,2741
2026-08-22,2026-09-21,BLR-HYD,SpiceJet,30,2874,517,3391
2026-08-22,2026-09-21,BLR-HYD,SpiceJet,30,3016,542,3558
2026-08-22,2026-09-21,BLR-HYD,SpiceJet,30,2500,450,2950
2026-08-22,2026-09-21,BLR-HYD,SpiceJet,30,2996,539,3535
2026-08-22,2026-09-21,BLR-HYD,SpiceJet,30,2834,510,3344
2026-08-22,2026-09-06,BLR-HYD,SpiceJet,15,3397,611,4008
2026-08-22,2026-09-06,BLR-HYD,SpiceJet,15,3599,647,4246
2026-08-22,2026-09-06,BLR-HYD,SpiceJet,15,3442,619,4061
2026-08-22,2026-09-06,BLR-HYD,SpiceJet,15,3715,668,4383
2026-08-22,2026-09-06,BLR-HYD,SpiceJet,15,3795,683,4478
2026-08-22,2026-08-29,BLR-HYD,SpiceJet,7,4650,837,5487
2026-08-22,2026-08-29,BLR-HYD,SpiceJet,7,4589,826,5415
2026-08-22,2026-08-29,BLR-HYD,SpiceJet,7,4931,887,5818
2026-08-22,2026-08-29,BLR-HYD,SpiceJet,7,4805,864,5669
2026-08-22,2026-08-29,BLR-HYD,SpiceJet,7,4511,811,5322
2026-08-22,2026-08-23,BLR-HYD,SpiceJet,1,7021,1263,8284
2026-08-22,2026-08-23,BLR-HYD,SpiceJet,1,6643,1195,7838
2026-08-22,2026-08-23,BLR-HYD,SpiceJet,1,6743,1213,7956
2026-08-22,2026-08-23,BLR-HYD,SpiceJet,1,6329,1139,7468
2026-08-22,2026-08-23,BLR-HYD,SpiceJet,1,6833,1229,8062
2026-08-23,2026-10-07,DEL-BOM,IndiGo,45,3993,718,4711
2026-08-23,2026-10-07,DEL-BOM,IndiGo,45,4364,785,5149
2026-08-23,2026-10-07,DEL-BOM,IndiGo,45,3868,696,4564
2026-08-23,2026-10-07,DEL-BOM,IndiGo,45,4089,736,4825
2026-08-23,2026-10-07,DEL-BOM,IndiGo,45,4480,806,5286
2026-08-23,2026-09-22,DEL-BOM,IndiGo,30,4904,882,5786
2026-08-23,2026-09-22,DEL-BOM,IndiGo,30,5137,924,6061
2026-08-23,2026-09-22,DEL-BOM,IndiGo,30,4489,808,5297
2026-08-23,2026-09-22,DEL-BOM,IndiGo,30,4660,838,5498
2026-08-23,2026-09-22,DEL-BOM,IndiGo,30,4298,773,5071
2026-08-23,2026-09-07,DEL-BOM,IndiGo,15,6029,1085,7114
2026-08-23,2026-09-07,DEL-BOM,IndiGo,15,5405,972,6377
2026-08-23,2026-09-07,DEL-BOM,IndiGo,15,5305,954,6259
2026-08-23,2026-09-07,DEL-BOM,IndiGo,15,5847,1052,6899
2026-08-23,2026-09-07,DEL-BOM,IndiGo,15,6508,1171,7679
2026-08-23,2026-08-30,DEL-BOM,IndiGo,7,7402,1332,8734
2026-08-23,2026-08-30,DEL-BOM,IndiGo,7,7039,1267,8306
2026-08-23,2026-08-30,DEL-BOM,IndiGo,7,7219,1299,8518
2026-08-23,2026-08-30,DEL-BOM,IndiGo,7,7111,1279,8390
2026-08-23,2026-08-30,DEL-BOM,IndiGo,7,8439,1519,9958
2026-08-23,2026-08-24,DEL-BOM,IndiGo,1,11953,2151,14104
2026-08-23,2026-08-24,DEL-BOM,IndiGo,1,12271,2208,14479
2026-08-23,2026-08-24,DEL-BOM,IndiGo,1,10277,1849,12126
2026-08-23,2026-08-24,DEL-BOM,IndiGo,1,10884,1959,12843
2026-08-23,2026-08-24,DEL-BOM,IndiGo,1,12447,2240,14687
2026-08-23,2026-10-07,DEL-BOM,Air India,45,5011,901,5912
2026-08-23,2026-10-07,DEL-BOM,Air India,45,5137,924,6061
2026-08-23,2026-10-07,DEL-BOM,Air India,45,5378,968,6346
2026-08-23,2026-10-07,DEL-BOM,Air India,45,4862,875,5737
2026-08-23,2026-10-07,DEL-BOM,Air India,45,5125,922,6047
2026-08-23,2026-09-22,DEL-BOM,Air India,30,5644,1015,6659
2026-08-23,2026-09-22,DEL-BOM,Air India,30,5430,977,6407
2026-08-23,2026-09-22,DEL-BOM,Air India,30,5986,1077,7063
2026-08-23,2026-09-22,DEL-BOM,Air India,30,5613,1010,6623
2026-08-23,2026-09-22,DEL-BOM,Air India,30,5811,1045,6856
2026-08-23,2026-09-07,DEL-BOM,Air India,15,6667,1200,7867
2026-08-23,2026-09-07,DEL-BOM,Air India,15,7446,1340,8786
2026-08-23,2026-09-07,DEL-BOM,Air India,15,7072,1272,8344
2026-08-23,2026-09-07,DEL-BOM,Air India,15,6400,1152,7552
2026-08-23,2026-09-07,DEL-BOM,Air India,15,7163,1289,8452
2026-08-23,2026-08-30,DEL-BOM,Air India,7,9538,1716,11254
2026-08-23,2026-08-30,DEL-BOM,Air India,7,9237,1662,10899
2026-08-23,2026-08-30,DEL-BOM,Air India,7,8893,1600,10493
2026-08-23,2026-08-30,DEL-BOM,Air India,7,8701,1566,10267
2026-08-23,2026-08-30,DEL-BOM,Air India,7,8671,1560,10231
2026-08-23,2026-08-24,DEL-BOM,Air India,1,13148,2366,15514
2026-08-23,2026-08-24,DEL-BOM,Air India,1,14656,2638,17294
2026-08-23,2026-08-24,DEL-BOM,Air India,1,12913,2324,15237
2026-08-23,2026-08-24,DEL-BOM,Air India,1,13651,2457,16108
2026-08-23,2026-08-24,DEL-BOM,Air India,1,12496,2249,14745
2026-08-23,2026-10-07,DEL-BOM,Akasa,45,4368,786,5154
2026-08-23,2026-10-07,DEL-BOM,Akasa,45,3927,706,4633
2026-08-23,2026-10-07,DEL-BOM,Akasa,45,3916,704,4620
2026-08-23,2026-10-07,DEL-BOM,Akasa,45,4042,727,4769
2026-08-23,2026-10-07,DEL-BOM,Akasa,45,3623,652,4275
2026-08-23,2026-09-22,DEL-BOM,Akasa,30,3984,717,4701
2026-08-23,2026-09-22,DEL-BOM,Akasa,30,4030,725,4755
2026-08-23,2026-09-22,DEL-BOM,Akasa,30,4927,886,5813
2026-08-23,2026-09-22,DEL-BOM,Akasa,30,4137,744,4881
2026-08-23,2026-09-22,DEL-BOM,Akasa,30,4242,763,5005
2026-08-23,2026-09-07,DEL-BOM,Akasa,15,5079,914,5993
2026-08-23,2026-09-07,DEL-BOM,Akasa,15,5754,1035,6789
2026-08-23,2026-09-07,DEL-BOM,Akasa,15,6149,1106,7255
2026-08-23,2026-09-07,DEL-BOM,Akasa,15,5670,1020,6690
2026-08-23,2026-09-07,DEL-BOM,Akasa,15,6034,1086,7120
2026-08-23,2026-08-30,DEL-BOM,Akasa,7,8186,1473,9659
2026-08-23,2026-08-30,DEL-BOM,Akasa,7,7877,1417,9294
2026-08-23,2026-08-30,DEL-BOM,Akasa,7,7903,1422,9325
2026-08-23,2026-08-30,DEL-BOM,Akasa,7,6647,1196,7843
2026-08-23,2026-08-30,DEL-BOM,Akasa,7,7047,1268,8315
2026-08-23,2026-08-24,DEL-BOM,Akasa,1,10540,1897,12437
2026-08-23,2026-08-24,DEL-BOM,Akasa,1,9854,1773,11627
2026-08-23,2026-08-24,DEL-BOM,Akasa,1,11385,2049,13434
2026-08-23,2026-08-24,DEL-BOM,Akasa,1,10291,1852,12143
2026-08-23,2026-08-24,DEL-BOM,Akasa,1,10252,1845,12097
2026-08-23,2026-10-07,DEL-BOM,SpiceJet,45,3532,635,4167
2026-08-23,2026-10-07,DEL-BOM,SpiceJet,45,3604,648,4252
2026-08-23,2026-10-07,DEL-BOM,SpiceJet,45,3772,678,4450
2026-08-23,2026-10-07,DEL-BOM,SpiceJet,45,3794,682,4476
2026-08-23,2026-10-07,DEL-BOM,SpiceJet,45,3517,633,4150
2026-08-23,2026-09-22,DEL-BOM,SpiceJet,30,3825,688,4513
2026-08-23,2026-09-22,DEL-BOM,SpiceJet,30,4489,808,5297
2026-08-23,2026-09-22,DEL-BOM,SpiceJet,30,4083,734,4817
2026-08-23,2026-09-22,DEL-BOM,SpiceJet,30,4136,744,4880
2026-08-23,2026-09-22,DEL-BOM,SpiceJet,30,4615,830,5445
2026-08-23,2026-09-07,DEL-BOM,SpiceJet,15,5665,1019,6684
2026-08-23,2026-09-07,DEL-BOM,SpiceJet,15,5765,1037,6802
2026-08-23,2026-09-07,DEL-BOM,SpiceJet,15,5088,915,6003
2026-08-23,2026-09-07,DEL-BOM,SpiceJet,15,4917,885,5802
2026-08-23,2026-09-07,DEL-BOM,SpiceJet,15,5327,958,6285
2026-08-23,2026-08-30,DEL-BOM,SpiceJet,7,7348,1322,8670
2026-08-23,2026-08-30,DEL-BOM,SpiceJet,7,7431,1337,8768
2026-08-23,2026-08-30,DEL-BOM,SpiceJet,7,6199,1115,7314
2026-08-23,2026-08-30,DEL-BOM,SpiceJet,7,7344,1321,8665
2026-08-23,2026-08-30,DEL-BOM,SpiceJet,7,7358,1324,8682
2026-08-23,2026-08-24,DEL-BOM,SpiceJet,1,9403,1692,11095
2026-08-23,2026-08-24,DEL-BOM,SpiceJet,1,10725,1930,12655
2026-08-23,2026-08-24,DEL-BOM,SpiceJet,1,10381,1868,12249
2026-08-23,2026-08-24,DEL-BOM,SpiceJet,1,9615,1730,11345
2026-08-23,2026-08-24,DEL-BOM,SpiceJet,1,10065,1811,11876
2026-08-23,2026-10-07,DEL-BLR,IndiGo,45,6024,1084,7108
2026-08-23,2026-10-07,DEL-BLR,IndiGo,45,5533,995,6528
2026-08-23,2026-10-07,DEL-BLR,IndiGo,45,5653,1017,6670
2026-08-23,2026-10-07,DEL-BLR,IndiGo,45,5067,912,5979
2026-08-23,2026-10-07,DEL-BLR,IndiGo,45,5351,963,6314
2026-08-23,2026-09-22,DEL-BLR,IndiGo,30,6244,1123,7367
2026-08-23,2026-09-22,DEL-BLR,IndiGo,30,5824,1048,6872
2026-08-23,2026-09-22,DEL-BLR,IndiGo,30,6936,1248,8184
2026-08-23,2026-09-22,DEL-BLR,IndiGo,30,5676,1021,6697
2026-08-23,2026-09-22,DEL-BLR,IndiGo,30,5632,1013,6645
2026-08-23,2026-09-07,DEL-BLR,IndiGo,15,7596,1367,8963
2026-08-23,2026-09-07,DEL-BLR,IndiGo,15,7458,1342,8800
2026-08-23,2026-09-07,DEL-BLR,IndiGo,15,8274,1489,9763
2026-08-23,2026-09-07,DEL-BLR,IndiGo,15,7731,1391,9122
2026-08-23,2026-09-07,DEL-BLR,IndiGo,15,6731,1211,7942
2026-08-23,2026-08-30,DEL-BLR,IndiGo,7,9268,1668,10936
2026-08-23,2026-08-30,DEL-BLR,IndiGo,7,11200,2016,13216
2026-08-23,2026-08-30,DEL-BLR,IndiGo,7,9863,1775,11638
2026-08-23,2026-08-30,DEL-BLR,IndiGo,7,11342,2041,13383
2026-08-23,2026-08-30,DEL-BLR,IndiGo,7,9744,1753,11497
2026-08-23,2026-08-24,DEL-BLR,IndiGo,1,13507,2431,15938
2026-08-23,2026-08-24,DEL-BLR,IndiGo,1,15495,2789,18284
2026-08-23,2026-08-24,DEL-BLR,IndiGo,1,15699,2825,18524
2026-08-23,2026-08-24,DEL-BLR,IndiGo,1,14283,2570,16853
2026-08-23,2026-08-24,DEL-BLR,IndiGo,1,15001,2700,17701
2026-08-23,2026-10-07,DEL-BLR,Air India,45,6422,1155,7577
2026-08-23,2026-10-07,DEL-BLR,Air India,45,7012,1262,8274
2026-08-23,2026-10-07,DEL-BLR,Air India,45,7171,1290,8461
2026-08-23,2026-10-07,DEL-BLR,Air India,45,6203,1116,7319
2026-08-23,2026-10-07,DEL-BLR,Air India,45,6861,1234,8095
2026-08-23,2026-09-22,DEL-BLR,Air India,30,7613,1370,8983
2026-08-23,2026-09-22,DEL-BLR,Air India,30,7724,1390,9114
2026-08-23,2026-09-22,DEL-BLR,Air India,30,7514,1352,8866
2026-08-23,2026-09-22,DEL-BLR,Air India,30,6435,1158,7593
2026-08-23,2026-09-22,DEL-BLR,Air India,30,6536,1176,7712
2026-08-23,2026-09-07,DEL-BLR,Air India,15,8923,1606,10529
2026-08-23,2026-09-07,DEL-BLR,Air India,15,9441,1699,11140
2026-08-23,2026-09-07,DEL-BLR,Air India,15,9722,1749,11471
2026-08-23,2026-09-07,DEL-BLR,Air India,15,7700,1386,9086
2026-08-23,2026-09-07,DEL-BLR,Air India,15,9254,1665,10919
2026-08-23,2026-08-30,DEL-BLR,Air India,7,11605,2088,13693
2026-08-23,2026-08-30,DEL-BLR,Air India,7,11389,2050,13439
2026-08-23,2026-08-30,DEL-BLR,Air India,7,12893,2320,15213
2026-08-23,2026-08-30,DEL-BLR,Air India,7,10705,1926,12631
2026-08-23,2026-08-30,DEL-BLR,Air India,7,12556,2260,14816
2026-08-23,2026-08-24,DEL-BLR,Air India,1,16269,2928,19197
2026-08-23,2026-08-24,DEL-BLR,Air India,1,17818,3207,21025
2026-08-23,2026-08-24,DEL-BLR,Air India,1,15933,2867,18800
2026-08-23,2026-08-24,DEL-BLR,Air India,1,18325,3298,21623
2026-08-23,2026-08-24,DEL-BLR,Air India,1,19237,3462,22699
2026-08-23,2026-10-07,DEL-BLR,Akasa,45,6004,1080,7084
2026-08-23,2026-10-07,DEL-BLR,Akasa,45,5140,925,6065
2026-08-23,2026-10-07,DEL-BLR,Akasa,45,5923,1066,6989
2026-08-23,2026-10-07,DEL-BLR,Akasa,45,5418,975,6393
2026-08-23,2026-10-07,DEL-BLR,Akasa,45,4712,848,5560
2026-08-23,2026-09-22,DEL-BLR,Akasa,30,5192,934,6126
2026-08-23,2026-09-22,DEL-BLR,Akasa,30,5489,988,6477
2026-08-23,2026-09-22,DEL-BLR,Akasa,30,6049,1088,7137
2026-08-23,2026-09-22,DEL-BLR,Akasa,30,6433,1157,7590
2026-08-23,2026-09-22,DEL-BLR,Akasa,30,5944,1069,7013
2026-08-23,2026-09-07,DEL-BLR,Akasa,15,7852,1413,9265
2026-08-23,2026-09-07,DEL-BLR,Akasa,15,7172,1290,8462
2026-08-23,2026-09-07,DEL-BLR,Akasa,15,6731,1211,7942
2026-08-23,2026-09-07,DEL-BLR,Akasa,15,6584,1185,7769
2026-08-23,2026-09-07,DEL-BLR,Akasa,15,6660,1198,7858
2026-08-23,2026-08-30,DEL-BLR,Akasa,7,10580,1904,12484
2026-08-23,2026-08-30,DEL-BLR,Akasa,7,10631,1913,12544
2026-08-23,2026-08-30,DEL-BLR,Akasa,7,8757,1576,10333
2026-08-23,2026-08-30,DEL-BLR,Akasa,7,8975,1615,10590
2026-08-23,2026-08-30,DEL-BLR,Akasa,7,10446,1880,12326
2026-08-23,2026-08-24,DEL-BLR,Akasa,1,14955,2691,17646
2026-08-23,2026-08-24,DEL-BLR,Akasa,1,15839,2851,18690
2026-08-23,2026-08-24,DEL-BLR,Akasa,1,15379,2768,18147
2026-08-23,2026-08-24,DEL-BLR,Akasa,1,14683,2642,17325
2026-08-23,2026-08-24,DEL-BLR,Akasa,1,14413,2594,17007
2026-08-23,2026-10-07,DEL-BLR,SpiceJet,45,4594,826,5420
2026-08-23,2026-10-07,DEL-BLR,SpiceJet,45,4757,856,5613
2026-08-23,2026-10-07,DEL-BLR,SpiceJet,45,4964,893,5857
2026-08-23,2026-10-07,DEL-BLR,SpiceJet,45,5136,924,6060
2026-08-23,2026-10-07,DEL-BLR,SpiceJet,45,5598,1007,6605
2026-08-23,2026-09-22,DEL-BLR,SpiceJet,30,5509,991,6500
2026-08-23,2026-09-22,DEL-BLR,SpiceJet,30,5302,954,6256
2026-08-23,2026-09-22,DEL-BLR,SpiceJet,30,5568,1002,6570
2026-08-23,2026-09-22,DEL-BLR,SpiceJet,30,5974,1075,7049
2026-08-23,2026-09-22,DEL-BLR,SpiceJet,30,5920,1065,6985
2026-08-23,2026-09-07,DEL-BLR,SpiceJet,15,6181,1112,7293
2026-08-23,2026-09-07,DEL-BLR,SpiceJet,15,6362,1145,7507
2026-08-23,2026-09-07,DEL-BLR,SpiceJet,15,6675,1201,7876
2026-08-23,2026-09-07,DEL-BLR,SpiceJet,15,7555,1359,8914
2026-08-23,2026-09-07,DEL-BLR,SpiceJet,15,6070,1092,7162
2026-08-23,2026-08-30,DEL-BLR,SpiceJet,7,9509,1711,11220
2026-08-23,2026-08-30,DEL-BLR,SpiceJet,7,8304,1494,9798
2026-08-23,2026-08-30,DEL-BLR,SpiceJet,7,9452,1701,11153
2026-08-23,2026-08-30,DEL-BLR,SpiceJet,7,8310,1495,9805
2026-08-23,2026-08-30,DEL-BLR,SpiceJet,7,8562,1541,10103
2026-08-23,2026-08-24,DEL-BLR,SpiceJet,1,12332,2219,14551
2026-08-23,2026-08-24,DEL-BLR,SpiceJet,1,12707,2287,14994
2026-08-23,2026-08-24,DEL-BLR,SpiceJet,1,12349,2222,14571
2026-08-23,2026-08-24,DEL-BLR,SpiceJet,1,12104,2178,14282
2026-08-23,2026-08-24,DEL-BLR,SpiceJet,1,14839,2671,17510
2026-08-23,2026-10-07,BOM-BLR,IndiGo,45,3932,707,4639
2026-08-23,2026-10-07,BOM-BLR,IndiGo,45,3999,719,4718
2026-08-23,2026-10-07,BOM-BLR,IndiGo,45,3875,697,4572
2026-08-23,2026-10-07,BOM-BLR,IndiGo,45,3625,652,4277
2026-08-23,2026-10-07,BOM-BLR,IndiGo,45,3796,683,4479
2026-08-23,2026-09-22,BOM-BLR,IndiGo,30,3854,693,4547
2026-08-23,2026-09-22,BOM-BLR,IndiGo,30,3796,683,4479
2026-08-23,2026-09-22,BOM-BLR,IndiGo,30,3571,642,4213
2026-08-23,2026-09-22,BOM-BLR,IndiGo,30,3795,683,4478
2026-08-23,2026-09-22,BOM-BLR,IndiGo,30,4284,771,5055
2026-08-23,2026-09-07,BOM-BLR,IndiGo,15,4306,775,5081
2026-08-23,2026-09-07,BOM-BLR,IndiGo,15,4483,806,5289
2026-08-23,2026-09-07,BOM-BLR,IndiGo,15,4390,790,5180
2026-08-23,2026-09-07,BOM-BLR,IndiGo,15,5345,962,6307
2026-08-23,2026-09-07,BOM-BLR,IndiGo,15,4808,865,5673
2026-08-23,2026-08-30,BOM-BLR,IndiGo,7,6514,1172,7686
2026-08-23,2026-08-30,BOM-BLR,IndiGo,7,6872,1236,8108
2026-08-23,2026-08-30,BOM-BLR,IndiGo,7,5708,1027,6735
2026-08-23,2026-08-30,BOM-BLR,IndiGo,7,6121,1101,7222
2026-08-23,2026-08-30,BOM-BLR,IndiGo,7,6749,1214,7963
2026-08-23,2026-08-24,BOM-BLR,IndiGo,1,9686,1743,11429
2026-08-23,2026-08-24,BOM-BLR,IndiGo,1,8635,1554,10189
2026-08-23,2026-08-24,BOM-BLR,IndiGo,1,10659,1918,12577
2026-08-23,2026-08-24,BOM-BLR,IndiGo,1,8523,1534,10057
2026-08-23,2026-08-24,BOM-BLR,IndiGo,1,9942,1789,11731
2026-08-23,2026-10-07,BOM-BLR,Air India,45,4440,799,5239
2026-08-23,2026-10-07,BOM-BLR,Air India,45,4479,806,5285
2026-08-23,2026-10-07,BOM-BLR,Air India,45,4264,767,5031
2026-08-23,2026-10-07,BOM-BLR,Air India,45,4216,758,4974
2026-08-23,2026-10-07,BOM-BLR,Air India,45,4004,720,4724
2026-08-23,2026-09-22,BOM-BLR,Air India,30,5056,910,5966
2026-08-23,2026-09-22,BOM-BLR,Air India,30,4774,859,5633
2026-08-23,2026-09-22,BOM-BLR,Air India,30,4970,894,5864
2026-08-23,2026-09-22,BOM-BLR,Air India,30,4795,863,5658
2026-08-23,2026-09-22,BOM-BLR,Air India,30,4280,770,5050
2026-08-23,2026-09-07,BOM-BLR,Air India,15,5116,920,6036
2026-08-23,2026-09-07,BOM-BLR,Air India,15,5838,1050,6888
2026-08-23,2026-09-07,BOM-BLR,Air India,15,5415,974,6389
2026-08-23,2026-09-07,BOM-BLR,Air India,15,5274,949,6223
2026-08-23,2026-09-07,BOM-BLR,Air India,15,4900,882,5782
2026-08-23,2026-08-30,BOM-BLR,Air India,7,7241,1303,8544
2026-08-23,2026-08-30,BOM-BLR,Air India,7,8143,1465,9608
2026-08-23,2026-08-30,BOM-BLR,Air India,7,7705,1386,9091
2026-08-23,2026-08-30,BOM-BLR,Air India,7,7126,1282,8408
2026-08-23,2026-08-30,BOM-BLR,Air India,7,7205,1296,8501
2026-08-23,2026-08-24,BOM-BLR,Air India,1,10303,1854,12157
2026-08-23,2026-08-24,BOM-BLR,Air India,1,9787,1761,11548
2026-08-23,2026-08-24,BOM-BLR,Air India,1,10392,1870,12262
2026-08-23,2026-08-24,BOM-BLR,Air India,1,10451,1881,12332
2026-08-23,2026-08-24,BOM-BLR,Air India,1,10219,1839,12058
2026-08-23,2026-10-07,BOM-BLR,Akasa,45,3510,631,4141
2026-08-23,2026-10-07,BOM-BLR,Akasa,45,3083,554,3637
2026-08-23,2026-10-07,BOM-BLR,Akasa,45,3453,621,4074
2026-08-23,2026-10-07,BOM-BLR,Akasa,45,3111,559,3670
2026-08-23,2026-10-07,BOM-BLR,Akasa,45,3356,604,3960
2026-08-23,2026-09-22,BOM-BLR,Akasa,30,3371,606,3977
2026-08-23,2026-09-22,BOM-BLR,Akasa,30,3969,714,4683
2026-08-23,2026-09-22,BOM-BLR,Akasa,30,3577,643,4220
2026-08-23,2026-09-22,BOM-BLR,Akasa,30,3858,694,4552
2026-08-23,2026-09-22,BOM-BLR,Akasa,30,3554,639,4193
2026-08-23,2026-09-07,BOM-BLR,Akasa,15,4469,804,5273
2026-08-23,2026-09-07,BOM-BLR,Akasa,15,4963,893,5856
2026-08-23,2026-09-07,BOM-BLR,Akasa,15,4593,826,5419
2026-08-23,2026-09-07,BOM-BLR,Akasa,15,4189,754,4943
2026-08-23,2026-09-07,BOM-BLR,Akasa,15,5105,918,6023
2026-08-23,2026-08-30,BOM-BLR,Akasa,7,5433,977,6410
2026-08-23,2026-08-30,BOM-BLR,Akasa,7,5976,1075,7051
2026-08-23,2026-08-30,BOM-BLR,Akasa,7,6272,1128,7400
2026-08-23,2026-08-30,BOM-BLR,Akasa,7,6643,1195,7838
2026-08-23,2026-08-30,BOM-BLR,Akasa,7,5663,1019,6682
2026-08-23,2026-08-24,BOM-BLR,Akasa,1,9945,1790,11735
2026-08-23,2026-08-24,BOM-BLR,Akasa,1,8115,1460,9575
2026-08-23,2026-08-24,BOM-BLR,Akasa,1,9978,1796,11774
2026-08-23,2026-08-24,BOM-BLR,Akasa,1,8375,1507,9882
2026-08-23,2026-08-24,BOM-BLR,Akasa,1,8537,1536,10073
2026-08-23,2026-10-07,BOM-BLR,SpiceJet,45,3120,561,3681
2026-08-23,2026-10-07,BOM-BLR,SpiceJet,45,3514,632,4146
2026-08-23,2026-10-07,BOM-BLR,SpiceJet,45,2945,530,3475
2026-08-23,2026-10-07,BOM-BLR,SpiceJet,45,3427,616,4043
2026-08-23,2026-10-07,BOM-BLR,SpiceJet,45,3413,614,4027
2026-08-23,2026-09-22,BOM-BLR,SpiceJet,30,3907,703,4610
2026-08-23,2026-09-22,BOM-BLR,SpiceJet,30,3173,571,3744
2026-08-23,2026-09-22,BOM-BLR,SpiceJet,30,3887,699,4586
2026-08-23,2026-09-22,BOM-BLR,SpiceJet,30,3182,572,3754
2026-08-23,2026-09-22,BOM-BLR,SpiceJet,30,3409,613,4022
2026-08-23,2026-09-07,BOM-BLR,SpiceJet,15,4032,725,4757
2026-08-23,2026-09-07,BOM-BLR,SpiceJet,15,4106,739,4845
2026-08-23,2026-09-07,BOM-BLR,SpiceJet,15,4008,721,4729
2026-08-23,2026-09-07,BOM-BLR,SpiceJet,15,4575,823,5398
2026-08-23,2026-09-07,BOM-BLR,SpiceJet,15,3925,706,4631
2026-08-23,2026-08-30,BOM-BLR,SpiceJet,7,6249,1124,7373
2026-08-23,2026-08-30,BOM-BLR,SpiceJet,7,6489,1168,7657
2026-08-23,2026-08-30,BOM-BLR,SpiceJet,7,5241,943,6184
2026-08-23,2026-08-30,BOM-BLR,SpiceJet,7,6154,1107,7261
2026-08-23,2026-08-30,BOM-BLR,SpiceJet,7,6215,1118,7333
2026-08-23,2026-08-24,BOM-BLR,SpiceJet,1,9483,1706,11189
2026-08-23,2026-08-24,BOM-BLR,SpiceJet,1,8981,1616,10597
2026-08-23,2026-08-24,BOM-BLR,SpiceJet,1,8645,1556,10201
2026-08-23,2026-08-24,BOM-BLR,SpiceJet,1,8888,1599,10487
2026-08-23,2026-08-24,BOM-BLR,SpiceJet,1,9418,1695,11113
2026-08-23,2026-10-07,DEL-CCU,IndiGo,45,4900,882,5782
2026-08-23,2026-10-07,DEL-CCU,IndiGo,45,4480,806,5286
2026-08-23,2026-10-07,DEL-CCU,IndiGo,45,4634,834,5468
2026-08-23,2026-10-07,DEL-CCU,IndiGo,45,4839,871,5710
2026-08-23,2026-10-07,DEL-CCU,IndiGo,45,4780,860,5640
2026-08-23,2026-09-22,DEL-CCU,IndiGo,30,5815,1046,6861
2026-08-23,2026-09-22,DEL-CCU,IndiGo,30,5158,928,6086
2026-08-23,2026-09-22,DEL-CCU,IndiGo,30,4916,884,5800
2026-08-23,2026-09-22,DEL-CCU,IndiGo,30,5765,1037,6802
2026-08-23,2026-09-22,DEL-CCU,IndiGo,30,5999,1079,7078
2026-08-23,2026-09-07,DEL-CCU,IndiGo,15,7283,1310,8593
2026-08-23,2026-09-07,DEL-CCU,IndiGo,15,7121,1281,8402
2026-08-23,2026-09-07,DEL-CCU,IndiGo,15,6335,1140,7475
2026-08-23,2026-09-07,DEL-CCU,IndiGo,15,6984,1257,8241
2026-08-23,2026-09-07,DEL-CCU,IndiGo,15,7184,1293,8477
2026-08-23,2026-08-30,DEL-CCU,IndiGo,7,9455,1701,11156
2026-08-23,2026-08-30,DEL-CCU,IndiGo,7,7948,1430,9378
2026-08-23,2026-08-30,DEL-CCU,IndiGo,7,7913,1424,9337
2026-08-23,2026-08-30,DEL-CCU,IndiGo,7,9912,1784,11696
2026-08-23,2026-08-30,DEL-CCU,IndiGo,7,8238,1482,9720
2026-08-23,2026-08-24,DEL-CCU,IndiGo,1,13718,2469,16187
2026-08-23,2026-08-24,DEL-CCU,IndiGo,1,13010,2341,15351
2026-08-23,2026-08-24,DEL-CCU,IndiGo,1,11493,2068,13561
2026-08-23,2026-08-24,DEL-CCU,IndiGo,1,13262,2387,15649
2026-08-23,2026-08-24,DEL-CCU,IndiGo,1,13785,2481,16266
2026-08-23,2026-10-07,DEL-CCU,Air India,45,5003,900,5903
2026-08-23,2026-10-07,DEL-CCU,Air India,45,6108,1099,7207
2026-08-23,2026-10-07,DEL-CCU,Air India,45,5173,931,6104
2026-08-23,2026-10-07,DEL-CCU,Air India,45,5053,909,5962
2026-08-23,2026-10-07,DEL-CCU,Air India,45,5251,945,6196
2026-08-23,2026-09-22,DEL-CCU,Air India,30,6057,1090,7147
2026-08-23,2026-09-22,DEL-CCU,Air India,30,5873,1057,6930
2026-08-23,2026-09-22,DEL-CCU,Air India,30,6599,1187,7786
2026-08-23,2026-09-22,DEL-CCU,Air India,30,6587,1185,7772
2026-08-23,2026-09-22,DEL-CCU,Air India,30,6013,1082,7095
2026-08-23,2026-09-07,DEL-CCU,Air India,15,7130,1283,8413
2026-08-23,2026-09-07,DEL-CCU,Air India,15,6832,1229,8061
2026-08-23,2026-09-07,DEL-CCU,Air India,15,7635,1374,9009
2026-08-23,2026-09-07,DEL-CCU,Air India,15,7209,1297,8506
2026-08-23,2026-09-07,DEL-CCU,Air India,15,6761,1216,7977
2026-08-23,2026-08-30,DEL-CCU,Air India,7,9685,1743,11428
2026-08-23,2026-08-30,DEL-CCU,Air India,7,11407,2053,13460
2026-08-23,2026-08-30,DEL-CCU,Air India,7,9509,1711,11220
2026-08-23,2026-08-30,DEL-CCU,Air India,7,10660,1918,12578
2026-08-23,2026-08-30,DEL-CCU,Air India,7,9874,1777,11651
2026-08-23,2026-08-24,DEL-CCU,Air India,1,15433,2777,18210
2026-08-23,2026-08-24,DEL-CCU,Air India,1,15267,2748,18015
2026-08-23,2026-08-24,DEL-CCU,Air India,1,15568,2802,18370
2026-08-23,2026-08-24,DEL-CCU,Air India,1,15218,2739,17957
2026-08-23,2026-08-24,DEL-CCU,Air India,1,13271,2388,15659
2026-08-23,2026-10-07,DEL-CCU,Akasa,45,4508,811,5319
2026-08-23,2026-10-07,DEL-CCU,Akasa,45,4534,816,5350
2026-08-23,2026-10-07,DEL-CCU,Akasa,45,4328,779,5107
2026-08-23,2026-10-07,DEL-CCU,Akasa,45,4637,834,5471
2026-08-23,2026-10-07,DEL-CCU,Akasa,45,4797,863,5660
2026-08-23,2026-09-22,DEL-CCU,Akasa,30,5611,1009,6620
2026-08-23,2026-09-22,DEL-CCU,Akasa,30,5681,1022,6703
2026-08-23,2026-09-22,DEL-CCU,Akasa,30,5579,1004,6583
2026-08-23,2026-09-22,DEL-CCU,Akasa,30,4778,860,5638
2026-08-23,2026-09-22,DEL-CCU,Akasa,30,4662,839,5501
2026-08-23,2026-09-07,DEL-CCU,Akasa,15,5739,1033,6772
2026-08-23,2026-09-07,DEL-CCU,Akasa,15,6592,1186,7778
2026-08-23,2026-09-07,DEL-CCU,Akasa,15,6215,1118,7333
2026-08-23,2026-09-07,DEL-CCU,Akasa,15,5576,1003,6579
2026-08-23,2026-09-07,DEL-CCU,Akasa,15,6849,1232,8081
2026-08-23,2026-08-30,DEL-CCU,Akasa,7,9359,1684,11043
2026-08-23,2026-08-30,DEL-CCU,Akasa,7,9210,1657,10867
2026-08-23,2026-08-30,DEL-CCU,Akasa,7,9422,1695,11117
2026-08-23,2026-08-30,DEL-CCU,Akasa,7,8831,1589,10420
2026-08-23,2026-08-30,DEL-CCU,Akasa,7,9359,1684,11043
2026-08-23,2026-08-24,DEL-CCU,Akasa,1,12872,2316,15188
2026-08-23,2026-08-24,DEL-CCU,Akasa,1,13655,2457,16112
2026-08-23,2026-08-24,DEL-CCU,Akasa,1,11046,1988,13034
2026-08-23,2026-08-24,DEL-CCU,Akasa,1,13372,2406,15778
2026-08-23,2026-08-24,DEL-CCU,Akasa,1,11628,2093,13721
2026-08-23,2026-10-07,DEL-CCU,SpiceJet,45,4815,866,5681
2026-08-23,2026-10-07,DEL-CCU,SpiceJet,45,4373,787,5160
2026-08-23,2026-10-07,DEL-CCU,SpiceJet,45,3995,719,4714
2026-08-23,2026-10-07,DEL-CCU,SpiceJet,45,4748,854,5602
2026-08-23,2026-10-07,DEL-CCU,SpiceJet,45,4841,871,5712
2026-08-23,2026-09-22,DEL-CCU,SpiceJet,30,4320,777,5097
2026-08-23,2026-09-22,DEL-CCU,SpiceJet,30,4753,855,5608
2026-08-23,2026-09-22,DEL-CCU,SpiceJet,30,4575,823,5398
2026-08-23,2026-09-22,DEL-CCU,SpiceJet,30,5127,922,6049
2026-08-23,2026-09-22,DEL-CCU,SpiceJet,30,4935,888,5823
2026-08-23,2026-09-07,DEL-CCU,SpiceJet,15,6090,1096,7186
2026-08-23,2026-09-07,DEL-CCU,SpiceJet,15,5535,996,6531
2026-08-23,2026-09-07,DEL-CCU,SpiceJet,15,6443,1159,7602
2026-08-23,2026-09-07,DEL-CCU,SpiceJet,15,5309,955,6264
2026-08-23,2026-09-07,DEL-CCU,SpiceJet,15,5517,993,6510
2026-08-23,2026-08-30,DEL-CCU,SpiceJet,7,7446,1340,8786
2026-08-23,2026-08-30,DEL-CCU,SpiceJet,7,7250,1305,8555
2026-08-23,2026-08-30,DEL-CCU,SpiceJet,7,7963,1433,9396
2026-08-23,2026-08-30,DEL-CCU,SpiceJet,7,7403,1332,8735
2026-08-23,2026-08-30,DEL-CCU,SpiceJet,7,7297,1313,8610
2026-08-23,2026-08-24,DEL-CCU,SpiceJet,1,12067,2172,14239
2026-08-23,2026-08-24,DEL-CCU,SpiceJet,1,10585,1905,12490
2026-08-23,2026-08-24,DEL-CCU,SpiceJet,1,11835,2130,13965
2026-08-23,2026-08-24,DEL-CCU,SpiceJet,1,11207,2017,13224
2026-08-23,2026-08-24,DEL-CCU,SpiceJet,1,12014,2162,14176
2026-08-23,2026-10-07,BLR-HYD,IndiGo,45,2721,489,3210
2026-08-23,2026-10-07,BLR-HYD,IndiGo,45,2520,453,2973
2026-08-23,2026-10-07,BLR-HYD,IndiGo,45,2644,475,3119
2026-08-23,2026-10-07,BLR-HYD,IndiGo,45,2671,480,3151
2026-08-23,2026-10-07,BLR-HYD,IndiGo,45,2972,534,3506
2026-08-23,2026-09-22,BLR-HYD,IndiGo,30,2846,512,3358
2026-08-23,2026-09-22,BLR-HYD,IndiGo,30,2845,512,3357
2026-08-23,2026-09-22,BLR-HYD,IndiGo,30,2859,514,3373
2026-08-23,2026-09-22,BLR-HYD,IndiGo,30,3164,569,3733
2026-08-23,2026-09-22,BLR-HYD,IndiGo,30,3345,602,3947
2026-08-23,2026-09-07,BLR-HYD,IndiGo,15,4117,741,4858
2026-08-23,2026-09-07,BLR-HYD,IndiGo,15,4214,758,4972
2026-08-23,2026-09-07,BLR-HYD,IndiGo,15,4135,744,4879
2026-08-23,2026-09-07,BLR-HYD,IndiGo,15,3473,625,4098
2026-08-23,2026-09-07,BLR-HYD,IndiGo,15,3668,660,4328
2026-08-23,2026-08-30,BLR-HYD,IndiGo,7,5343,961,6304
2026-08-23,2026-08-30,BLR-HYD,IndiGo,7,4571,822,5393
2026-08-23,2026-08-30,BLR-HYD,IndiGo,7,5378,968,6346
2026-08-23,2026-08-30,BLR-HYD,IndiGo,7,5322,957,6279
2026-08-23,2026-08-30,BLR-HYD,IndiGo,7,4947,890,5837
2026-08-23,2026-08-24,BLR-HYD,IndiGo,1,8311,1495,9806
2026-08-23,2026-08-24,BLR-HYD,IndiGo,1,8114,1460,9574
2026-08-23,2026-08-24,BLR-HYD,IndiGo,1,7733,1391,9124
2026-08-23,2026-08-24,BLR-HYD,IndiGo,1,8288,1491,9779
2026-08-23,2026-08-24,BLR-HYD,IndiGo,1,6830,1229,8059
2026-08-23,2026-10-07,BLR-HYD,Air India,45,3046,548,3594
2026-08-23,2026-10-07,BLR-HYD,Air India,45,3211,577,3788
2026-08-23,2026-10-07,BLR-HYD,Air India,45,3312,596,3908
2026-08-23,2026-10-07,BLR-HYD,Air India,45,3253,585,3838
2026-08-23,2026-10-07,BLR-HYD,Air India,45,3014,542,3556
2026-08-23,2026-09-22,BLR-HYD,Air India,30,3565,641,4206
2026-08-23,2026-09-22,BLR-HYD,Air India,30,3896,701,4597
2026-08-23,2026-09-22,BLR-HYD,Air India,30,3205,576,3781
2026-08-23,2026-09-22,BLR-HYD,Air India,30,3449,620,4069
2026-08-23,2026-09-22,BLR-HYD,Air India,30,3279,590,3869
2026-08-23,2026-09-07,BLR-HYD,Air India,15,4487,807,5294
2026-08-23,2026-09-07,BLR-HYD,Air India,15,4010,721,4731
2026-08-23,2026-09-07,BLR-HYD,Air India,15,4449,800,5249
2026-08-23,2026-09-07,BLR-HYD,Air India,15,4494,808,5302
2026-08-23,2026-09-07,BLR-HYD,Air India,15,4196,755,4951
2026-08-23,2026-08-30,BLR-HYD,Air India,7,6437,1158,7595
2026-08-23,2026-08-30,BLR-HYD,Air India,7,6413,1154,7567
2026-08-23,2026-08-30,BLR-HYD,Air India,7,5326,958,6284
2026-08-23,2026-08-30,BLR-HYD,Air India,7,6524,1174,7698
2026-08-23,2026-08-30,BLR-HYD,Air India,7,5673,1021,6694
2026-08-23,2026-08-24,BLR-HYD,Air India,1,8617,1551,10168
2026-08-23,2026-08-24,BLR-HYD,Air India,1,9592,1726,11318
2026-08-23,2026-08-24,BLR-HYD,Air India,1,9150,1647,10797
2026-08-23,2026-08-24,BLR-HYD,Air India,1,8227,1480,9707
2026-08-23,2026-08-24,BLR-HYD,Air India,1,8689,1564,10253
2026-08-23,2026-10-07,BLR-HYD,Akasa,45,2722,489,3211
2026-08-23,2026-10-07,BLR-HYD,Akasa,45,2820,507,3327
2026-08-23,2026-10-07,BLR-HYD,Akasa,45,2581,464,3045
2026-08-23,2026-10-07,BLR-HYD,Akasa,45,2974,535,3509
2026-08-23,2026-10-07,BLR-HYD,Akasa,45,2917,525,3442
2026-08-23,2026-09-22,BLR-HYD,Akasa,30,2747,494,3241
2026-08-23,2026-09-22,BLR-HYD,Akasa,30,2984,537,3521
2026-08-23,2026-09-22,BLR-HYD,Akasa,30,3157,568,3725
2026-08-23,2026-09-22,BLR-HYD,Akasa,30,3046,548,3594
2026-08-23,2026-09-22,BLR-HYD,Akasa,30,3314,596,3910
2026-08-23,2026-09-07,BLR-HYD,Akasa,15,3341,601,3942
2026-08-23,2026-09-07,BLR-HYD,Akasa,15,3939,709,4648
2026-08-23,2026-09-07,BLR-HYD,Akasa,15,3707,667,4374
2026-08-23,2026-09-07,BLR-HYD,Akasa,15,3380,608,3988
2026-08-23,2026-09-07,BLR-HYD,Akasa,15,3971,714,4685
2026-08-23,2026-08-30,BLR-HYD,Akasa,7,4978,896,5874
2026-08-23,2026-08-30,BLR-HYD,Akasa,7,4559,820,5379
2026-08-23,2026-08-30,BLR-HYD,Akasa,7,5090,916,6006
2026-08-23,2026-08-30,BLR-HYD,Akasa,7,4986,897,5883
2026-08-23,2026-08-30,BLR-HYD,Akasa,7,4821,867,5688
2026-08-23,2026-08-24,BLR-HYD,Akasa,1,6883,1238,8121
2026-08-23,2026-08-24,BLR-HYD,Akasa,1,8018,1443,9461
2026-08-23,2026-08-24,BLR-HYD,Akasa,1,6562,1181,7743
2026-08-23,2026-08-24,BLR-HYD,Akasa,1,7428,1337,8765
2026-08-23,2026-08-24,BLR-HYD,Akasa,1,6643,1195,7838
2026-08-23,2026-10-07,BLR-HYD,SpiceJet,45,2794,502,3296
2026-08-23,2026-10-07,BLR-HYD,SpiceJet,45,2432,437,2869
2026-08-23,2026-10-07,BLR-HYD,SpiceJet,45,2745,494,3239
2026-08-23,2026-10-07,BLR-HYD,SpiceJet,45,2478,446,2924
2026-08-23,2026-10-07,BLR-HYD,SpiceJet,45,2430,437,2867
2026-08-23,2026-09-22,BLR-HYD,SpiceJet,30,2808,505,3313
2026-08-23,2026-09-22,BLR-HYD,SpiceJet,30,2620,471,3091
2026-08-23,2026-09-22,BLR-HYD,SpiceJet,30,2925,526,3451
2026-08-23,2026-09-22,BLR-HYD,SpiceJet,30,2641,475,3116
2026-08-23,2026-09-22,BLR-HYD,SpiceJet,30,3021,543,3564
2026-08-23,2026-09-07,BLR-HYD,SpiceJet,15,3415,614,4029
2026-08-23,2026-09-07,BLR-HYD,SpiceJet,15,3498,629,4127
2026-08-23,2026-09-07,BLR-HYD,SpiceJet,15,3906,703,4609
2026-08-23,2026-09-07,BLR-HYD,SpiceJet,15,3391,610,4001
2026-08-23,2026-09-07,BLR-HYD,SpiceJet,15,3238,582,3820
2026-08-23,2026-08-30,BLR-HYD,SpiceJet,7,4590,826,5416
2026-08-23,2026-08-30,BLR-HYD,SpiceJet,7,4567,822,5389
2026-08-23,2026-08-30,BLR-HYD,SpiceJet,7,4520,813,5333
2026-08-23,2026-08-30,BLR-HYD,SpiceJet,7,4411,793,5204
2026-08-23,2026-08-30,BLR-HYD,SpiceJet,7,5028,905,5933
2026-08-23,2026-08-24,BLR-HYD,SpiceJet,1,7324,1318,8642
2026-08-23,2026-08-24,BLR-HYD,SpiceJet,1,6711,1207,7918
2026-08-23,2026-08-24,BLR-HYD,SpiceJet,1,6319,1137,7456
2026-08-23,2026-08-24,BLR-HYD,SpiceJet,1,6214,1118,7332
2026-08-23,2026-08-24,BLR-HYD,SpiceJet,1,7635,1374,9009
2026-08-24,2026-10-08,DEL-BOM,IndiGo,45,3826,688,4514
2026-08-24,2026-10-08,DEL-BOM,IndiGo,45,4352,783,5135
2026-08-24,2026-10-08,DEL-BOM,IndiGo,45,4570,822,5392
2026-08-24,2026-10-08,DEL-BOM,IndiGo,45,4726,850,5576
2026-08-24,2026-10-08,DEL-BOM,IndiGo,45,4216,758,4974
2026-08-24,2026-09-23,DEL-BOM,IndiGo,30,4273,769,5042
2026-08-24,2026-09-23,DEL-BOM,IndiGo,30,5244,943,6187
2026-08-24,2026-09-23,DEL-BOM,IndiGo,30,4644,835,5479
2026-08-24,2026-09-23,DEL-BOM,IndiGo,30,4456,802,5258
2026-08-24,2026-09-23,DEL-BOM,IndiGo,30,4213,758,4971
2026-08-24,2026-09-08,DEL-BOM,IndiGo,15,5748,1034,6782
2026-08-24,2026-09-08,DEL-BOM,IndiGo,15,6073,1093,7166
2026-08-24,2026-09-08,DEL-BOM,IndiGo,15,5717,1029,6746
2026-08-24,2026-09-08,DEL-BOM,IndiGo,15,6237,1122,7359
2026-08-24,2026-09-08,DEL-BOM,IndiGo,15,5417,975,6392
2026-08-24,2026-08-31,DEL-BOM,IndiGo,7,8277,1489,9766
2026-08-24,2026-08-31,DEL-BOM,IndiGo,7,7646,1376,9022
2026-08-24,2026-08-31,DEL-BOM,IndiGo,7,7170,1290,8460
2026-08-24,2026-08-31,DEL-BOM,IndiGo,7,7964,1433,9397
2026-08-24,2026-08-31,DEL-BOM,IndiGo,7,7517,1353,8870
2026-08-24,2026-08-25,DEL-BOM,IndiGo,1,10791,1942,12733
2026-08-24,2026-08-25,DEL-BOM,IndiGo,1,11596,2087,13683
2026-08-24,2026-08-25,DEL-BOM,IndiGo,1,12701,2286,14987
2026-08-24,2026-08-25,DEL-BOM,IndiGo,1,12151,2187,14338
2026-08-24,2026-08-25,DEL-BOM,IndiGo,1,12780,2300,15080
2026-08-24,2026-10-08,DEL-BOM,Air India,45,4813,866,5679
2026-08-24,2026-10-08,DEL-BOM,Air India,45,5383,968,6351
2026-08-24,2026-10-08,DEL-BOM,Air India,45,5533,995,6528
2026-08-24,2026-10-08,DEL-BOM,Air India,45,4952,891,5843
2026-08-24,2026-10-08,DEL-BOM,Air India,45,5536,996,6532
2026-08-24,2026-09-23,DEL-BOM,Air India,30,5595,1007,6602
2026-08-24,2026-09-23,DEL-BOM,Air India,30,5944,1069,7013
2026-08-24,2026-09-23,DEL-BOM,Air India,30,5253,945,6198
2026-08-24,2026-09-23,DEL-BOM,Air India,30,5421,975,6396
2026-08-24,2026-09-23,DEL-BOM,Air India,30,5619,1011,6630
2026-08-24,2026-09-08,DEL-BOM,Air India,15,7075,1273,8348
2026-08-24,2026-09-08,DEL-BOM,Air India,15,5943,1069,7012
2026-08-24,2026-09-08,DEL-BOM,Air India,15,7452,1341,8793
2026-08-24,2026-09-08,DEL-BOM,Air India,15,6013,1082,7095
2026-08-24,2026-09-08,DEL-BOM,Air India,15,6402,1152,7554
2026-08-24,2026-08-31,DEL-BOM,Air India,7,9383,1688,11071
2026-08-24,2026-08-31,DEL-BOM,Air India,7,9766,1757,11523
2026-08-24,2026-08-31,DEL-BOM,Air India,7,7970,1434,9404
2026-08-24,2026-08-31,DEL-BOM,Air India,7,8381,1508,9889
2026-08-24,2026-08-31,DEL-BOM,Air India,7,9464,1703,11167
2026-08-24,2026-08-25,DEL-BOM,Air India,1,13513,2432,15945
2026-08-24,2026-08-25,DEL-BOM,Air India,1,14073,2533,16606
2026-08-24,2026-08-25,DEL-BOM,Air India,1,14313,2576,16889
2026-08-24,2026-08-25,DEL-BOM,Air India,1,11920,2145,14065
2026-08-24,2026-08-25,DEL-BOM,Air India,1,14217,2559,16776
2026-08-24,2026-10-08,DEL-BOM,Akasa,45,3906,703,4609
2026-08-24,2026-10-08,DEL-BOM,Akasa,45,3758,676,4434
2026-08-24,2026-10-08,DEL-BOM,Akasa,45,4194,754,4948
2026-08-24,2026-10-08,DEL-BOM,Akasa,45,4092,736,4828
2026-08-24,2026-10-08,DEL-BOM,Akasa,45,3779,680,4459
2026-08-24,2026-09-23,DEL-BOM,Akasa,30,4676,841,5517
2026-08-24,2026-09-23,DEL-BOM,Akasa,30,4267,768,5035
2026-08-24,2026-09-23,DEL-BOM,Akasa,30,4870,876,5746
2026-08-24,2026-09-23,DEL-BOM,Akasa,30,4153,747,4900
2026-08-24,2026-09-23,DEL-BOM,Akasa,30,4303,774,5077
2026-08-24,2026-09-08,DEL-BOM,Akasa,15,6116,1100,7216
2026-08-24,2026-09-08,DEL-BOM,Akasa,15,5850,1053,6903
2026-08-24,2026-09-08,DEL-BOM,Akasa,15,5866,1055,6921
2026-08-24,2026-09-08,DEL-BOM,Akasa,15,5806,1045,6851
2026-08-24,2026-09-08,DEL-BOM,Akasa,15,5032,905,5937
2026-08-24,2026-08-31,DEL-BOM,Akasa,7,6506,1171,7677
2026-08-24,2026-08-31,DEL-BOM,Akasa,7,6537,1176,7713
2026-08-24,2026-08-31,DEL-BOM,Akasa,7,7730,1391,9121
2026-08-24,2026-08-31,DEL-BOM,Akasa,7,7839,1411,9250
2026-08-24,2026-08-31,DEL-BOM,Akasa,7,7763,1397,9160
2026-08-24,2026-08-25,DEL-BOM,Akasa,1,9926,1786,11712
2026-08-24,2026-08-25,DEL-BOM,Akasa,1,10382,1868,12250
2026-08-24,2026-08-25,DEL-BOM,Akasa,1,10711,1927,12638
2026-08-24,2026-08-25,DEL-BOM,Akasa,1,11964,2153,14117
2026-08-24,2026-08-25,DEL-BOM,Akasa,1,10871,1956,12827
2026-08-24,2026-10-08,DEL-BOM,SpiceJet,45,4153,747,4900
2026-08-24,2026-10-08,DEL-BOM,SpiceJet,45,4243,763,5006
2026-08-24,2026-10-08,DEL-BOM,SpiceJet,45,4257,766,5023
2026-08-24,2026-10-08,DEL-BOM,SpiceJet,45,3665,659,4324
2026-08-24,2026-10-08,DEL-BOM,SpiceJet,45,4194,754,4948
2026-08-24,2026-09-23,DEL-BOM,SpiceJet,30,3974,715,4689
2026-08-24,2026-09-23,DEL-BOM,SpiceJet,30,4577,823,5400
2026-08-24,2026-09-23,DEL-BOM,SpiceJet,30,3777,679,4456
2026-08-24,2026-09-23,DEL-BOM,SpiceJet,30,3798,683,4481
2026-08-24,2026-09-23,DEL-BOM,SpiceJet,30,4035,726,4761
2026-08-24,2026-09-08,DEL-BOM,SpiceJet,15,5688,1023,6711
2026-08-24,2026-09-08,DEL-BOM,SpiceJet,15,5581,1004,6585
2026-08-24,2026-09-08,DEL-BOM,SpiceJet,15,5077,913,5990
2026-08-24,2026-09-08,DEL-BOM,SpiceJet,15,5349,962,6311
2026-08-24,2026-09-08,DEL-BOM,SpiceJet,15,5260,946,6206
2026-08-24,2026-08-31,DEL-BOM,SpiceJet,7,6547,1178,7725
2026-08-24,2026-08-31,DEL-BOM,SpiceJet,7,6259,1126,7385
2026-08-24,2026-08-31,DEL-BOM,SpiceJet,7,7360,1324,8684
2026-08-24,2026-08-31,DEL-BOM,SpiceJet,7,6643,1195,7838
2026-08-24,2026-08-31,DEL-BOM,SpiceJet,7,6985,1257,8242
2026-08-24,2026-08-25,DEL-BOM,SpiceJet,1,10276,1849,12125
2026-08-24,2026-08-25,DEL-BOM,SpiceJet,1,9690,1744,11434
2026-08-24,2026-08-25,DEL-BOM,SpiceJet,1,10501,1890,12391
2026-08-24,2026-08-25,DEL-BOM,SpiceJet,1,11133,2003,13136
2026-08-24,2026-08-25,DEL-BOM,SpiceJet,1,10161,1828,11989
2026-08-24,2026-10-08,DEL-BLR,IndiGo,45,5799,1043,6842
2026-08-24,2026-10-08,DEL-BLR,IndiGo,45,6300,1134,7434
2026-08-24,2026-10-08,DEL-BLR,IndiGo,45,6034,1086,7120
2026-08-24,2026-10-08,DEL-BLR,IndiGo,45,5256,946,6202
2026-08-24,2026-10-08,DEL-BLR,IndiGo,45,5116,920,6036
2026-08-24,2026-09-23,DEL-BLR,IndiGo,30,5496,989,6485
2026-08-24,2026-09-23,DEL-BLR,IndiGo,30,6852,1233,8085
2026-08-24,2026-09-23,DEL-BLR,IndiGo,30,5483,986,6469
2026-08-24,2026-09-23,DEL-BLR,IndiGo,30,5511,991,6502
2026-08-24,2026-09-23,DEL-BLR,IndiGo,30,5955,1071,7026
2026-08-24,2026-09-08,DEL-BLR,IndiGo,15,7208,1297,8505
2026-08-24,2026-09-08,DEL-BLR,IndiGo,15,7198,1295,8493
2026-08-24,2026-09-08,DEL-BLR,IndiGo,15,7342,1321,8663
2026-08-24,2026-09-08,DEL-BLR,IndiGo,15,6812,1226,8038
2026-08-24,2026-09-08,DEL-BLR,IndiGo,15,8453,1521,9974
2026-08-24,2026-08-31,DEL-BLR,IndiGo,7,10729,1931,12660
2026-08-24,2026-08-31,DEL-BLR,IndiGo,7,9178,1652,10830
2026-08-24,2026-08-31,DEL-BLR,IndiGo,7,10071,1812,11883
2026-08-24,2026-08-31,DEL-BLR,IndiGo,7,10180,1832,12012
2026-08-24,2026-08-31,DEL-BLR,IndiGo,7,10747,1934,12681
2026-08-24,2026-08-25,DEL-BLR,IndiGo,1,14922,2685,17607
2026-08-24,2026-08-25,DEL-BLR,IndiGo,1,16262,2927,19189
2026-08-24,2026-08-25,DEL-BLR,IndiGo,1,14784,2661,17445
2026-08-24,2026-08-25,DEL-BLR,IndiGo,1,15786,2841,18627
2026-08-24,2026-08-25,DEL-BLR,IndiGo,1,14171,2550,16721
2026-08-24,2026-10-08,DEL-BLR,Air India,45,6002,1080,7082
2026-08-24,2026-10-08,DEL-BLR,Air India,45,7162,1289,8451
2026-08-24,2026-10-08,DEL-BLR,Air India,45,5897,1061,6958
2026-08-24,2026-10-08,DEL-BLR,Air India,45,6017,1083,7100
2026-08-24,2026-10-08,DEL-BLR,Air India,45,5970,1074,7044
2026-08-24,2026-09-23,DEL-BLR,Air India,30,7874,1417,9291
2026-08-24,2026-09-23,DEL-BLR,Air India,30,7986,1437,9423
2026-08-24,2026-09-23,DEL-BLR,Air India,30,7085,1275,8360
2026-08-24,2026-09-23,DEL-BLR,Air India,30,7525,1354,8879
2026-08-24,2026-09-23,DEL-BLR,Air India,30,6751,1215,7966
2026-08-24,2026-09-08,DEL-BLR,Air India,15,8470,1524,9994
2026-08-24,2026-09-08,DEL-BLR,Air India,15,7935,1428,9363
2026-08-24,2026-09-08,DEL-BLR,Air India,15,9299,1673,10972
2026-08-24,2026-09-08,DEL-BLR,Air India,15,9777,1759,11536
2026-08-24,2026-09-08,DEL-BLR,Air India,15,8717,1569,10286
2026-08-24,2026-08-31,DEL-BLR,Air India,7,11463,2063,13526
2026-08-24,2026-08-31,DEL-BLR,Air India,7,10977,1975,12952
2026-08-24,2026-08-31,DEL-BLR,Air India,7,10605,1908,12513
2026-08-24,2026-08-31,DEL-BLR,Air India,7,11483,2066,13549
2026-08-24,2026-08-31,DEL-BLR,Air India,7,12905,2322,15227
2026-08-24,2026-08-25,DEL-BLR,Air India,1,17339,3121,20460
2026-08-24,2026-08-25,DEL-BLR,Air India,1,18880,3398,22278
2026-08-24,2026-08-25,DEL-BLR,Air India,1,16202,2916,19118
2026-08-24,2026-08-25,DEL-BLR,Air India,1,17036,3066,20102
2026-08-24,2026-08-25,DEL-BLR,Air India,1,18783,3380,22163
2026-08-24,2026-10-08,DEL-BLR,Akasa,45,4859,874,5733
2026-08-24,2026-10-08,DEL-BLR,Akasa,45,5371,966,6337
2026-08-24,2026-10-08,DEL-BLR,Akasa,45,5776,1039,6815
2026-08-24,2026-10-08,DEL-BLR,Akasa,45,5878,1058,6936
2026-08-24,2026-10-08,DEL-BLR,Akasa,45,5681,1022,6703
2026-08-24,2026-09-23,DEL-BLR,Akasa,30,5265,947,6212
2026-08-24,2026-09-23,DEL-BLR,Akasa,30,5307,955,6262
2026-08-24,2026-09-23,DEL-BLR,Akasa,30,6109,1099,7208
2026-08-24,2026-09-23,DEL-BLR,Akasa,30,5646,1016,6662
2026-08-24,2026-09-23,DEL-BLR,Akasa,30,5456,982,6438
2026-08-24,2026-09-08,DEL-BLR,Akasa,15,6507,1171,7678
2026-08-24,2026-09-08,DEL-BLR,Akasa,15,6574,1183,7757
2026-08-24,2026-09-08,DEL-BLR,Akasa,15,7291,1312,8603
2026-08-24,2026-09-08,DEL-BLR,Akasa,15,7893,1420,9313
2026-08-24,2026-09-08,DEL-BLR,Akasa,15,7341,1321,8662
2026-08-24,2026-08-31,DEL-BLR,Akasa,7,10441,1879,12320
2026-08-24,2026-08-31,DEL-BLR,Akasa,7,8496,1529,10025
2026-08-24,2026-08-31,DEL-BLR,Akasa,7,10277,1849,12126
2026-08-24,2026-08-31,DEL-BLR,Akasa,7,9595,1727,11322
2026-08-24,2026-08-31,DEL-BLR,Akasa,7,8680,1562,10242
2026-08-24,2026-08-25,DEL-BLR,Akasa,1,13115,2360,15475
2026-08-24,2026-08-25,DEL-BLR,Akasa,1,12817,2307,15124
2026-08-24,2026-08-25,DEL-BLR,Akasa,1,14078,2534,16612
2026-08-24,2026-08-25,DEL-BLR,Akasa,1,12561,2260,14821
2026-08-24,2026-08-25,DEL-BLR,Akasa,1,15590,2806,18396
2026-08-24,2026-10-08,DEL-BLR,SpiceJet,45,5605,1008,6613
2026-08-24,2026-10-08,DEL-BLR,SpiceJet,45,4811,865,5676
2026-08-24,2026-10-08,DEL-BLR,SpiceJet,45,4987,897,5884
2026-08-24,2026-10-08,DEL-BLR,SpiceJet,45,5327,958,6285
2026-08-24,2026-10-08,DEL-BLR,SpiceJet,45,4769,858,5627
2026-08-24,2026-09-23,DEL-BLR,SpiceJet,30,5406,973,6379
2026-08-24,2026-09-23,DEL-BLR,SpiceJet,30,5680,1022,6702
2026-08-24,2026-09-23,DEL-BLR,SpiceJet,30,6186,1113,7299
2026-08-24,2026-09-23,DEL-BLR,SpiceJet,30,5107,919,6026
2026-08-24,2026-09-23,DEL-BLR,SpiceJet,30,4910,883,5793
2026-08-24,2026-09-08,DEL-BLR,SpiceJet,15,6969,1254,8223
2026-08-24,2026-09-08,DEL-BLR,SpiceJet,15,6514,1172,7686
2026-08-24,2026-09-08,DEL-BLR,SpiceJet,15,6779,1220,7999
2026-08-24,2026-09-08,DEL-BLR,SpiceJet,15,6728,1211,7939
2026-08-24,2026-09-08,DEL-BLR,SpiceJet,15,7371,1326,8697
2026-08-24,2026-08-31,DEL-BLR,SpiceJet,7,10056,1810,11866
2026-08-24,2026-08-31,DEL-BLR,SpiceJet,7,9173,1651,10824
2026-08-24,2026-08-31,DEL-BLR,SpiceJet,7,9303,1674,10977
2026-08-24,2026-08-31,DEL-BLR,SpiceJet,7,10038,1806,11844
2026-08-24,2026-08-31,DEL-BLR,SpiceJet,7,9044,1627,10671
2026-08-24,2026-08-25,DEL-BLR,SpiceJet,1,13349,2402,15751
2026-08-24,2026-08-25,DEL-BLR,SpiceJet,1,13066,2351,15417
2026-08-24,2026-08-25,DEL-BLR,SpiceJet,1,14670,2640,17310
2026-08-24,2026-08-25,DEL-BLR,SpiceJet,1,14036,2526,16562
2026-08-24,2026-08-25,DEL-BLR,SpiceJet,1,12456,2242,14698
2026-08-24,2026-10-08,BOM-BLR,IndiGo,45,3262,587,3849
2026-08-24,2026-10-08,BOM-BLR,IndiGo,45,3713,668,4381
2026-08-24,2026-10-08,BOM-BLR,IndiGo,45,3477,625,4102
2026-08-24,2026-10-08,BOM-BLR,IndiGo,45,3404,612,4016
2026-08-24,2026-10-08,BOM-BLR,IndiGo,45,4021,723,4744
2026-08-24,2026-09-23,BOM-BLR,IndiGo,30,3963,713,4676
2026-08-24,2026-09-23,BOM-BLR,IndiGo,30,3522,633,4155
2026-08-24,2026-09-23,BOM-BLR,IndiGo,30,4330,779,5109
2026-08-24,2026-09-23,BOM-BLR,IndiGo,30,3844,691,4535
2026-08-24,2026-09-23,BOM-BLR,IndiGo,30,4094,736,4830
2026-08-24,2026-09-08,BOM-BLR,IndiGo,15,4636,834,5470
2026-08-24,2026-09-08,BOM-BLR,IndiGo,15,4984,897,5881
2026-08-24,2026-09-08,BOM-BLR,IndiGo,15,4654,837,5491
2026-08-24,2026-09-08,BOM-BLR,IndiGo,15,4633,833,5466
2026-08-24,2026-09-08,BOM-BLR,IndiGo,15,4497,809,5306
2026-08-24,2026-08-31,BOM-BLR,IndiGo,7,6095,1097,7192
2026-08-24,2026-08-31,BOM-BLR,IndiGo,7,5893,1060,6953
2026-08-24,2026-08-31,BOM-BLR,IndiGo,7,5886,1059,6945
2026-08-24,2026-08-31,BOM-BLR,IndiGo,7,5769,1038,6807
2026-08-24,2026-08-31,BOM-BLR,IndiGo,7,6881,1238,8119
2026-08-24,2026-08-25,BOM-BLR,IndiGo,1,9000,1620,10620
2026-08-24,2026-08-25,BOM-BLR,IndiGo,1,9055,1629,10684
2026-08-24,2026-08-25,BOM-BLR,IndiGo,1,8810,1585,10395
2026-08-24,2026-08-25,BOM-BLR,IndiGo,1,8502,1530,10032
2026-08-24,2026-08-25,BOM-BLR,IndiGo,1,8931,1607,10538
2026-08-24,2026-10-08,BOM-BLR,Air India,45,4137,744,4881
2026-08-24,2026-10-08,BOM-BLR,Air India,45,4340,781,5121
2026-08-24,2026-10-08,BOM-BLR,Air India,45,4411,793,5204
2026-08-24,2026-10-08,BOM-BLR,Air India,45,4372,786,5158
2026-08-24,2026-10-08,BOM-BLR,Air India,45,4129,743,4872
2026-08-24,2026-09-23,BOM-BLR,Air India,30,4656,838,5494
2026-08-24,2026-09-23,BOM-BLR,Air India,30,4492,808,5300
2026-08-24,2026-09-23,BOM-BLR,Air India,30,4487,807,5294
2026-08-24,2026-09-23,BOM-BLR,Air India,30,4267,768,5035
2026-08-24,2026-09-23,BOM-BLR,Air India,30,4083,734,4817
2026-08-24,2026-09-08,BOM-BLR,Air India,15,5871,1056,6927
2026-08-24,2026-09-08,BOM-BLR,Air India,15,5650,1017,6667
2026-08-24,2026-09-08,BOM-BLR,Air India,15,5695,1025,6720
2026-08-24,2026-09-08,BOM-BLR,Air India,15,4950,891,5841
2026-08-24,2026-09-08,BOM-BLR,Air India,15,4957,892,5849
2026-08-24,2026-08-31,BOM-BLR,Air India,7,6769,1218,7987
2026-08-24,2026-08-31,BOM-BLR,Air India,7,6849,1232,8081
2026-08-24,2026-08-31,BOM-BLR,Air India,7,7358,1324,8682
2026-08-24,2026-08-31,BOM-BLR,Air India,7,7333,1319,8652
2026-08-24,2026-08-31,BOM-BLR,Air India,7,8098,1457,9555
2026-08-24,2026-08-25,BOM-BLR,Air India,1,10580,1904,12484
2026-08-24,2026-08-25,BOM-BLR,Air India,1,11695,2105,13800
2026-08-24,2026-08-25,BOM-BLR,Air India,1,10585,1905,12490
2026-08-24,2026-08-25,BOM-BLR,Air India,1,11203,2016,13219
2026-08-24,2026-08-25,BOM-BLR,Air India,1,11700,2106,13806
2026-08-24,2026-10-08,BOM-BLR,Akasa,45,3691,664,4355
2026-08-24,2026-10-08,BOM-BLR,Akasa,45,3143,565,3708
2026-08-24,2026-10-08,BOM-BLR,Akasa,45,3281,590,3871
2026-08-24,2026-10-08,BOM-BLR,Akasa,45,3180,572,3752
2026-08-24,2026-10-08,BOM-BLR,Akasa,45,3325,598,3923
2026-08-24,2026-09-23,BOM-BLR,Akasa,30,4161,748,4909
2026-08-24,2026-09-23,BOM-BLR,Akasa,30,3587,645,4232
2026-08-24,2026-09-23,BOM-BLR,Akasa,30,3636,654,4290
2026-08-24,2026-09-23,BOM-BLR,Akasa,30,3881,698,4579
2026-08-24,2026-09-23,BOM-BLR,Akasa,30,4009,721,4730
2026-08-24,2026-09-08,BOM-BLR,Akasa,15,5052,909,5961
2026-08-24,2026-09-08,BOM-BLR,Akasa,15,4298,773,5071
2026-08-24,2026-09-08,BOM-BLR,Akasa,15,4602,828,5430
2026-08-24,2026-09-08,BOM-BLR,Akasa,15,4357,784,5141
2026-08-24,2026-09-08,BOM-BLR,Akasa,15,4361,784,5145
2026-08-24,2026-08-31,BOM-BLR,Akasa,7,6025,1084,7109
2026-08-24,2026-08-31,BOM-BLR,Akasa,7,5788,1041,6829
2026-08-24,2026-08-31,BOM-BLR,Akasa,7,5648,1016,6664
2026-08-24,2026-08-31,BOM-BLR,Akasa,7,5971,1074,7045
2026-08-24,2026-08-31,BOM-BLR,Akasa,7,5805,1044,6849
2026-08-24,2026-08-25,BOM-BLR,Akasa,1,9861,1774,11635
2026-08-24,2026-08-25,BOM-BLR,Akasa,1,9100,1638,10738
2026-08-24,2026-08-25,BOM-BLR,Akasa,1,8881,1598,10479
2026-08-24,2026-08-25,BOM-BLR,Akasa,1,8268,1488,9756
2026-08-24,2026-08-25,BOM-BLR,Akasa,1,9382,1688,11070
2026-08-24,2026-10-08,BOM-BLR,SpiceJet,45,3495,629,4124
2026-08-24,2026-10-08,BOM-BLR,SpiceJet,45,2856,514,3370
2026-08-24,2026-10-08,BOM-BLR,SpiceJet,45,3480,626,4106
2026-08-24,2026-10-08,BOM-BLR,SpiceJet,45,3571,642,4213
2026-08-24,2026-10-08,BOM-BLR,SpiceJet,45,3256,586,3842
2026-08-24,2026-09-23,BOM-BLR,SpiceJet,30,3198,575,3773
2026-08-24,2026-09-23,BOM-BLR,SpiceJet,30,3201,576,3777
2026-08-24,2026-09-23,BOM-BLR,SpiceJet,30,3453,621,4074
2026-08-24,2026-09-23,BOM-BLR,SpiceJet,30,3909,703,4612
2026-08-24,2026-09-23,BOM-BLR,SpiceJet,30,3711,667,4378
2026-08-24,2026-09-08,BOM-BLR,SpiceJet,15,4432,797,5229
2026-08-24,2026-09-08,BOM-BLR,SpiceJet,15,4065,731,4796
2026-08-24,2026-09-08,BOM-BLR,SpiceJet,15,4014,722,4736
2026-08-24,2026-09-08,BOM-BLR,SpiceJet,15,4549,818,5367
2026-08-24,2026-09-08,BOM-BLR,SpiceJet,15,4233,761,4994
2026-08-24,2026-08-31,BOM-BLR,SpiceJet,7,5625,1012,6637
2026-08-24,2026-08-31,BOM-BLR,SpiceJet,7,5141,925,6066
2026-08-24,2026-08-31,BOM-BLR,SpiceJet,7,5629,1013,6642
2026-08-24,2026-08-31,BOM-BLR,SpiceJet,7,5194,934,6128
2026-08-24,2026-08-31,BOM-BLR,SpiceJet,7,6403,1152,7555
2026-08-24,2026-08-25,BOM-BLR,SpiceJet,1,9005,1620,10625
2026-08-24,2026-08-25,BOM-BLR,SpiceJet,1,8626,1552,10178
2026-08-24,2026-08-25,BOM-BLR,SpiceJet,1,9450,1701,11151
2026-08-24,2026-08-25,BOM-BLR,SpiceJet,1,9497,1709,11206
2026-08-24,2026-08-25,BOM-BLR,SpiceJet,1,8351,1503,9854
2026-08-24,2026-10-08,DEL-CCU,IndiGo,45,5464,983,6447
2026-08-24,2026-10-08,DEL-CCU,IndiGo,45,4845,872,5717
2026-08-24,2026-10-08,DEL-CCU,IndiGo,45,5324,958,6282
2026-08-24,2026-10-08,DEL-CCU,IndiGo,45,4430,797,5227
2026-08-24,2026-10-08,DEL-CCU,IndiGo,45,4367,786,5153
2026-08-24,2026-09-23,DEL-CCU,IndiGo,30,4837,870,5707
2026-08-24,2026-09-23,DEL-CCU,IndiGo,30,5942,1069,7011
2026-08-24,2026-09-23,DEL-CCU,IndiGo,30,5938,1068,7006
2026-08-24,2026-09-23,DEL-CCU,IndiGo,30,5787,1041,6828
2026-08-24,2026-09-23,DEL-CCU,IndiGo,30,5697,1025,6722
2026-08-24,2026-09-08,DEL-CCU,IndiGo,15,7094,1276,8370
2026-08-24,2026-09-08,DEL-CCU,IndiGo,15,6231,1121,7352
2026-08-24,2026-09-08,DEL-CCU,IndiGo,15,5873,1057,6930
2026-08-24,2026-09-08,DEL-CCU,IndiGo,15,6214,1118,7332
2026-08-24,2026-09-08,DEL-CCU,IndiGo,15,6642,1195,7837
2026-08-24,2026-08-31,DEL-CCU,IndiGo,7,8995,1619,10614
2026-08-24,2026-08-31,DEL-CCU,IndiGo,7,9571,1722,11293
2026-08-24,2026-08-31,DEL-CCU,IndiGo,7,9489,1708,11197
2026-08-24,2026-08-31,DEL-CCU,IndiGo,7,9614,1730,11344
2026-08-24,2026-08-31,DEL-CCU,IndiGo,7,8226,1480,9706
2026-08-24,2026-08-25,DEL-CCU,IndiGo,1,11592,2086,13678
2026-08-24,2026-08-25,DEL-CCU,IndiGo,1,13995,2519,16514
2026-08-24,2026-08-25,DEL-CCU,IndiGo,1,14350,2583,16933
2026-08-24,2026-08-25,DEL-CCU,IndiGo,1,13750,2475,16225
2026-08-24,2026-08-25,DEL-CCU,IndiGo,1,12745,2294,15039
2026-08-24,2026-10-08,DEL-CCU,Air India,45,6083,1094,7177
2026-08-24,2026-10-08,DEL-CCU,Air India,45,6300,1134,7434
2026-08-24,2026-10-08,DEL-CCU,Air India,45,5368,966,6334
2026-08-24,2026-10-08,DEL-CCU,Air India,45,5856,1054,6910
2026-08-24,2026-10-08,DEL-CCU,Air India,45,5247,944,6191
2026-08-24,2026-09-23,DEL-CCU,Air India,30,6867,1236,8103
2026-08-24,2026-09-23,DEL-CCU,Air India,30,5497,989,6486
2026-08-24,2026-09-23,DEL-CCU,Air India,30,6044,1087,7131
2026-08-24,2026-09-23,DEL-CCU,Air India,30,6555,1179,7734
2026-08-24,2026-09-23,DEL-CCU,Air India,30,6842,1231,8073
2026-08-24,2026-09-08,DEL-CCU,Air India,15,8493,1528,10021
2026-08-24,2026-09-08,DEL-CCU,Air India,15,8119,1461,9580
2026-08-24,2026-09-08,DEL-CCU,Air India,15,7536,1356,8892
2026-08-24,2026-09-08,DEL-CCU,Air India,15,7901,1422,9323
2026-08-24,2026-09-08,DEL-CCU,Air India,15,7721,1389,9110
2026-08-24,2026-08-31,DEL-CCU,Air India,7,11040,1987,13027
2026-08-24,2026-08-31,DEL-CCU,Air India,7,9656,1738,11394
2026-08-24,2026-08-31,DEL-CCU,Air India,7,11287,2031,13318
2026-08-24,2026-08-31,DEL-CCU,Air India,7,9641,1735,11376
2026-08-24,2026-08-31,DEL-CCU,Air India,7,10738,1932,12670
2026-08-24,2026-08-25,DEL-CCU,Air India,1,14930,2687,17617
2026-08-24,2026-08-25,DEL-CCU,Air India,1,14646,2636,17282
2026-08-24,2026-08-25,DEL-CCU,Air India,1,15655,2817,18472
2026-08-24,2026-08-25,DEL-CCU,Air India,1,13775,2479,16254
2026-08-24,2026-08-25,DEL-CCU,Air India,1,13940,2509,16449
2026-08-24,2026-10-08,DEL-CCU,Akasa,45,4512,812,5324
2026-08-24,2026-10-08,DEL-CCU,Akasa,45,4694,844,5538
2026-08-24,2026-10-08,DEL-CCU,Akasa,45,4104,738,4842
2026-08-24,2026-10-08,DEL-CCU,Akasa,45,5192,934,6126
2026-08-24,2026-10-08,DEL-CCU,Akasa,45,4592,826,5418
2026-08-24,2026-09-23,DEL-CCU,Akasa,30,4950,891,5841
2026-08-24,2026-09-23,DEL-CCU,Akasa,30,5052,909,5961
2026-08-24,2026-09-23,DEL-CCU,Akasa,30,5000,900,5900
2026-08-24,2026-09-23,DEL-CCU,Akasa,30,4881,878,5759
2026-08-24,2026-09-23,DEL-CCU,Akasa,30,5232,941,6173
2026-08-24,2026-09-08,DEL-CCU,Akasa,15,5680,1022,6702
2026-08-24,2026-09-08,DEL-CCU,Akasa,15,6509,1171,7680
2026-08-24,2026-09-08,DEL-CCU,Akasa,15,6773,1219,7992
2026-08-24,2026-09-08,DEL-CCU,Akasa,15,6535,1176,7711
2026-08-24,2026-09-08,DEL-CCU,Akasa,15,5871,1056,6927
2026-08-24,2026-08-31,DEL-CCU,Akasa,7,8683,1562,10245
2026-08-24,2026-08-31,DEL-CCU,Akasa,7,7855,1413,9268
2026-08-24,2026-08-31,DEL-CCU,Akasa,7,7473,1345,8818
2026-08-24,2026-08-31,DEL-CCU,Akasa,7,9132,1643,10775
2026-08-24,2026-08-31,DEL-CCU,Akasa,7,8349,1502,9851
2026-08-24,2026-08-25,DEL-CCU,Akasa,1,10985,1977,12962
2026-08-24,2026-08-25,DEL-CCU,Akasa,1,12850,2313,15163
2026-08-24,2026-08-25,DEL-CCU,Akasa,1,12037,2166,14203
2026-08-24,2026-08-25,DEL-CCU,Akasa,1,11042,1987,13029
2026-08-24,2026-08-25,DEL-CCU,Akasa,1,12443,2239,14682
2026-08-24,2026-10-08,DEL-CCU,SpiceJet,45,4363,785,5148
2026-08-24,2026-10-08,DEL-CCU,SpiceJet,45,3963,713,4676
2026-08-24,2026-10-08,DEL-CCU,SpiceJet,45,3978,716,4694
2026-08-24,2026-10-08,DEL-CCU,SpiceJet,45,4074,733,4807
2026-08-24,2026-10-08,DEL-CCU,SpiceJet,45,4666,839,5505
2026-08-24,2026-09-23,DEL-CCU,SpiceJet,30,4844,871,5715
2026-08-24,2026-09-23,DEL-CCU,SpiceJet,30,5448,980,6428
2026-08-24,2026-09-23,DEL-CCU,SpiceJet,30,5096,917,6013
2026-08-24,2026-09-23,DEL-CCU,SpiceJet,30,4741,853,5594
2026-08-24,2026-09-23,DEL-CCU,SpiceJet,30,4423,796,5219
2026-08-24,2026-09-08,DEL-CCU,SpiceJet,15,5884,1059,6943
2026-08-24,2026-09-08,DEL-CCU,SpiceJet,15,5541,997,6538
2026-08-24,2026-09-08,DEL-CCU,SpiceJet,15,6086,1095,7181
2026-08-24,2026-09-08,DEL-CCU,SpiceJet,15,5976,1075,7051
2026-08-24,2026-09-08,DEL-CCU,SpiceJet,15,5467,984,6451
2026-08-24,2026-08-31,DEL-CCU,SpiceJet,7,7279,1310,8589
2026-08-24,2026-08-31,DEL-CCU,SpiceJet,7,8316,1496,9812
2026-08-24,2026-08-31,DEL-CCU,SpiceJet,7,8666,1559,10225
2026-08-24,2026-08-31,DEL-CCU,SpiceJet,7,7167,1290,8457
2026-08-24,2026-08-31,DEL-CCU,SpiceJet,7,7726,1390,9116
2026-08-24,2026-08-25,DEL-CCU,SpiceJet,1,12635,2274,14909
2026-08-24,2026-08-25,DEL-CCU,SpiceJet,1,10861,1954,12815
2026-08-24,2026-08-25,DEL-CCU,SpiceJet,1,11986,2157,14143
2026-08-24,2026-08-25,DEL-CCU,SpiceJet,1,11126,2002,13128
2026-08-24,2026-08-25,DEL-CCU,SpiceJet,1,11160,2008,13168
2026-08-24,2026-10-08,BLR-HYD,IndiGo,45,2539,457,2996
2026-08-24,2026-10-08,BLR-HYD,IndiGo,45,2859,514,3373
2026-08-24,2026-10-08,BLR-HYD,IndiGo,45,3136,564,3700
2026-08-24,2026-10-08,BLR-HYD,IndiGo,45,2643,475,3118
2026-08-24,2026-10-08,BLR-HYD,IndiGo,45,3081,554,3635
2026-08-24,2026-09-23,BLR-HYD,IndiGo,30,3419,615,4034
2026-08-24,2026-09-23,BLR-HYD,IndiGo,30,2951,531,3482
2026-08-24,2026-09-23,BLR-HYD,IndiGo,30,2887,519,3406
2026-08-24,2026-09-23,BLR-HYD,IndiGo,30,2985,537,3522
2026-08-24,2026-09-23,BLR-HYD,IndiGo,30,3084,555,3639
2026-08-24,2026-09-08,BLR-HYD,IndiGo,15,3880,698,4578
2026-08-24,2026-09-08,BLR-HYD,IndiGo,15,3775,679,4454
2026-08-24,2026-09-08,BLR-HYD,IndiGo,15,3471,624,4095
2026-08-24,2026-09-08,BLR-HYD,IndiGo,15,3791,682,4473
2026-08-24,2026-09-08,BLR-HYD,IndiGo,15,3966,713,4679
2026-08-24,2026-08-31,BLR-HYD,IndiGo,7,5632,1013,6645
2026-08-24,2026-08-31,BLR-HYD,IndiGo,7,4832,869,5701
2026-08-24,2026-08-31,BLR-HYD,IndiGo,7,5781,1040,6821
2026-08-24,2026-08-31,BLR-HYD,IndiGo,7,5238,942,6180
2026-08-24,2026-08-31,BLR-HYD,IndiGo,7,5680,1022,6702
2026-08-24,2026-08-25,BLR-HYD,IndiGo,1,7275,1309,8584
2026-08-24,2026-08-25,BLR-HYD,IndiGo,1,8384,1509,9893
2026-08-24,2026-08-25,BLR-HYD,IndiGo,1,8196,1475,9671
2026-08-24,2026-08-25,BLR-HYD,IndiGo,1,8361,1504,9865
2026-08-24,2026-08-25,BLR-HYD,IndiGo,1,7869,1416,9285
2026-08-24,2026-10-08,BLR-HYD,Air India,45,2954,531,3485
2026-08-24,2026-10-08,BLR-HYD,Air India,45,3596,647,4243
2026-08-24,2026-10-08,BLR-HYD,Air India,45,3550,639,4189
2026-08-24,2026-10-08,BLR-HYD,Air India,45,3483,626,4109
2026-08-24,2026-10-08,BLR-HYD,Air India,45,3307,595,3902
2026-08-24,2026-09-23,BLR-HYD,Air India,30,3630,653,4283
2026-08-24,2026-09-23,BLR-HYD,Air India,30,3795,683,4478
2026-08-24,2026-09-23,BLR-HYD,Air India,30,3220,579,3799
2026-08-24,2026-09-23,BLR-HYD,Air India,30,3332,599,3931
2026-08-24,2026-09-23,BLR-HYD,Air India,30,3334,600,3934
2026-08-24,2026-09-08,BLR-HYD,Air India,15,4540,817,5357
2026-08-24,2026-09-08,BLR-HYD,Air India,15,4977,895,5872
2026-08-24,2026-09-08,BLR-HYD,Air India,15,4055,729,4784
2026-08-24,2026-09-08,BLR-HYD,Air India,15,4115,740,4855
2026-08-24,2026-09-08,BLR-HYD,Air India,15,3981,716,4697
2026-08-24,2026-08-31,BLR-HYD,Air India,7,6424,1156,7580
2026-08-24,2026-08-31,BLR-HYD,Air India,7,6552,1179,7731
2026-08-24,2026-08-31,BLR-HYD,Air India,7,5908,1063,6971
2026-08-24,2026-08-31,BLR-HYD,Air India,7,6602,1188,7790
2026-08-24,2026-08-31,BLR-HYD,Air India,7,5912,1064,6976
2026-08-24,2026-08-25,BLR-HYD,Air India,1,7816,1406,9222
2026-08-24,2026-08-25,BLR-HYD,Air India,1,9417,1695,11112
2026-08-24,2026-08-25,BLR-HYD,Air India,1,8219,1479,9698
2026-08-24,2026-08-25,BLR-HYD,Air India,1,9620,1731,11351
2026-08-24,2026-08-25,BLR-HYD,Air India,1,8723,1570,10293
2026-08-24,2026-10-08,BLR-HYD,Akasa,45,2520,453,2973
2026-08-24,2026-10-08,BLR-HYD,Akasa,45,2508,451,2959
2026-08-24,2026-10-08,BLR-HYD,Akasa,45,2968,534,3502
2026-08-24,2026-10-08,BLR-HYD,Akasa,45,3057,550,3607
2026-08-24,2026-10-08,BLR-HYD,Akasa,45,2569,462,3031
2026-08-24,2026-09-23,BLR-HYD,Akasa,30,3168,570,3738
2026-08-24,2026-09-23,BLR-HYD,Akasa,30,2810,505,3315
2026-08-24,2026-09-23,BLR-HYD,Akasa,30,3162,569,3731
2026-08-24,2026-09-23,BLR-HYD,Akasa,30,2731,491,3222
2026-08-24,2026-09-23,BLR-HYD,Akasa,30,3076,553,3629
2026-08-24,2026-09-08,BLR-HYD,Akasa,15,3661,658,4319
2026-08-24,2026-09-08,BLR-HYD,Akasa,15,3325,598,3923
2026-08-24,2026-09-08,BLR-HYD,Akasa,15,3959,712,4671
2026-08-24,2026-09-08,BLR-HYD,Akasa,15,3300,594,3894
2026-08-24,2026-09-08,BLR-HYD,Akasa,15,3545,638,4183
2026-08-24,2026-08-31,BLR-HYD,Akasa,7,4636,834,5470
2026-08-24,2026-08-31,BLR-HYD,Akasa,7,4790,862,5652
2026-08-24,2026-08-31,BLR-HYD,Akasa,7,5474,985,6459
2026-08-24,2026-08-31,BLR-HYD,Akasa,7,4751,855,5606
2026-08-24,2026-08-31,BLR-HYD,Akasa,7,5491,988,6479
2026-08-24,2026-08-25,BLR-HYD,Akasa,1,7008,1261,8269
2026-08-24,2026-08-25,BLR-HYD,Akasa,1,7991,1438,9429
2026-08-24,2026-08-25,BLR-HYD,Akasa,1,7878,1418,9296
2026-08-24,2026-08-25,BLR-HYD,Akasa,1,7363,1325,8688
2026-08-24,2026-08-25,BLR-HYD,Akasa,1,7096,1277,8373
2026-08-24,2026-10-08,BLR-HYD,SpiceJet,45,2726,490,3216
2026-08-24,2026-10-08,BLR-HYD,SpiceJet,45,2446,440,2886
2026-08-24,2026-10-08,BLR-HYD,SpiceJet,45,2733,491,3224
2026-08-24,2026-10-08,BLR-HYD,SpiceJet,45,2439,439,2878
2026-08-24,2026-10-08,BLR-HYD,SpiceJet,45,2757,496,3253
2026-08-24,2026-09-23,BLR-HYD,SpiceJet,30,2969,534,3503
2026-08-24,2026-09-23,BLR-HYD,SpiceJet,30,3073,553,3626
2026-08-24,2026-09-23,BLR-HYD,SpiceJet,30,2789,502,3291
2026-08-24,2026-09-23,BLR-HYD,SpiceJet,30,2929,527,3456
2026-08-24,2026-09-23,BLR-HYD,SpiceJet,30,3014,542,3556
2026-08-24,2026-09-08,BLR-HYD,SpiceJet,15,3588,645,4233
2026-08-24,2026-09-08,BLR-HYD,SpiceJet,15,3217,579,3796
2026-08-24,2026-09-08,BLR-HYD,SpiceJet,15,3138,564,3702
2026-08-24,2026-09-08,BLR-HYD,SpiceJet,15,3128,563,3691
2026-08-24,2026-09-08,BLR-HYD,SpiceJet,15,3379,608,3987
2026-08-24,2026-08-31,BLR-HYD,SpiceJet,7,5045,908,5953
2026-08-24,2026-08-31,BLR-HYD,SpiceJet,7,4860,874,5734
2026-08-24,2026-08-31,BLR-HYD,SpiceJet,7,4160,748,4908
2026-08-24,2026-08-31,BLR-HYD,SpiceJet,7,4321,777,5098
2026-08-24,2026-08-31,BLR-HYD,SpiceJet,7,4501,810,5311
2026-08-24,2026-08-25,BLR-HYD,SpiceJet,1,7649,1376,9025
2026-08-24,2026-08-25,BLR-HYD,SpiceJet,1,6222,1119,7341
2026-08-24,2026-08-25,BLR-HYD,SpiceJet,1,6983,1256,8239
2026-08-24,2026-08-25,BLR-HYD,SpiceJet,1,6864,1235,8099
2026-08-24,2026-08-25,BLR-HYD,SpiceJet,1,7215,1298,8513
2026-08-25,2026-10-09,DEL-BOM,IndiGo,45,4027,724,4751
2026-08-25,2026-10-09,DEL-BOM,IndiGo,45,4091,736,4827
2026-08-25,2026-10-09,DEL-BOM,IndiGo,45,4126,742,4868
2026-08-25,2026-10-09,DEL-BOM,IndiGo,45,4495,809,5304
2026-08-25,2026-10-09,DEL-BOM,IndiGo,45,4476,805,5281
2026-08-25,2026-09-24,DEL-BOM,IndiGo,30,5172,930,6102
2026-08-25,2026-09-24,DEL-BOM,IndiGo,30,4452,801,5253
2026-08-25,2026-09-24,DEL-BOM,IndiGo,30,4560,820,5380
2026-08-25,2026-09-24,DEL-BOM,IndiGo,30,4289,772,5061
2026-08-25,2026-09-24,DEL-BOM,IndiGo,30,4381,788,5169
2026-08-25,2026-09-09,DEL-BOM,IndiGo,15,5449,980,6429
2026-08-25,2026-09-09,DEL-BOM,IndiGo,15,5865,1055,6920
2026-08-25,2026-09-09,DEL-BOM,IndiGo,15,5488,987,6475
2026-08-25,2026-09-09,DEL-BOM,IndiGo,15,5987,1077,7064
2026-08-25,2026-09-09,DEL-BOM,IndiGo,15,5169,930,6099
2026-08-25,2026-09-01,DEL-BOM,IndiGo,7,8537,1536,10073
2026-08-25,2026-09-01,DEL-BOM,IndiGo,7,7731,1391,9122
2026-08-25,2026-09-01,DEL-BOM,IndiGo,7,7626,1372,8998
2026-08-25,2026-09-01,DEL-BOM,IndiGo,7,8209,1477,9686
2026-08-25,2026-09-01,DEL-BOM,IndiGo,7,7887,1419,9306
2026-08-25,2026-08-26,DEL-BOM,IndiGo,1,11063,1991,13054
2026-08-25,2026-08-26,DEL-BOM,IndiGo,1,12696,2285,14981
2026-08-25,2026-08-26,DEL-BOM,IndiGo,1,11476,2065,13541
2026-08-25,2026-08-26,DEL-BOM,IndiGo,1,12040,2167,14207
2026-08-25,2026-08-26,DEL-BOM,IndiGo,1,10804,1944,12748
2026-08-25,2026-10-09,DEL-BOM,Air India,45,4756,856,5612
2026-08-25,2026-10-09,DEL-BOM,Air India,45,4681,842,5523
2026-08-25,2026-10-09,DEL-BOM,Air India,45,5261,946,6207
2026-08-25,2026-10-09,DEL-BOM,Air India,45,4612,830,5442
2026-08-25,2026-10-09,DEL-BOM,Air India,45,5056,910,5966
2026-08-25,2026-09-24,DEL-BOM,Air India,30,5200,936,6136
2026-08-25,2026-09-24,DEL-BOM,Air India,30,5627,1012,6639
2026-08-25,2026-09-24,DEL-BOM,Air India,30,5009,901,5910
2026-08-25,2026-09-24,DEL-BOM,Air India,30,4811,865,5676
2026-08-25,2026-09-24,DEL-BOM,Air India,30,5926,1066,6992
2026-08-25,2026-09-09,DEL-BOM,Air India,15,6094,1096,7190
2026-08-25,2026-09-09,DEL-BOM,Air India,15,7353,1323,8676
2026-08-25,2026-09-09,DEL-BOM,Air India,15,6452,1161,7613
2026-08-25,2026-09-09,DEL-BOM,Air India,15,6725,1210,7935
2026-08-25,2026-09-09,DEL-BOM,Air India,15,6747,1214,7961
2026-08-25,2026-09-01,DEL-BOM,Air India,7,9101,1638,10739
2026-08-25,2026-09-01,DEL-BOM,Air India,7,8067,1452,9519
2026-08-25,2026-09-01,DEL-BOM,Air India,7,8404,1512,9916
2026-08-25,2026-09-01,DEL-BOM,Air India,7,7924,1426,9350
2026-08-25,2026-09-01,DEL-BOM,Air India,7,9269,1668,10937
2026-08-25,2026-08-26,DEL-BOM,Air India,1,14008,2521,16529
2026-08-25,2026-08-26,DEL-BOM,Air India,1,12213,2198,14411
2026-08-25,2026-08-26,DEL-BOM,Air India,1,12037,2166,14203
2026-08-25,2026-08-26,DEL-BOM,Air India,1,14375,2587,16962
2026-08-25,2026-08-26,DEL-BOM,Air India,1,14369,2586,16955
2026-08-25,2026-10-09,DEL-BOM,Akasa,45,4484,807,5291
2026-08-25,2026-10-09,DEL-BOM,Akasa,45,3791,682,4473
2026-08-25,2026-10-09,DEL-BOM,Akasa,45,3633,653,4286
2026-08-25,2026-10-09,DEL-BOM,Akasa,45,3604,648,4252
2026-08-25,2026-10-09,DEL-BOM,Akasa,45,4280,770,5050
2026-08-25,2026-09-24,DEL-BOM,Akasa,30,4267,768,5035
2026-08-25,2026-09-24,DEL-BOM,Akasa,30,4552,819,5371
2026-08-25,2026-09-24,DEL-BOM,Akasa,30,4554,819,5373
2026-08-25,2026-09-24,DEL-BOM,Akasa,30,4177,751,4928
2026-08-25,2026-09-24,DEL-BOM,Akasa,30,4579,824,5403
2026-08-25,2026-09-09,DEL-BOM,Akasa,15,6020,1083,7103
2026-08-25,2026-09-09,DEL-BOM,Akasa,15,5333,959,6292
2026-08-25,2026-09-09,DEL-BOM,Akasa,15,5576,1003,6579
2026-08-25,2026-09-09,DEL-BOM,Akasa,15,5493,988,6481
2026-08-25,2026-09-09,DEL-BOM,Akasa,15,6157,1108,7265
2026-08-25,2026-09-01,DEL-BOM,Akasa,7,7175,1291,8466
2026-08-25,2026-09-01,DEL-BOM,Akasa,7,7023,1264,8287
2026-08-25,2026-09-01,DEL-BOM,Akasa,7,7159,1288,8447
2026-08-25,2026-09-01,DEL-BOM,Akasa,7,7237,1302,8539
2026-08-25,2026-09-01,DEL-BOM,Akasa,7,8011,1441,9452
2026-08-25,2026-08-26,DEL-BOM,Akasa,1,10971,1974,12945
2026-08-25,2026-08-26,DEL-BOM,Akasa,1,11026,1984,13010
2026-08-25,2026-08-26,DEL-BOM,Akasa,1,10492,1888,12380
2026-08-25,2026-08-26,DEL-BOM,Akasa,1,9996,1799,11795
2026-08-25,2026-08-26,DEL-BOM,Akasa,1,10734,1932,12666
2026-08-25,2026-10-09,DEL-BOM,SpiceJet,45,3702,666,4368
2026-08-25,2026-10-09,DEL-BOM,SpiceJet,45,4244,763,5007
2026-08-25,2026-10-09,DEL-BOM,SpiceJet,45,4154,747,4901
2026-08-25,2026-10-09,DEL-BOM,SpiceJet,45,3428,617,4045
2026-08-25,2026-10-09,DEL-BOM,SpiceJet,45,3869,696,4565
2026-08-25,2026-09-24,DEL-BOM,SpiceJet,30,4078,734,4812
2026-08-25,2026-09-24,DEL-BOM,SpiceJet,30,3953,711,4664
2026-08-25,2026-09-24,DEL-BOM,SpiceJet,30,4539,817,5356
2026-08-25,2026-09-24,DEL-BOM,SpiceJet,30,4373,787,5160
2026-08-25,2026-09-24,DEL-BOM,SpiceJet,30,4012,722,4734
2026-08-25,2026-09-09,DEL-BOM,SpiceJet,15,4931,887,5818
2026-08-25,2026-09-09,DEL-BOM,SpiceJet,15,4968,894,5862
2026-08-25,2026-09-09,DEL-BOM,SpiceJet,15,4600,828,5428
2026-08-25,2026-09-09,DEL-BOM,SpiceJet,15,5788,1041,6829
2026-08-25,2026-09-09,DEL-BOM,SpiceJet,15,5584,1005,6589
2026-08-25,2026-09-01,DEL-BOM,SpiceJet,7,7306,1315,8621
2026-08-25,2026-09-01,DEL-BOM,SpiceJet,7,7747,1394,9141
2026-08-25,2026-09-01,DEL-BOM,SpiceJet,7,6997,1259,8256
2026-08-25,2026-09-01,DEL-BOM,SpiceJet,7,7009,1261,8270
2026-08-25,2026-09-01,DEL-BOM,SpiceJet,7,7671,1380,9051
2026-08-25,2026-08-26,DEL-BOM,SpiceJet,1,9340,1681,11021
2026-08-25,2026-08-26,DEL-BOM,SpiceJet,1,11248,2024,13272
2026-08-25,2026-08-26,DEL-BOM,SpiceJet,1,9489,1708,11197
2026-08-25,2026-08-26,DEL-BOM,SpiceJet,1,10799,1943,12742
2026-08-25,2026-08-26,DEL-BOM,SpiceJet,1,10587,1905,12492
2026-08-25,2026-10-09,DEL-BLR,IndiGo,45,5449,980,6429
2026-08-25,2026-10-09,DEL-BLR,IndiGo,45,5112,920,6032
2026-08-25,2026-10-09,DEL-BLR,IndiGo,45,5371,966,6337
2026-08-25,2026-10-09,DEL-BLR,IndiGo,45,6277,1129,7406
2026-08-25,2026-10-09,DEL-BLR,IndiGo,45,4969,894,5863
2026-08-25,2026-09-24,DEL-BLR,IndiGo,30,5479,986,6465
2026-08-25,2026-09-24,DEL-BLR,IndiGo,30,5607,1009,6616
2026-08-25,2026-09-24,DEL-BLR,IndiGo,30,5738,1032,6770
2026-08-25,2026-09-24,DEL-BLR,IndiGo,30,6840,1231,8071
2026-08-25,2026-09-24,DEL-BLR,IndiGo,30,5739,1033,6772
2026-08-25,2026-09-09,DEL-BLR,IndiGo,15,7492,1348,8840
2026-08-25,2026-09-09,DEL-BLR,IndiGo,15,7573,1363,8936
2026-08-25,2026-09-09,DEL-BLR,IndiGo,15,8487,1527,10014
2026-08-25,2026-09-09,DEL-BLR,IndiGo,15,6772,1218,7990
2026-08-25,2026-09-09,DEL-BLR,IndiGo,15,7020,1263,8283
2026-08-25,2026-09-01,DEL-BLR,IndiGo,7,10575,1903,12478
2026-08-25,2026-09-01,DEL-BLR,IndiGo,7,10814,1946,12760
2026-08-25,2026-09-01,DEL-BLR,IndiGo,7,10243,1843,12086
2026-08-25,2026-09-01,DEL-BLR,IndiGo,7,11128,2003,13131
2026-08-25,2026-09-01,DEL-BLR,IndiGo,7,10085,1815,11900
2026-08-25,2026-08-26,DEL-BLR,IndiGo,1,15909,2863,18772
2026-08-25,2026-08-26,DEL-BLR,IndiGo,1,15185,2733,17918
2026-08-25,2026-08-26,DEL-BLR,IndiGo,1,13930,2507,16437
2026-08-25,2026-08-26,DEL-BLR,IndiGo,1,13477,2425,15902
2026-08-25,2026-08-26,DEL-BLR,IndiGo,1,13699,2465,16164
2026-08-25,2026-10-09,DEL-BLR,Air India,45,6748,1214,7962
2026-08-25,2026-10-09,DEL-BLR,Air India,45,6232,1121,7353
2026-08-25,2026-10-09,DEL-BLR,Air India,45,7207,1297,8504
2026-08-25,2026-10-09,DEL-BLR,Air India,45,7169,1290,8459
2026-08-25,2026-10-09,DEL-BLR,Air India,45,7080,1274,8354
2026-08-25,2026-09-24,DEL-BLR,Air India,30,7110,1279,8389
2026-08-25,2026-09-24,DEL-BLR,Air India,30,6505,1170,7675
2026-08-25,2026-09-24,DEL-BLR,Air India,30,6272,1128,7400
2026-08-25,2026-09-24,DEL-BLR,Air India,30,6324,1138,7462
2026-08-25,2026-09-24,DEL-BLR,Air India,30,7735,1392,9127
2026-08-25,2026-09-09,DEL-BLR,Air India,15,9701,1746,11447
2026-08-25,2026-09-09,DEL-BLR,Air India,15,7837,1410,9247
2026-08-25,2026-09-09,DEL-BLR,Air India,15,8148,1466,9614
2026-08-25,2026-09-09,DEL-BLR,Air India,15,9077,1633,10710
2026-08-25,2026-09-09,DEL-BLR,Air India,15,7951,1431,9382
2026-08-25,2026-09-01,DEL-BLR,Air India,7,11997,2159,14156
2026-08-25,2026-09-01,DEL-BLR,Air India,7,11524,2074,13598
2026-08-25,2026-09-01,DEL-BLR,Air India,7,10509,1891,12400
2026-08-25,2026-09-01,DEL-BLR,Air India,7,10850,1953,12803
2026-08-25,2026-09-01,DEL-BLR,Air India,7,10900,1962,12862
2026-08-25,2026-08-26,DEL-BLR,Air India,1,16988,3057,20045
2026-08-25,2026-08-26,DEL-BLR,Air India,1,15917,2865,18782
2026-08-25,2026-08-26,DEL-BLR,Air India,1,15783,2840,18623
2026-08-25,2026-08-26,DEL-BLR,Air India,1,18643,3355,21998
2026-08-25,2026-08-26,DEL-BLR,Air India,1,15489,2788,18277
2026-08-25,2026-10-09,DEL-BLR,Akasa,45,5011,901,5912
2026-08-25,2026-10-09,DEL-BLR,Akasa,45,4826,868,5694
2026-08-25,2026-10-09,DEL-BLR,Akasa,45,5243,943,6186
2026-08-25,2026-10-09,DEL-BLR,Akasa,45,5831,1049,6880
2026-08-25,2026-10-09,DEL-BLR,Akasa,45,5763,1037,6800
2026-08-25,2026-09-24,DEL-BLR,Akasa,30,5372,966,6338
2026-08-25,2026-09-24,DEL-BLR,Akasa,30,5924,1066,6990
2026-08-25,2026-09-24,DEL-BLR,Akasa,30,5292,952,6244
2026-08-25,2026-09-24,DEL-BLR,Akasa,30,5953,1071,7024
2026-08-25,2026-09-24,DEL-BLR,Akasa,30,5864,1055,6919
2026-08-25,2026-09-09,DEL-BLR,Akasa,15,7959,1432,9391
2026-08-25,2026-09-09,DEL-BLR,Akasa,15,7963,1433,9396
2026-08-25,2026-09-09,DEL-BLR,Akasa,15,6656,1198,7854
2026-08-25,2026-09-09,DEL-BLR,Akasa,15,6999,1259,8258
2026-08-25,2026-09-09,DEL-BLR,Akasa,15,6640,1195,7835
2026-08-25,2026-09-01,DEL-BLR,Akasa,7,8948,1610,10558
2026-08-25,2026-09-01,DEL-BLR,Akasa,7,8945,1610,10555
2026-08-25,2026-09-01,DEL-BLR,Akasa,7,10313,1856,12169
2026-08-25,2026-09-01,DEL-BLR,Akasa,7,10626,1912,12538
2026-08-25,2026-09-01,DEL-BLR,Akasa,7,9907,1783,11690
2026-08-25,2026-08-26,DEL-BLR,Akasa,1,13612,2450,16062
2026-08-25,2026-08-26,DEL-BLR,Akasa,1,14381,2588,16969
2026-08-25,2026-08-26,DEL-BLR,Akasa,1,14944,2689,17633
2026-08-25,2026-08-26,DEL-BLR,Akasa,1,12644,2275,14919
2026-08-25,2026-08-26,DEL-BLR,Akasa,1,13106,2359,15465
2026-08-25,2026-10-09,DEL-BLR,SpiceJet,45,4877,877,5754
2026-08-25,2026-10-09,DEL-BLR,SpiceJet,45,4465,803,5268
2026-08-25,2026-10-09,DEL-BLR,SpiceJet,45,4714,848,5562
2026-08-25,2026-10-09,DEL-BLR,SpiceJet,45,5018,903,5921
2026-08-25,2026-10-09,DEL-BLR,SpiceJet,45,5140,925,6065
2026-08-25,2026-09-24,DEL-BLR,SpiceJet,30,5757,1036,6793
2026-08-25,2026-09-24,DEL-BLR,SpiceJet,30,5479,986,6465
2026-08-25,2026-09-24,DEL-BLR,SpiceJet,30,6139,1105,7244
2026-08-25,2026-09-24,DEL-BLR,SpiceJet,30,5561,1000,6561
2026-08-25,2026-09-24,DEL-BLR,SpiceJet,30,5195,935,6130
2026-08-25,2026-09-09,DEL-BLR,SpiceJet,15,6096,1097,7193
2026-08-25,2026-09-09,DEL-BLR,SpiceJet,15,6176,1111,7287
2026-08-25,2026-09-09,DEL-BLR,SpiceJet,15,7434,1338,8772
2026-08-25,2026-09-09,DEL-BLR,SpiceJet,15,6259,1126,7385
2026-08-25,2026-09-09,DEL-BLR,SpiceJet,15,6365,1145,7510
2026-08-25,2026-09-01,DEL-BLR,SpiceJet,7,9345,1682,11027
2026-08-25,2026-09-01,DEL-BLR,SpiceJet,7,8526,1534,10060
2026-08-25,2026-09-01,DEL-BLR,SpiceJet,7,8987,1617,10604
2026-08-25,2026-09-01,DEL-BLR,SpiceJet,7,8595,1547,10142
2026-08-25,2026-09-01,DEL-BLR,SpiceJet,7,9326,1678,11004
2026-08-25,2026-08-26,DEL-BLR,SpiceJet,1,13341,2401,15742
2026-08-25,2026-08-26,DEL-BLR,SpiceJet,1,12061,2170,14231
2026-08-25,2026-08-26,DEL-BLR,SpiceJet,1,12006,2161,14167
2026-08-25,2026-08-26,DEL-BLR,SpiceJet,1,12410,2233,14643
2026-08-25,2026-08-26,DEL-BLR,SpiceJet,1,11919,2145,14064
2026-08-25,2026-10-09,BOM-BLR,IndiGo,45,3619,651,4270
2026-08-25,2026-10-09,BOM-BLR,IndiGo,45,3365,605,3970
2026-08-25,2026-10-09,BOM-BLR,IndiGo,45,3360,604,3964
2026-08-25,2026-10-09,BOM-BLR,IndiGo,45,3353,603,3956
2026-08-25,2026-10-09,BOM-BLR,IndiGo,45,3539,637,4176
2026-08-25,2026-09-24,BOM-BLR,IndiGo,30,4216,758,4974
2026-08-25,2026-09-24,BOM-BLR,IndiGo,30,3989,718,4707
2026-08-25,2026-09-24,BOM-BLR,IndiGo,30,3725,670,4395
2026-08-25,2026-09-24,BOM-BLR,IndiGo,30,3914,704,4618
2026-08-25,2026-09-24,BOM-BLR,IndiGo,30,3793,682,4475
2026-08-25,2026-09-09,BOM-BLR,IndiGo,15,4823,868,5691
2026-08-25,2026-09-09,BOM-BLR,IndiGo,15,5283,950,6233
2026-08-25,2026-09-09,BOM-BLR,IndiGo,15,5339,961,6300
2026-08-25,2026-09-09,BOM-BLR,IndiGo,15,5034,906,5940
2026-08-25,2026-09-09,BOM-BLR,IndiGo,15,5190,934,6124
2026-08-25,2026-09-01,BOM-BLR,IndiGo,7,6330,1139,7469
2026-08-25,2026-09-01,BOM-BLR,IndiGo,7,6057,1090,7147
2026-08-25,2026-09-01,BOM-BLR,IndiGo,7,6833,1229,8062
2026-08-25,2026-09-01,BOM-BLR,IndiGo,7,6042,1087,7129
2026-08-25,2026-09-01,BOM-BLR,IndiGo,7,6680,1202,7882
2026-08-25,2026-08-26,BOM-BLR,IndiGo,1,10582,1904,12486
2026-08-25,2026-08-26,BOM-BLR,IndiGo,1,9940,1789,11729
2026-08-25,2026-08-26,BOM-BLR,IndiGo,1,8788,1581,10369
2026-08-25,2026-08-26,BOM-BLR,IndiGo,1,10414,1874,12288
2026-08-25,2026-08-26,BOM-BLR,IndiGo,1,9053,1629,10682
2026-08-25,2026-10-09,BOM-BLR,Air India,45,4082,734,4816
2026-08-25,2026-10-09,BOM-BLR,Air India,45,4016,722,4738
2026-08-25,2026-10-09,BOM-BLR,Air India,45,4519,813,5332
2026-08-25,2026-10-09,BOM-BLR,Air India,45,4059,730,4789
2026-08-25,2026-10-09,BOM-BLR,Air India,45,4155,747,4902
2026-08-25,2026-09-24,BOM-BLR,Air India,30,4800,864,5664
2026-08-25,2026-09-24,BOM-BLR,Air India,30,4861,874,5735
2026-08-25,2026-09-24,BOM-BLR,Air India,30,4873,877,5750
2026-08-25,2026-09-24,BOM-BLR,Air India,30,4663,839,5502
2026-08-25,2026-09-24,BOM-BLR,Air India,30,5012,902,5914
2026-08-25,2026-09-09,BOM-BLR,Air India,15,5667,1020,6687
2026-08-25,2026-09-09,BOM-BLR,Air India,15,6033,1085,7118
2026-08-25,2026-09-09,BOM-BLR,Air India,15,5191,934,6125
2026-08-25,2026-09-09,BOM-BLR,Air India,15,5122,921,6043
2026-08-25,2026-09-09,BOM-BLR,Air India,15,4974,895,5869
2026-08-25,2026-09-01,BOM-BLR,Air India,7,8274,1489,9763
2026-08-25,2026-09-01,BOM-BLR,Air India,7,8288,1491,9779
2026-08-25,2026-09-01,BOM-BLR,Air India,7,6876,1237,8113
2026-08-25,2026-09-01,BOM-BLR,Air India,7,6735,1212,7947
2026-08-25,2026-09-01,BOM-BLR,Air India,7,8157,1468,9625
2026-08-25,2026-08-26,BOM-BLR,Air India,1,10139,1825,11964
2026-08-25,2026-08-26,BOM-BLR,Air India,1,10142,1825,11967
2026-08-25,2026-08-26,BOM-BLR,Air India,1,9952,1791,11743
2026-08-25,2026-08-26,BOM-BLR,Air India,1,10559,1900,12459
2026-08-25,2026-08-26,BOM-BLR,Air India,1,12011,2161,14172
2026-08-25,2026-10-09,BOM-BLR,Akasa,45,3046,548,3594
2026-08-25,2026-10-09,BOM-BLR,Akasa,45,3329,599,3928
2026-08-25,2026-10-09,BOM-BLR,Akasa,45,3809,685,4494
2026-08-25,2026-10-09,BOM-BLR,Akasa,45,3297,593,3890
2026-08-25,2026-10-09,BOM-BLR,Akasa,45,3759,676,4435
2026-08-25,2026-09-24,BOM-BLR,Akasa,30,4180,752,4932
2026-08-25,2026-09-24,BOM-BLR,Akasa,30,4110,739,4849
2026-08-25,2026-09-24,BOM-BLR,Akasa,30,4172,750,4922
2026-08-25,2026-09-24,BOM-BLR,Akasa,30,3600,648,4248
2026-08-25,2026-09-24,BOM-BLR,Akasa,30,3622,651,4273
2026-08-25,2026-09-09,BOM-BLR,Akasa,15,4509,811,5320
2026-08-25,2026-09-09,BOM-BLR,Akasa,15,4651,837,5488
2026-08-25,2026-09-09,BOM-BLR,Akasa,15,4964,893,5857
2026-08-25,2026-09-09,BOM-BLR,Akasa,15,4721,849,5570
2026-08-25,2026-09-09,BOM-BLR,Akasa,15,4776,859,5635
2026-08-25,2026-09-01,BOM-BLR,Akasa,7,5801,1044,6845
2026-08-25,2026-09-01,BOM-BLR,Akasa,7,6731,1211,7942
2026-08-25,2026-09-01,BOM-BLR,Akasa,7,5764,1037,6801
2026-08-25,2026-09-01,BOM-BLR,Akasa,7,6493,1168,7661
2026-08-25,2026-09-01,BOM-BLR,Akasa,7,5435,978,6413
2026-08-25,2026-08-26,BOM-BLR,Akasa,1,9418,1695,11113
2026-08-25,2026-08-26,BOM-BLR,Akasa,1,8996,1619,10615
2026-08-25,2026-08-26,BOM-BLR,Akasa,1,8550,1539,10089
2026-08-25,2026-08-26,BOM-BLR,Akasa,1,8399,1511,9910
2026-08-25,2026-08-26,BOM-BLR,Akasa,1,9417,1695,11112
2026-08-25,2026-10-09,BOM-BLR,SpiceJet,45,3342,601,3943
2026-08-25,2026-10-09,BOM-BLR,SpiceJet,45,3537,636,4173
2026-08-25,2026-10-09,BOM-BLR,SpiceJet,45,3084,555,3639
2026-08-25,2026-10-09,BOM-BLR,SpiceJet,45,3187,573,3760
2026-08-25,2026-10-09,BOM-BLR,SpiceJet,45,3540,637,4177
2026-08-25,2026-09-24,BOM-BLR,SpiceJet,30,3925,706,4631
2026-08-25,2026-09-24,BOM-BLR,SpiceJet,30,3161,568,3729
2026-08-25,2026-09-24,BOM-BLR,SpiceJet,30,3553,639,4192
2026-08-25,2026-09-24,BOM-BLR,SpiceJet,30,3617,651,4268
2026-08-25,2026-09-24,BOM-BLR,SpiceJet,30,3278,590,3868
2026-08-25,2026-09-09,BOM-BLR,SpiceJet,15,4834,870,5704
2026-08-25,2026-09-09,BOM-BLR,SpiceJet,15,4559,820,5379
2026-08-25,2026-09-09,BOM-BLR,SpiceJet,15,4399,791,5190
2026-08-25,2026-09-09,BOM-BLR,SpiceJet,15,4007,721,4728
2026-08-25,2026-09-09,BOM-BLR,SpiceJet,15,4708,847,5555
2026-08-25,2026-09-01,BOM-BLR,SpiceJet,7,5767,1038,6805
2026-08-25,2026-09-01,BOM-BLR,SpiceJet,7,5362,965,6327
2026-08-25,2026-09-01,BOM-BLR,SpiceJet,7,6312,1136,7448
2026-08-25,2026-09-01,BOM-BLR,SpiceJet,7,5717,1029,6746
2026-08-25,2026-09-01,BOM-BLR,SpiceJet,7,5669,1020,6689
2026-08-25,2026-08-26,BOM-BLR,SpiceJet,1,8597,1547,10144
2026-08-25,2026-08-26,BOM-BLR,SpiceJet,1,8090,1456,9546
2026-08-25,2026-08-26,BOM-BLR,SpiceJet,1,8786,1581,10367
2026-08-25,2026-08-26,BOM-BLR,SpiceJet,1,9385,1689,11074
2026-08-25,2026-08-26,BOM-BLR,SpiceJet,1,7549,1358,8907
2026-08-25,2026-10-09,DEL-CCU,IndiGo,45,5316,956,6272
2026-08-25,2026-10-09,DEL-CCU,IndiGo,45,4745,854,5599
2026-08-25,2026-10-09,DEL-CCU,IndiGo,45,4376,787,5163
2026-08-25,2026-10-09,DEL-CCU,IndiGo,45,5237,942,6179
2026-08-25,2026-10-09,DEL-CCU,IndiGo,45,4939,889,5828
2026-08-25,2026-09-24,DEL-CCU,IndiGo,30,5715,1028,6743
2026-08-25,2026-09-24,DEL-CCU,IndiGo,30,5496,989,6485
2026-08-25,2026-09-24,DEL-CCU,IndiGo,30,5277,949,6226
2026-08-25,2026-09-24,DEL-CCU,IndiGo,30,5542,997,6539
2026-08-25,2026-09-24,DEL-CCU,IndiGo,30,4994,898,5892
2026-08-25,2026-09-09,DEL-CCU,IndiGo,15,7333,1319,8652
2026-08-25,2026-09-09,DEL-CCU,IndiGo,15,6542,1177,7719
2026-08-25,2026-09-09,DEL-CCU,IndiGo,15,7321,1317,8638
2026-08-25,2026-09-09,DEL-CCU,IndiGo,15,7331,1319,8650
2026-08-25,2026-09-09,DEL-CCU,IndiGo,15,7388,1329,8717
2026-08-25,2026-09-01,DEL-CCU,IndiGo,7,9358,1684,11042
2026-08-25,2026-09-01,DEL-CCU,IndiGo,7,8020,1443,9463
2026-08-25,2026-09-01,DEL-CCU,IndiGo,7,9325,1678,11003
2026-08-25,2026-09-01,DEL-CCU,IndiGo,7,9854,1773,11627
2026-08-25,2026-09-01,DEL-CCU,IndiGo,7,8255,1485,9740
2026-08-25,2026-08-26,DEL-CCU,IndiGo,1,12912,2324,15236
2026-08-25,2026-08-26,DEL-CCU,IndiGo,1,13452,2421,15873
2026-08-25,2026-08-26,DEL-CCU,IndiGo,1,12016,2162,14178
2026-08-25,2026-08-26,DEL-CCU,IndiGo,1,13204,2376,15580
2026-08-25,2026-08-26,DEL-CCU,IndiGo,1,14029,2525,16554
2026-08-25,2026-10-09,DEL-CCU,Air India,45,6334,1140,7474
2026-08-25,2026-10-09,DEL-CCU,Air India,45,5593,1006,6599
2026-08-25,2026-10-09,DEL-CCU,Air India,45,5073,913,5986
2026-08-25,2026-10-09,DEL-CCU,Air India,45,5674,1021,6695
2026-08-25,2026-10-09,DEL-CCU,Air India,45,5679,1022,6701
2026-08-25,2026-09-24,DEL-CCU,Air India,30,6561,1180,7741
2026-08-25,2026-09-24,DEL-CCU,Air India,30,6761,1216,7977
2026-08-25,2026-09-24,DEL-CCU,Air India,30,5755,1035,6790
2026-08-25,2026-09-24,DEL-CCU,Air India,30,6678,1202,7880
2026-08-25,2026-09-24,DEL-CCU,Air India,30,6534,1176,7710
2026-08-25,2026-09-09,DEL-CCU,Air India,15,8259,1486,9745
2026-08-25,2026-09-09,DEL-CCU,Air India,15,8539,1537,10076
2026-08-25,2026-09-09,DEL-CCU,Air India,15,7046,1268,8314
2026-08-25,2026-09-09,DEL-CCU,Air India,15,7773,1399,9172
2026-08-25,2026-09-09,DEL-CCU,Air India,15,6748,1214,7962
2026-08-25,2026-09-01,DEL-CCU,Air India,7,11147,2006,13153
2026-08-25,2026-09-01,DEL-CCU,Air India,7,9105,1638,10743
2026-08-25,2026-09-01,DEL-CCU,Air India,7,10054,1809,11863
2026-08-25,2026-09-01,DEL-CCU,Air India,7,9008,1621,10629
2026-08-25,2026-09-01,DEL-CCU,Air India,7,9729,1751,11480
2026-08-25,2026-08-26,DEL-CCU,Air India,1,15599,2807,18406
2026-08-25,2026-08-26,DEL-CCU,Air India,1,14799,2663,17462
2026-08-25,2026-08-26,DEL-CCU,Air India,1,15799,2843,18642
2026-08-25,2026-08-26,DEL-CCU,Air India,1,14496,2609,17105
2026-08-25,2026-08-26,DEL-CCU,Air India,1,15797,2843,18640
2026-08-25,2026-10-09,DEL-CCU,Akasa,45,4387,789,5176
2026-08-25,2026-10-09,DEL-CCU,Akasa,45,4676,841,5517
2026-08-25,2026-10-09,DEL-CCU,Akasa,45,4729,851,5580
2026-08-25,2026-10-09,DEL-CCU,Akasa,45,4853,873,5726
2026-08-25,2026-10-09,DEL-CCU,Akasa,45,5226,940,6166
2026-08-25,2026-09-24,DEL-CCU,Akasa,30,4840,871,5711
2026-08-25,2026-09-24,DEL-CCU,Akasa,30,5764,1037,6801
2026-08-25,2026-09-24,DEL-CCU,Akasa,30,4611,829,5440
2026-08-25,2026-09-24,DEL-CCU,Akasa,30,5243,943,6186
2026-08-25,2026-09-24,DEL-CCU,Akasa,30,5366,965,6331
2026-08-25,2026-09-09,DEL-CCU,Akasa,15,6964,1253,8217
2026-08-25,2026-09-09,DEL-CCU,Akasa,15,5870,1056,6926
2026-08-25,2026-09-09,DEL-CCU,Akasa,15,6444,1159,7603
2026-08-25,2026-09-09,DEL-CCU,Akasa,15,6289,1132,7421
2026-08-25,2026-09-09,DEL-CCU,Akasa,15,5605,1008,6613
2026-08-25,2026-09-01,DEL-CCU,Akasa,7,7533,1355,8888
2026-08-25,2026-09-01,DEL-CCU,Akasa,7,7729,1391,9120
2026-08-25,2026-09-01,DEL-CCU,Akasa,7,8277,1489,9766
2026-08-25,2026-09-01,DEL-CCU,Akasa,7,8911,1603,10514
2026-08-25,2026-09-01,DEL-CCU,Akasa,7,8689,1564,10253
2026-08-25,2026-08-26,DEL-CCU,Akasa,1,11540,2077,13617
2026-08-25,2026-08-26,DEL-CCU,Akasa,1,13476,2425,15901
2026-08-25,2026-08-26,DEL-CCU,Akasa,1,12597,2267,14864
2026-08-25,2026-08-26,DEL-CCU,Akasa,1,11318,2037,13355
2026-08-25,2026-08-26,DEL-CCU,Akasa,1,11390,2050,13440
2026-08-25,2026-10-09,DEL-CCU,SpiceJet,45,4081,734,4815
2026-08-25,2026-10-09,DEL-CCU,SpiceJet,45,4958,892,5850
2026-08-25,2026-10-09,DEL-CCU,SpiceJet,45,4671,840,5511
2026-08-25,2026-10-09,DEL-CCU,SpiceJet,45,4177,751,4928
2026-08-25,2026-10-09,DEL-CCU,SpiceJet,45,4308,775,5083
2026-08-25,2026-09-24,DEL-CCU,SpiceJet,30,4827,868,5695
2026-08-25,2026-09-24,DEL-CCU,SpiceJet,30,4879,878,5757
2026-08-25,2026-09-24,DEL-CCU,SpiceJet,30,4672,840,5512
2026-08-25,2026-09-24,DEL-CCU,SpiceJet,30,4535,816,5351
2026-08-25,2026-09-24,DEL-CCU,SpiceJet,30,4380,788,5168
2026-08-25,2026-09-09,DEL-CCU,SpiceJet,15,5966,1073,7039
2026-08-25,2026-09-09,DEL-CCU,SpiceJet,15,6000,1080,7080
2026-08-25,2026-09-09,DEL-CCU,SpiceJet,15,5430,977,6407
2026-08-25,2026-09-09,DEL-CCU,SpiceJet,15,6434,1158,7592
2026-08-25,2026-09-09,DEL-CCU,SpiceJet,15,6066,1091,7157
2026-08-25,2026-09-01,DEL-CCU,SpiceJet,7,7826,1408,9234
2026-08-25,2026-09-01,DEL-CCU,SpiceJet,7,7549,1358,8907
2026-08-25,2026-09-01,DEL-CCU,SpiceJet,7,7692,1384,9076
2026-08-25,2026-09-01,DEL-CCU,SpiceJet,7,7428,1337,8765
2026-08-25,2026-09-01,DEL-CCU,SpiceJet,7,8409,1513,9922
2026-08-25,2026-08-26,DEL-CCU,SpiceJet,1,11379,2048,13427
2026-08-25,2026-08-26,DEL-CCU,SpiceJet,1,11278,2030,13308
2026-08-25,2026-08-26,DEL-CCU,SpiceJet,1,13126,2362,15488
2026-08-25,2026-08-26,DEL-CCU,SpiceJet,1,11614,2090,13704
2026-08-25,2026-08-26,DEL-CCU,SpiceJet,1,12882,2318,15200
2026-08-25,2026-10-09,BLR-HYD,IndiGo,45,3147,566,3713
2026-08-25,2026-10-09,BLR-HYD,IndiGo,45,2888,519,3407
2026-08-25,2026-10-09,BLR-HYD,IndiGo,45,3201,576,3777
2026-08-25,2026-10-09,BLR-HYD,IndiGo,45,2914,524,3438
2026-08-25,2026-10-09,BLR-HYD,IndiGo,45,2611,469,3080
2026-08-25,2026-09-24,BLR-HYD,IndiGo,30,2927,526,3453
2026-08-25,2026-09-24,BLR-HYD,IndiGo,30,2970,534,3504
2026-08-25,2026-09-24,BLR-HYD,IndiGo,30,3529,635,4164
2026-08-25,2026-09-24,BLR-HYD,IndiGo,30,3514,632,4146
2026-08-25,2026-09-24,BLR-HYD,IndiGo,30,2869,516,3385
2026-08-25,2026-09-09,BLR-HYD,IndiGo,15,3736,672,4408
2026-08-25,2026-09-09,BLR-HYD,IndiGo,15,3428,617,4045
2026-08-25,2026-09-09,BLR-HYD,IndiGo,15,4118,741,4859
2026-08-25,2026-09-09,BLR-HYD,IndiGo,15,3658,658,4316
2026-08-25,2026-09-09,BLR-HYD,IndiGo,15,3792,682,4474
2026-08-25,2026-09-01,BLR-HYD,IndiGo,7,5628,1013,6641
2026-08-25,2026-09-01,BLR-HYD,IndiGo,7,5296,953,6249
2026-08-25,2026-09-01,BLR-HYD,IndiGo,7,5694,1024,6718
2026-08-25,2026-09-01,BLR-HYD,IndiGo,7,5538,996,6534
2026-08-25,2026-09-01,BLR-HYD,IndiGo,7,5001,900,5901
2026-08-25,2026-08-26,BLR-HYD,IndiGo,1,6899,1241,8140
2026-08-25,2026-08-26,BLR-HYD,IndiGo,1,7126,1282,8408
2026-08-25,2026-08-26,BLR-HYD,IndiGo,1,8029,1445,9474
2026-08-25,2026-08-26,BLR-HYD,IndiGo,1,7671,1380,9051
2026-08-25,2026-08-26,BLR-HYD,IndiGo,1,8403,1512,9915
2026-08-25,2026-10-09,BLR-HYD,Air India,45,2976,535,3511
2026-08-25,2026-10-09,BLR-HYD,Air India,45,2952,531,3483
2026-08-25,2026-10-09,BLR-HYD,Air India,45,3039,547,3586
2026-08-25,2026-10-09,BLR-HYD,Air India,45,3113,560,3673
2026-08-25,2026-10-09,BLR-HYD,Air India,45,3466,623,4089
2026-08-25,2026-09-24,BLR-HYD,Air India,30,3704,666,4370
2026-08-25,2026-09-24,BLR-HYD,Air India,30,3351,603,3954
2026-08-25,2026-09-24,BLR-HYD,Air India,30,3264,587,3851
2026-08-25,2026-09-24,BLR-HYD,Air India,30,3550,639,4189
2026-08-25,2026-09-24,BLR-HYD,Air India,30,3260,586,3846
2026-08-25,2026-09-09,BLR-HYD,Air India,15,4870,876,5746
2026-08-25,2026-09-09,BLR-HYD,Air India,15,4209,757,4966
2026-08-25,2026-09-09,BLR-HYD,Air India,15,4968,894,5862
2026-08-25,2026-09-09,BLR-HYD,Air India,15,4745,854,5599
2026-08-25,2026-09-09,BLR-HYD,Air India,15,4919,885,5804
2026-08-25,2026-09-01,BLR-HYD,Air India,7,5639,1015,6654
2026-08-25,2026-09-01,BLR-HYD,Air India,7,6111,1099,7210
2026-08-25,2026-09-01,BLR-HYD,Air India,7,5762,1037,6799
2026-08-25,2026-09-01,BLR-HYD,Air India,7,6115,1100,7215
2026-08-25,2026-09-01,BLR-HYD,Air India,7,5383,968,6351
2026-08-25,2026-08-26,BLR-HYD,Air India,1,8397,1511,9908
2026-08-25,2026-08-26,BLR-HYD,Air India,1,9811,1765,11576
2026-08-25,2026-08-26,BLR-HYD,Air India,1,8888,1599,10487
2026-08-25,2026-08-26,BLR-HYD,Air India,1,9467,1704,11171
2026-08-25,2026-08-26,BLR-HYD,Air India,1,9504,1710,11214
2026-08-25,2026-10-09,BLR-HYD,Akasa,45,2768,498,3266
2026-08-25,2026-10-09,BLR-HYD,Akasa,45,2604,468,3072
2026-08-25,2026-10-09,BLR-HYD,Akasa,45,3056,550,3606
2026-08-25,2026-10-09,BLR-HYD,Akasa,45,2820,507,3327
2026-08-25,2026-10-09,BLR-HYD,Akasa,45,2666,479,3145
2026-08-25,2026-09-24,BLR-HYD,Akasa,30,2777,499,3276
2026-08-25,2026-09-24,BLR-HYD,Akasa,30,3234,582,3816
2026-08-25,2026-09-24,BLR-HYD,Akasa,30,3331,599,3930
2026-08-25,2026-09-24,BLR-HYD,Akasa,30,3074,553,3627
2026-08-25,2026-09-24,BLR-HYD,Akasa,30,2833,509,3342
2026-08-25,2026-09-09,BLR-HYD,Akasa,15,4125,742,4867
2026-08-25,2026-09-09,BLR-HYD,Akasa,15,3731,671,4402
2026-08-25,2026-09-09,BLR-HYD,Akasa,15,3398,611,4009
2026-08-25,2026-09-09,BLR-HYD,Akasa,15,3879,698,4577
2026-08-25,2026-09-09,BLR-HYD,Akasa,15,4098,737,4835
2026-08-25,2026-09-01,BLR-HYD,Akasa,7,5496,989,6485
2026-08-25,2026-09-01,BLR-HYD,Akasa,7,4364,785,5149
2026-08-25,2026-09-01,BLR-HYD,Akasa,7,5229,941,6170
2026-08-25,2026-09-01,BLR-HYD,Akasa,7,5066,911,5977
2026-08-25,2026-09-01,BLR-HYD,Akasa,7,5310,955,6265
2026-08-25,2026-08-26,BLR-HYD,Akasa,1,6951,1251,8202
2026-08-25,2026-08-26,BLR-HYD,Akasa,1,7128,1283,8411
2026-08-25,2026-08-26,BLR-HYD,Akasa,1,7013,1262,8275
2026-08-25,2026-08-26,BLR-HYD,Akasa,1,7677,1381,9058
2026-08-25,2026-08-26,BLR-HYD,Akasa,1,7134,1284,8418
2026-08-25,2026-10-09,BLR-HYD,SpiceJet,45,2559,460,3019
2026-08-25,2026-10-09,BLR-HYD,SpiceJet,45,2288,411,2699
2026-08-25,2026-10-09,BLR-HYD,SpiceJet,45,2315,416,2731
2026-08-25,2026-10-09,BLR-HYD,SpiceJet,45,2529,455,2984
2026-08-25,2026-10-09,BLR-HYD,SpiceJet,45,2708,487,3195
2026-08-25,2026-09-24,BLR-HYD,SpiceJet,30,2824,508,3332
2026-08-25,2026-09-24,BLR-HYD,SpiceJet,30,3103,558,3661
2026-08-25,2026-09-24,BLR-HYD,SpiceJet,30,2990,538,3528
2026-08-25,2026-09-24,BLR-HYD,SpiceJet,30,2732,491,3223
2026-08-25,2026-09-24,BLR-HYD,SpiceJet,30,2732,491,3223
2026-08-25,2026-09-09,BLR-HYD,SpiceJet,15,3079,554,3633
2026-08-25,2026-09-09,BLR-HYD,SpiceJet,15,3571,642,4213
2026-08-25,2026-09-09,BLR-HYD,SpiceJet,15,3862,695,4557
2026-08-25,2026-09-09,BLR-HYD,SpiceJet,15,3447,620,4067
2026-08-25,2026-09-09,BLR-HYD,SpiceJet,15,3611,649,4260
2026-08-25,2026-09-01,BLR-HYD,SpiceJet,7,4869,876,5745
2026-08-25,2026-09-01,BLR-HYD,SpiceJet,7,4154,747,4901
2026-08-25,2026-09-01,BLR-HYD,SpiceJet,7,4930,887,5817
2026-08-25,2026-09-01,BLR-HYD,SpiceJet,7,4887,879,5766
2026-08-25,2026-09-01,BLR-HYD,SpiceJet,7,4348,782,5130
2026-08-25,2026-08-26,BLR-HYD,SpiceJet,1,7062,1271,8333
2026-08-25,2026-08-26,BLR-HYD,SpiceJet,1,6151,1107,7258
2026-08-25,2026-08-26,BLR-HYD,SpiceJet,1,6659,1198,7857
2026-08-25,2026-08-26,BLR-HYD,SpiceJet,1,7369,1326,8695
2026-08-25,2026-08-26,BLR-HYD,SpiceJet,1,6574,1183,7757
2026-08-26,2026-10-10,DEL-BOM,IndiGo,45,4559,820,5379
2026-08-26,2026-10-10,DEL-BOM,IndiGo,45,3938,708,4646
2026-08-26,2026-10-10,DEL-BOM,IndiGo,45,3902,702,4604
2026-08-26,2026-10-10,DEL-BOM,IndiGo,45,4129,743,4872
2026-08-26,2026-10-10,DEL-BOM,IndiGo,45,3799,683,4482
2026-08-26,2026-09-25,DEL-BOM,IndiGo,30,4556,820,5376
2026-08-26,2026-09-25,DEL-BOM,IndiGo,30,5180,932,6112
2026-08-26,2026-09-25,DEL-BOM,IndiGo,30,4719,849,5568
2026-08-26,2026-09-25,DEL-BOM,IndiGo,30,4794,862,5656
2026-08-26,2026-09-25,DEL-BOM,IndiGo,30,5232,941,6173
2026-08-26,2026-09-10,DEL-BOM,IndiGo,15,5269,948,6217
2026-08-26,2026-09-10,DEL-BOM,IndiGo,15,6166,1109,7275
2026-08-26,2026-09-10,DEL-BOM,IndiGo,15,6341,1141,7482
2026-08-26,2026-09-10,DEL-BOM,IndiGo,15,5469,984,6453
2026-08-26,2026-09-10,DEL-BOM,IndiGo,15,5945,1070,7015
2026-08-26,2026-09-02,DEL-BOM,IndiGo,7,7259,1306,8565
2026-08-26,2026-09-02,DEL-BOM,IndiGo,7,7342,1321,8663
2026-08-26,2026-09-02,DEL-BOM,IndiGo,7,8160,1468,9628
2026-08-26,2026-09-02,DEL-BOM,IndiGo,7,7094,1276,8370
2026-08-26,2026-09-02,DEL-BOM,IndiGo,7,7114,1280,8394
2026-08-26,2026-08-27,DEL-BOM,IndiGo,1,10918,1965,12883
2026-08-26,2026-08-27,DEL-BOM,IndiGo,1,11353,2043,13396
2026-08-26,2026-08-27,DEL-BOM,IndiGo,1,11679,2102,13781
2026-08-26,2026-08-27,DEL-BOM,IndiGo,1,10802,1944,12746
2026-08-26,2026-08-27,DEL-BOM,IndiGo,1,10307,1855,12162
2026-08-26,2026-10-10,DEL-BOM,Air India,45,4566,821,5387
2026-08-26,2026-10-10,DEL-BOM,Air India,45,5034,906,5940
2026-08-26,2026-10-10,DEL-BOM,Air India,45,5255,945,6200
2026-08-26,2026-10-10,DEL-BOM,Air India,45,4439,799,5238
2026-08-26,2026-10-10,DEL-BOM,Air India,45,4837,870,5707
2026-08-26,2026-09-25,DEL-BOM,Air India,30,4842,871,5713
2026-08-26,2026-09-25,DEL-BOM,Air India,30,4990,898,5888
2026-08-26,2026-09-25,DEL-BOM,Air India,30,5850,1053,6903
2026-08-26,2026-09-25,DEL-BOM,Air India,30,5013,902,5915
2026-08-26,2026-09-25,DEL-BOM,Air India,30,5920,1065,6985
2026-08-26,2026-09-10,DEL-BOM,Air India,15,7002,1260,8262
2026-08-26,2026-09-10,DEL-BOM,Air India,15,7066,1271,8337
2026-08-26,2026-09-10,DEL-BOM,Air India,15,7139,1285,8424
2026-08-26,2026-09-10,DEL-BOM,Air India,15,6464,1163,7627
2026-08-26,2026-09-10,DEL-BOM,Air India,15,7267,1308,8575
2026-08-26,2026-09-02,DEL-BOM,Air India,7,8890,1600,10490
2026-08-26,2026-09-02,DEL-BOM,Air India,7,9278,1670,10948
2026-08-26,2026-09-02,DEL-BOM,Air India,7,8043,1447,9490
2026-08-26,2026-09-02,DEL-BOM,Air India,7,8347,1502,9849
2026-08-26,2026-09-02,DEL-BOM,Air India,7,9493,1708,11201
2026-08-26,2026-08-27,DEL-BOM,Air India,1,13213,2378,15591
2026-08-26,2026-08-27,DEL-BOM,Air India,1,12057,2170,14227
2026-08-26,2026-08-27,DEL-BOM,Air India,1,14361,2584,16945
2026-08-26,2026-08-27,DEL-BOM,Air India,1,13974,2515,16489
2026-08-26,2026-08-27,DEL-BOM,Air India,1,11826,2128,13954
2026-08-26,2026-10-10,DEL-BOM,Akasa,45,4176,751,4927
2026-08-26,2026-10-10,DEL-BOM,Akasa,45,4179,752,4931
2026-08-26,2026-10-10,DEL-BOM,Akasa,45,4205,756,4961
2026-08-26,2026-10-10,DEL-BOM,Akasa,45,4161,748,4909
2026-08-26,2026-10-10,DEL-BOM,Akasa,45,4385,789,5174
2026-08-26,2026-09-25,DEL-BOM,Akasa,30,4812,866,5678
2026-08-26,2026-09-25,DEL-BOM,Akasa,30,4089,736,4825
2026-08-26,2026-09-25,DEL-BOM,Akasa,30,4453,801,5254
2026-08-26,2026-09-25,DEL-BOM,Akasa,30,4509,811,5320
2026-08-26,2026-09-25,DEL-BOM,Akasa,30,4806,865,5671
2026-08-26,2026-09-10,DEL-BOM,Akasa,15,6069,1092,7161
2026-08-26,2026-09-10,DEL-BOM,Akasa,15,5759,1036,6795
2026-08-26,2026-09-10,DEL-BOM,Akasa,15,5675,1021,6696
2026-08-26,2026-09-10,DEL-BOM,Akasa,15,5453,981,6434
2026-08-26,2026-09-10,DEL-BOM,Akasa,15,5510,991,6501
2026-08-26,2026-09-02,DEL-BOM,Akasa,7,7850,1413,9263
2026-08-26,2026-09-02,DEL-BOM,Akasa,7,7696,1385,9081
2026-08-26,2026-09-02,DEL-BOM,Akasa,7,8064,1451,9515
2026-08-26,2026-09-02,DEL-BOM,Akasa,7,7137,1284,8421
2026-08-26,2026-09-02,DEL-BOM,Akasa,7,7940,1429,9369
2026-08-26,2026-08-27,DEL-BOM,Akasa,1,10077,1813,11890
2026-08-26,2026-08-27,DEL-BOM,Akasa,1,11580,2084,13664
2026-08-26,2026-08-27,DEL-BOM,Akasa,1,9823,1768,11591
2026-08-26,2026-08-27,DEL-BOM,Akasa,1,9670,1740,11410
2026-08-26,2026-08-27,DEL-BOM,Akasa,1,10455,1881,12336
2026-08-26,2026-10-10,DEL-BOM,SpiceJet,45,4144,745,4889
2026-08-26,2026-10-10,DEL-BOM,SpiceJet,45,4337,780,5117
2026-08-26,2026-10-10,DEL-BOM,SpiceJet,45,3595,647,4242
2026-08-26,2026-10-10,DEL-BOM,SpiceJet,45,3653,657,4310
2026-08-26,2026-10-10,DEL-BOM,SpiceJet,45,4282,770,5052
2026-08-26,2026-09-25,DEL-BOM,SpiceJet,30,3971,714,4685
2026-08-26,2026-09-25,DEL-BOM,SpiceJet,30,4724,850,5574
2026-08-26,2026-09-25,DEL-BOM,SpiceJet,30,4116,740,4856
2026-08-26,2026-09-25,DEL-BOM,SpiceJet,30,3763,677,4440
2026-08-26,2026-09-25,DEL-BOM,SpiceJet,30,3864,695,4559
2026-08-26,2026-09-10,DEL-BOM,SpiceJet,15,5279,950,6229
2026-08-26,2026-09-10,DEL-BOM,SpiceJet,15,4740,853,5593
2026-08-26,2026-09-10,DEL-BOM,SpiceJet,15,5069,912,5981
2026-08-26,2026-09-10,DEL-BOM,SpiceJet,15,5443,979,6422
2026-08-26,2026-09-10,DEL-BOM,SpiceJet,15,4847,872,5719
2026-08-26,2026-09-02,DEL-BOM,SpiceJet,7,6183,1112,7295
2026-08-26,2026-09-02,DEL-BOM,SpiceJet,7,6644,1195,7839
2026-08-26,2026-09-02,DEL-BOM,SpiceJet,7,6540,1177,7717
2026-08-26,2026-09-02,DEL-BOM,SpiceJet,7,6453,1161,7614
2026-08-26,2026-09-02,DEL-BOM,SpiceJet,7,6790,1222,8012
2026-08-26,2026-08-27,DEL-BOM,SpiceJet,1,9275,1669,10944
2026-08-26,2026-08-27,DEL-BOM,SpiceJet,1,9233,1661,10894
2026-08-26,2026-08-27,DEL-BOM,SpiceJet,1,10287,1851,12138
2026-08-26,2026-08-27,DEL-BOM,SpiceJet,1,9179,1652,10831
2026-08-26,2026-08-27,DEL-BOM,SpiceJet,1,11269,2028,13297
2026-08-26,2026-10-10,DEL-BLR,IndiGo,45,5431,977,6408
2026-08-26,2026-10-10,DEL-BLR,IndiGo,45,5671,1020,6691
2026-08-26,2026-10-10,DEL-BLR,IndiGo,45,5127,922,6049
2026-08-26,2026-10-10,DEL-BLR,IndiGo,45,6312,1136,7448
2026-08-26,2026-10-10,DEL-BLR,IndiGo,45,5524,994,6518
2026-08-26,2026-09-25,DEL-BLR,IndiGo,30,6540,1177,7717
2026-08-26,2026-09-25,DEL-BLR,IndiGo,30,6558,1180,7738
2026-08-26,2026-09-25,DEL-BLR,IndiGo,30,6834,1230,8064
2026-08-26,2026-09-25,DEL-BLR,IndiGo,30,6525,1174,7699
2026-08-26,2026-09-25,DEL-BLR,IndiGo,30,6284,1131,7415
2026-08-26,2026-09-10,DEL-BLR,IndiGo,15,7587,1365,8952
2026-08-26,2026-09-10,DEL-BLR,IndiGo,15,8271,1488,9759
2026-08-26,2026-09-10,DEL-BLR,IndiGo,15,8476,1525,10001
2026-08-26,2026-09-10,DEL-BLR,IndiGo,15,6883,1238,8121
2026-08-26,2026-09-10,DEL-BLR,IndiGo,15,6847,1232,8079
2026-08-26,2026-09-02,DEL-BLR,IndiGo,7,11060,1990,13050
2026-08-26,2026-09-02,DEL-BLR,IndiGo,7,10681,1922,12603
2026-08-26,2026-09-02,DEL-BLR,IndiGo,7,10960,1972,12932
2026-08-26,2026-09-02,DEL-BLR,IndiGo,7,10303,1854,12157
2026-08-26,2026-09-02,DEL-BLR,IndiGo,7,10755,1935,12690
2026-08-26,2026-08-27,DEL-BLR,IndiGo,1,13608,2449,16057
2026-08-26,2026-08-27,DEL-BLR,IndiGo,1,16553,2979,19532
2026-08-26,2026-08-27,DEL-BLR,IndiGo,1,13816,2486,16302
2026-08-26,2026-08-27,DEL-BLR,IndiGo,1,16555,2979,19534
2026-08-26,2026-08-27,DEL-BLR,IndiGo,1,15558,2800,18358
2026-08-26,2026-10-10,DEL-BLR,Air India,45,7237,1302,8539
2026-08-26,2026-10-10,DEL-BLR,Air India,45,6583,1184,7767
2026-08-26,2026-10-10,DEL-BLR,Air India,45,5975,1075,7050
2026-08-26,2026-10-10,DEL-BLR,Air India,45,6367,1146,7513
2026-08-26,2026-10-10,DEL-BLR,Air India,45,5794,1042,6836
2026-08-26,2026-09-25,DEL-BLR,Air India,30,7464,1343,8807
2026-08-26,2026-09-25,DEL-BLR,Air India,30,6814,1226,8040
2026-08-26,2026-09-25,DEL-BLR,Air India,30,7046,1268,8314
2026-08-26,2026-09-25,DEL-BLR,Air India,30,6576,1183,7759
2026-08-26,2026-09-25,DEL-BLR,Air India,30,6355,1143,7498
2026-08-26,2026-09-10,DEL-BLR,Air India,15,9536,1716,11252
2026-08-26,2026-09-10,DEL-BLR,Air India,15,7896,1421,9317
2026-08-26,2026-09-10,DEL-BLR,Air India,15,8274,1489,9763
2026-08-26,2026-09-10,DEL-BLR,Air India,15,7735,1392,9127
2026-08-26,2026-09-10,DEL-BLR,Air India,15,9183,1652,10835
2026-08-26,2026-09-02,DEL-BLR,Air India,7,11118,2001,13119
2026-08-26,2026-09-02,DEL-BLR,Air India,7,10612,1910,12522
2026-08-26,2026-09-02,DEL-BLR,Air India,7,12824,2308,15132
2026-08-26,2026-09-02,DEL-BLR,Air India,7,10265,1847,12112
2026-08-26,2026-09-02,DEL-BLR,Air India,7,12065,2171,14236
2026-08-26,2026-08-27,DEL-BLR,Air India,1,18914,3404,22318
2026-08-26,2026-08-27,DEL-BLR,Air India,1,16764,3017,19781
2026-08-26,2026-08-27,DEL-BLR,Air India,1,15693,2824,18517
2026-08-26,2026-08-27,DEL-BLR,Air India,1,15362,2765,18127
2026-08-26,2026-08-27,DEL-BLR,Air India,1,15794,2842,18636
2026-08-26,2026-10-10,DEL-BLR,Akasa,45,5003,900,5903
2026-08-26,2026-10-10,DEL-BLR,Akasa,45,5625,1012,6637
2026-08-26,2026-10-10,DEL-BLR,Akasa,45,5299,953,6252
2026-08-26,2026-10-10,DEL-BLR,Akasa,45,5478,986,6464
2026-08-26,2026-10-10,DEL-BLR,Akasa,45,5381,968,6349
2026-08-26,2026-09-25,DEL-BLR,Akasa,30,6314,1136,7450
2026-08-26,2026-09-25,DEL-BLR,Akasa,30,5328,959,6287
2026-08-26,2026-09-25,DEL-BLR,Akasa,30,5718,1029,6747
2026-08-26,2026-09-25,DEL-BLR,Akasa,30,5845,1052,6897
2026-08-26,2026-09-25,DEL-BLR,Akasa,30,5625,1012,6637
2026-08-26,2026-09-10,DEL-BLR,Akasa,15,8094,1456,9550
2026-08-26,2026-09-10,DEL-BLR,Akasa,15,7669,1380,9049
2026-08-26,2026-09-10,DEL-BLR,Akasa,15,7342,1321,8663
2026-08-26,2026-09-10,DEL-BLR,Akasa,15,7034,1266,8300
2026-08-26,2026-09-10,DEL-BLR,Akasa,15,7183,1292,8475
2026-08-26,2026-09-02,DEL-BLR,Akasa,7,8771,1578,10349
2026-08-26,2026-09-02,DEL-BLR,Akasa,7,10573,1903,12476
2026-08-26,2026-09-02,DEL-BLR,Akasa,7,10782,1940,12722
2026-08-26,2026-09-02,DEL-BLR,Akasa,7,10808,1945,12753
2026-08-26,2026-09-02,DEL-BLR,Akasa,7,9797,1763,11560
2026-08-26,2026-08-27,DEL-BLR,Akasa,1,13027,2344,15371
2026-08-26,2026-08-27,DEL-BLR,Akasa,1,14790,2662,17452
2026-08-26,2026-08-27,DEL-BLR,Akasa,1,15371,2766,18137
2026-08-26,2026-08-27,DEL-BLR,Akasa,1,15054,2709,17763
2026-08-26,2026-08-27,DEL-BLR,Akasa,1,12870,2316,15186
2026-08-26,2026-10-10,DEL-BLR,SpiceJet,45,4598,827,5425
2026-08-26,2026-10-10,DEL-BLR,SpiceJet,45,4806,865,5671
2026-08-26,2026-10-10,DEL-BLR,SpiceJet,45,5044,907,5951
2026-08-26,2026-10-10,DEL-BLR,SpiceJet,45,5019,903,5922
2026-08-26,2026-10-10,DEL-BLR,SpiceJet,45,4897,881,5778
2026-08-26,2026-09-25,DEL-BLR,SpiceJet,30,6003,1080,7083
2026-08-26,2026-09-25,DEL-BLR,SpiceJet,30,5420,975,6395
2026-08-26,2026-09-25,DEL-BLR,SpiceJet,30,5711,1027,6738
2026-08-26,2026-09-25,DEL-BLR,SpiceJet,30,5875,1057,6932
2026-08-26,2026-09-25,DEL-BLR,SpiceJet,30,5711,1027,6738
2026-08-26,2026-09-10,DEL-BLR,SpiceJet,15,6898,1241,8139
2026-08-26,2026-09-10,DEL-BLR,SpiceJet,15,7503,1350,8853
2026-08-26,2026-09-10,DEL-BLR,SpiceJet,15,7566,1361,8927
2026-08-26,2026-09-10,DEL-BLR,SpiceJet,15,6562,1181,7743
2026-08-26,2026-09-10,DEL-BLR,SpiceJet,15,7221,1299,8520
2026-08-26,2026-09-02,DEL-BLR,SpiceJet,7,8632,1553,10185
2026-08-26,2026-09-02,DEL-BLR,SpiceJet,7,9301,1674,10975
2026-08-26,2026-09-02,DEL-BLR,SpiceJet,7,8091,1456,9547
2026-08-26,2026-09-02,DEL-BLR,SpiceJet,7,9881,1778,11659
2026-08-26,2026-09-02,DEL-BLR,SpiceJet,7,9311,1675,10986
2026-08-26,2026-08-27,DEL-BLR,SpiceJet,1,13603,2448,16051
2026-08-26,2026-08-27,DEL-BLR,SpiceJet,1,12907,2323,15230
2026-08-26,2026-08-27,DEL-BLR,SpiceJet,1,12836,2310,15146
2026-08-26,2026-08-27,DEL-BLR,SpiceJet,1,13246,2384,15630
2026-08-26,2026-08-27,DEL-BLR,SpiceJet,1,14876,2677,17553
2026-08-26,2026-10-10,BOM-BLR,IndiGo,45,3994,718,4712
2026-08-26,2026-10-10,BOM-BLR,IndiGo,45,3430,617,4047
2026-08-26,2026-10-10,BOM-BLR,IndiGo,45,3875,697,4572
2026-08-26,2026-10-10,BOM-BLR,IndiGo,45,3198,575,3773
2026-08-26,2026-10-10,BOM-BLR,IndiGo,45,3194,574,3768
2026-08-26,2026-09-25,BOM-BLR,IndiGo,30,3892,700,4592
2026-08-26,2026-09-25,BOM-BLR,IndiGo,30,3987,717,4704
2026-08-26,2026-09-25,BOM-BLR,IndiGo,30,4426,796,5222
2026-08-26,2026-09-25,BOM-BLR,IndiGo,30,3904,702,4606
2026-08-26,2026-09-25,BOM-BLR,IndiGo,30,3557,640,4197
2026-08-26,2026-09-10,BOM-BLR,IndiGo,15,5063,911,5974
2026-08-26,2026-09-10,BOM-BLR,IndiGo,15,5167,930,6097
2026-08-26,2026-09-10,BOM-BLR,IndiGo,15,5053,909,5962
2026-08-26,2026-09-10,BOM-BLR,IndiGo,15,4646,836,5482
2026-08-26,2026-09-10,BOM-BLR,IndiGo,15,5351,963,6314
2026-08-26,2026-09-02,BOM-BLR,IndiGo,7,6778,1220,7998
2026-08-26,2026-09-02,BOM-BLR,IndiGo,7,6730,1211,7941
2026-08-26,2026-09-02,BOM-BLR,IndiGo,7,7144,1285,8429
2026-08-26,2026-09-02,BOM-BLR,IndiGo,7,6758,1216,7974
2026-08-26,2026-09-02,BOM-BLR,IndiGo,7,6418,1155,7573
2026-08-26,2026-08-27,BOM-BLR,IndiGo,1,9110,1639,10749
2026-08-26,2026-08-27,BOM-BLR,IndiGo,1,9289,1672,10961
2026-08-26,2026-08-27,BOM-BLR,IndiGo,1,9799,1763,11562
2026-08-26,2026-08-27,BOM-BLR,IndiGo,1,8560,1540,10100
2026-08-26,2026-08-27,BOM-BLR,IndiGo,1,10167,1830,11997
2026-08-26,2026-10-10,BOM-BLR,Air India,45,4247,764,5011
2026-08-26,2026-10-10,BOM-BLR,Air India,45,4113,740,4853
2026-08-26,2026-10-10,BOM-BLR,Air India,45,3698,665,4363
2026-08-26,2026-10-10,BOM-BLR,Air India,45,3656,658,4314
2026-08-26,2026-10-10,BOM-BLR,Air India,45,4082,734,4816
2026-08-26,2026-09-25,BOM-BLR,Air India,30,4096,737,4833
2026-08-26,2026-09-25,BOM-BLR,Air India,30,4393,790,5183
2026-08-26,2026-09-25,BOM-BLR,Air India,30,5020,903,5923
2026-08-26,2026-09-25,BOM-BLR,Air India,30,4810,865,5675
2026-08-26,2026-09-25,BOM-BLR,Air India,30,3986,717,4703
2026-08-26,2026-09-10,BOM-BLR,Air India,15,5094,916,6010
2026-08-26,2026-09-10,BOM-BLR,Air India,15,4902,882,5784
2026-08-26,2026-09-10,BOM-BLR,Air India,15,5775,1039,6814
2026-08-26,2026-09-10,BOM-BLR,Air India,15,5831,1049,6880
2026-08-26,2026-09-10,BOM-BLR,Air India,15,5484,987,6471
2026-08-26,2026-09-02,BOM-BLR,Air India,7,6553,1179,7732
2026-08-26,2026-09-02,BOM-BLR,Air India,7,8003,1440,9443
2026-08-26,2026-09-02,BOM-BLR,Air India,7,6931,1247,8178
2026-08-26,2026-09-02,BOM-BLR,Air India,7,7546,1358,8904
2026-08-26,2026-09-02,BOM-BLR,Air India,7,7306,1315,8621
2026-08-26,2026-08-27,BOM-BLR,Air India,1,11870,2136,14006
2026-08-26,2026-08-27,BOM-BLR,Air India,1,9809,1765,11574
2026-08-26,2026-08-27,BOM-BLR,Air India,1,11627,2092,13719
2026-08-26,2026-08-27,BOM-BLR,Air India,1,10593,1906,12499
2026-08-26,2026-08-27,BOM-BLR,Air India,1,10132,1823,11955
2026-08-26,2026-10-10,BOM-BLR,Akasa,45,3593,646,4239
2026-08-26,2026-10-10,BOM-BLR,Akasa,45,3220,579,3799
2026-08-26,2026-10-10,BOM-BLR,Akasa,45,3697,665,4362
2026-08-26,2026-10-10,BOM-BLR,Akasa,45,3501,630,4131
2026-08-26,2026-10-10,BOM-BLR,Akasa,45,3460,622,4082
2026-08-26,2026-09-25,BOM-BLR,Akasa,30,3951,711,4662
2026-08-26,2026-09-25,BOM-BLR,Akasa,30,3387,609,3996
2026-08-26,2026-09-25,BOM-BLR,Akasa,30,3879,698,4577
2026-08-26,2026-09-25,BOM-BLR,Akasa,30,3502,630,4132
2026-08-26,2026-09-25,BOM-BLR,Akasa,30,4085,735,4820
2026-08-26,2026-09-10,BOM-BLR,Akasa,15,4604,828,5432
2026-08-26,2026-09-10,BOM-BLR,Akasa,15,4306,775,5081
2026-08-26,2026-09-10,BOM-BLR,Akasa,15,4170,750,4920
2026-08-26,2026-09-10,BOM-BLR,Akasa,15,5059,910,5969
2026-08-26,2026-09-10,BOM-BLR,Akasa,15,4844,871,5715
2026-08-26,2026-09-02,BOM-BLR,Akasa,7,6743,1213,7956
2026-08-26,2026-09-02,BOM-BLR,Akasa,7,6773,1219,7992
2026-08-26,2026-09-02,BOM-BLR,Akasa,7,6713,1208,7921
2026-08-26,2026-09-02,BOM-BLR,Akasa,7,6125,1102,7227
2026-08-26,2026-09-02,BOM-BLR,Akasa,7,6549,1178,7727
2026-08-26,2026-08-27,BOM-BLR,Akasa,1,8590,1546,10136
2026-08-26,2026-08-27,BOM-BLR,Akasa,1,9877,1777,11654
2026-08-26,2026-08-27,BOM-BLR,Akasa,1,9951,1791,11742
2026-08-26,2026-08-27,BOM-BLR,Akasa,1,9560,1720,11280
2026-08-26,2026-08-27,BOM-BLR,Akasa,1,9244,1663,10907
2026-08-26,2026-10-10,BOM-BLR,SpiceJet,45,3130,563,3693
2026-08-26,2026-10-10,BOM-BLR,SpiceJet,45,3469,624,4093
2026-08-26,2026-10-10,BOM-BLR,SpiceJet,45,3580,644,4224
2026-08-26,2026-10-10,BOM-BLR,SpiceJet,45,3319,597,3916
2026-08-26,2026-10-10,BOM-BLR,SpiceJet,45,3401,612,4013
2026-08-26,2026-09-25,BOM-BLR,SpiceJet,30,3140,565,3705
2026-08-26,2026-09-25,BOM-BLR,SpiceJet,30,3673,661,4334
2026-08-26,2026-09-25,BOM-BLR,SpiceJet,30,3908,703,4611
2026-08-26,2026-09-25,BOM-BLR,SpiceJet,30,3333,599,3932
2026-08-26,2026-09-25,BOM-BLR,SpiceJet,30,3960,712,4672
2026-08-26,2026-09-10,BOM-BLR,SpiceJet,15,4105,738,4843
2026-08-26,2026-09-10,BOM-BLR,SpiceJet,15,4585,825,5410
2026-08-26,2026-09-10,BOM-BLR,SpiceJet,15,4372,786,5158
2026-08-26,2026-09-10,BOM-BLR,SpiceJet,15,4085,735,4820
2026-08-26,2026-09-10,BOM-BLR,SpiceJet,15,4547,818,5365
2026-08-26,2026-09-02,BOM-BLR,SpiceJet,7,5438,978,6416
2026-08-26,2026-09-02,BOM-BLR,SpiceJet,7,6423,1156,7579
2026-08-26,2026-09-02,BOM-BLR,SpiceJet,7,6330,1139,7469
2026-08-26,2026-09-02,BOM-BLR,SpiceJet,7,5328,959,6287
2026-08-26,2026-09-02,BOM-BLR,SpiceJet,7,6481,1166,7647
2026-08-26,2026-08-27,BOM-BLR,SpiceJet,1,8689,1564,10253
2026-08-26,2026-08-27,BOM-BLR,SpiceJet,1,7890,1420,9310
2026-08-26,2026-08-27,BOM-BLR,SpiceJet,1,8751,1575,10326
2026-08-26,2026-08-27,BOM-BLR,SpiceJet,1,8205,1476,9681
2026-08-26,2026-08-27,BOM-BLR,SpiceJet,1,7773,1399,9172
2026-08-26,2026-10-10,DEL-CCU,IndiGo,45,4829,869,5698
2026-08-26,2026-10-10,DEL-CCU,IndiGo,45,4700,846,5546
2026-08-26,2026-10-10,DEL-CCU,IndiGo,45,5022,903,5925
2026-08-26,2026-10-10,DEL-CCU,IndiGo,45,4671,840,5511
2026-08-26,2026-10-10,DEL-CCU,IndiGo,45,4696,845,5541
2026-08-26,2026-09-25,DEL-CCU,IndiGo,30,4993,898,5891
2026-08-26,2026-09-25,DEL-CCU,IndiGo,30,5368,966,6334
2026-08-26,2026-09-25,DEL-CCU,IndiGo,30,5693,1024,6717
2026-08-26,2026-09-25,DEL-CCU,IndiGo,30,5089,916,6005
2026-08-26,2026-09-25,DEL-CCU,IndiGo,30,5718,1029,6747
2026-08-26,2026-09-10,DEL-CCU,IndiGo,15,6071,1092,7163
2026-08-26,2026-09-10,DEL-CCU,IndiGo,15,6637,1194,7831
2026-08-26,2026-09-10,DEL-CCU,IndiGo,15,5890,1060,6950
2026-08-26,2026-09-10,DEL-CCU,IndiGo,15,6111,1099,7210
2026-08-26,2026-09-10,DEL-CCU,IndiGo,15,6740,1213,7953
2026-08-26,2026-09-02,DEL-CCU,IndiGo,7,8404,1512,9916
2026-08-26,2026-09-02,DEL-CCU,IndiGo,7,8752,1575,10327
2026-08-26,2026-09-02,DEL-CCU,IndiGo,7,9810,1765,11575
2026-08-26,2026-09-02,DEL-CCU,IndiGo,7,9606,1729,11335
2026-08-26,2026-09-02,DEL-CCU,IndiGo,7,8034,1446,9480
2026-08-26,2026-08-27,DEL-CCU,IndiGo,1,13841,2491,16332
2026-08-26,2026-08-27,DEL-CCU,IndiGo,1,14600,2628,17228
2026-08-26,2026-08-27,DEL-CCU,IndiGo,1,11909,2143,14052
2026-08-26,2026-08-27,DEL-CCU,IndiGo,1,12332,2219,14551
2026-08-26,2026-08-27,DEL-CCU,IndiGo,1,13113,2360,15473
2026-08-26,2026-10-10,DEL-CCU,Air India,45,5662,1019,6681
2026-08-26,2026-10-10,DEL-CCU,Air India,45,5564,1001,6565
2026-08-26,2026-10-10,DEL-CCU,Air India,45,5849,1052,6901
2026-08-26,2026-10-10,DEL-CCU,Air India,45,5910,1063,6973
2026-08-26,2026-10-10,DEL-CCU,Air India,45,5347,962,6309
2026-08-26,2026-09-25,DEL-CCU,Air India,30,6424,1156,7580
2026-08-26,2026-09-25,DEL-CCU,Air India,30,6366,1145,7511
2026-08-26,2026-09-25,DEL-CCU,Air India,30,6864,1235,8099
2026-08-26,2026-09-25,DEL-CCU,Air India,30,6844,1231,8075
2026-08-26,2026-09-25,DEL-CCU,Air India,30,6469,1164,7633
2026-08-26,2026-09-10,DEL-CCU,Air India,15,7434,1338,8772
2026-08-26,2026-09-10,DEL-CCU,Air India,15,6756,1216,7972
2026-08-26,2026-09-10,DEL-CCU,Air India,15,7278,1310,8588
2026-08-26,2026-09-10,DEL-CCU,Air India,15,8454,1521,9975
2026-08-26,2026-09-10,DEL-CCU,Air India,15,7697,1385,9082
2026-08-26,2026-09-02,DEL-CCU,Air India,7,9449,1700,11149
2026-08-26,2026-09-02,DEL-CCU,Air India,7,11391,2050,13441
2026-08-26,2026-09-02,DEL-CCU,Air India,7,11016,1982,12998
2026-08-26,2026-09-02,DEL-CCU,Air India,7,11007,1981,12988
2026-08-26,2026-09-02,DEL-CCU,Air India,7,9228,1661,10889
2026-08-26,2026-08-27,DEL-CCU,Air India,1,16512,2972,19484
2026-08-26,2026-08-27,DEL-CCU,Air India,1,15788,2841,18629
2026-08-26,2026-08-27,DEL-CCU,Air India,1,13283,2390,15673
2026-08-26,2026-08-27,DEL-CCU,Air India,1,13706,2467,16173
2026-08-26,2026-08-27,DEL-CCU,Air India,1,14340,2581,16921
2026-08-26,2026-10-10,DEL-CCU,Akasa,45,4518,813,5331
2026-08-26,2026-10-10,DEL-CCU,Akasa,45,5233,941,6174
2026-08-26,2026-10-10,DEL-CCU,Akasa,45,5039,907,5946
2026-08-26,2026-10-10,DEL-CCU,Akasa,45,4620,831,5451
2026-08-26,2026-10-10,DEL-CCU,Akasa,45,4853,873,5726
2026-08-26,2026-09-25,DEL-CCU,Akasa,30,5230,941,6171
2026-08-26,2026-09-25,DEL-CCU,Akasa,30,5451,981,6432
2026-08-26,2026-09-25,DEL-CCU,Akasa,30,5365,965,6330
2026-08-26,2026-09-25,DEL-CCU,Akasa,30,5684,1023,6707
2026-08-26,2026-09-25,DEL-CCU,Akasa,30,5372,966,6338
2026-08-26,2026-09-10,DEL-CCU,Akasa,15,5828,1049,6877
2026-08-26,2026-09-10,DEL-CCU,Akasa,15,7076,1273,8349
2026-08-26,2026-09-10,DEL-CCU,Akasa,15,6390,1150,7540
2026-08-26,2026-09-10,DEL-CCU,Akasa,15,7042,1267,8309
2026-08-26,2026-09-10,DEL-CCU,Akasa,15,5856,1054,6910
2026-08-26,2026-09-02,DEL-CCU,Akasa,7,9056,1630,10686
2026-08-26,2026-09-02,DEL-CCU,Akasa,7,8535,1536,10071
2026-08-26,2026-09-02,DEL-CCU,Akasa,7,9013,1622,10635
2026-08-26,2026-09-02,DEL-CCU,Akasa,7,9221,1659,10880
2026-08-26,2026-09-02,DEL-CCU,Akasa,7,9158,1648,10806
2026-08-26,2026-08-27,DEL-CCU,Akasa,1,13726,2470,16196
2026-08-26,2026-08-27,DEL-CCU,Akasa,1,12081,2174,14255
2026-08-26,2026-08-27,DEL-CCU,Akasa,1,13051,2349,15400
2026-08-26,2026-08-27,DEL-CCU,Akasa,1,12083,2174,14257
2026-08-26,2026-08-27,DEL-CCU,Akasa,1,12130,2183,14313
2026-08-26,2026-10-10,DEL-CCU,SpiceJet,45,3896,701,4597
2026-08-26,2026-10-10,DEL-CCU,SpiceJet,45,4360,784,5144
2026-08-26,2026-10-10,DEL-CCU,SpiceJet,45,4631,833,5464
2026-08-26,2026-10-10,DEL-CCU,SpiceJet,45,4054,729,4783
2026-08-26,2026-10-10,DEL-CCU,SpiceJet,45,4604,828,5432
2026-08-26,2026-09-25,DEL-CCU,SpiceJet,30,4921,885,5806
2026-08-26,2026-09-25,DEL-CCU,SpiceJet,30,4737,852,5589
2026-08-26,2026-09-25,DEL-CCU,SpiceJet,30,4879,878,5757
2026-08-26,2026-09-25,DEL-CCU,SpiceJet,30,5265,947,6212
2026-08-26,2026-09-25,DEL-CCU,SpiceJet,30,5123,922,6045
2026-08-26,2026-09-10,DEL-CCU,SpiceJet,15,5304,954,6258
2026-08-26,2026-09-10,DEL-CCU,SpiceJet,15,6080,1094,7174
2026-08-26,2026-09-10,DEL-CCU,SpiceJet,15,5676,1021,6697
2026-08-26,2026-09-10,DEL-CCU,SpiceJet,15,5434,978,6412
2026-08-26,2026-09-10,DEL-CCU,SpiceJet,15,6214,1118,7332
2026-08-26,2026-09-02,DEL-CCU,SpiceJet,7,7467,1344,8811
2026-08-26,2026-09-02,DEL-CCU,SpiceJet,7,8517,1533,10050
2026-08-26,2026-09-02,DEL-CCU,SpiceJet,7,8173,1471,9644
2026-08-26,2026-09-02,DEL-CCU,SpiceJet,7,8933,1607,10540
2026-08-26,2026-09-02,DEL-CCU,SpiceJet,7,8586,1545,10131
2026-08-26,2026-08-27,DEL-CCU,SpiceJet,1,12189,2194,14383
2026-08-26,2026-08-27,DEL-CCU,SpiceJet,1,11554,2079,13633
2026-08-26,2026-08-27,DEL-CCU,SpiceJet,1,13008,2341,15349
2026-08-26,2026-08-27,DEL-CCU,SpiceJet,1,11546,2078,13624
2026-08-26,2026-08-27,DEL-CCU,SpiceJet,1,11846,2132,13978
2026-08-26,2026-10-10,BLR-HYD,IndiGo,45,2638,474,3112
2026-08-26,2026-10-10,BLR-HYD,IndiGo,45,2582,464,3046
2026-08-26,2026-10-10,BLR-HYD,IndiGo,45,2717,489,3206
2026-08-26,2026-10-10,BLR-HYD,IndiGo,45,3114,560,3674
2026-08-26,2026-10-10,BLR-HYD,IndiGo,45,3093,556,3649
2026-08-26,2026-09-25,BLR-HYD,IndiGo,30,3087,555,3642
2026-08-26,2026-09-25,BLR-HYD,IndiGo,30,2984,537,3521
2026-08-26,2026-09-25,BLR-HYD,IndiGo,30,2964,533,3497
2026-08-26,2026-09-25,BLR-HYD,IndiGo,30,3247,584,3831
2026-08-26,2026-09-25,BLR-HYD,IndiGo,30,3395,611,4006
2026-08-26,2026-09-10,BLR-HYD,IndiGo,15,3668,660,4328
2026-08-26,2026-09-10,BLR-HYD,IndiGo,15,3638,654,4292
2026-08-26,2026-09-10,BLR-HYD,IndiGo,15,3769,678,4447
2026-08-26,2026-09-10,BLR-HYD,IndiGo,15,3642,655,4297
2026-08-26,2026-09-10,BLR-HYD,IndiGo,15,4191,754,4945
2026-08-26,2026-09-02,BLR-HYD,IndiGo,7,5172,930,6102
2026-08-26,2026-09-02,BLR-HYD,IndiGo,7,5346,962,6308
2026-08-26,2026-09-02,BLR-HYD,IndiGo,7,4691,844,5535
2026-08-26,2026-09-02,BLR-HYD,IndiGo,7,5421,975,6396
2026-08-26,2026-09-02,BLR-HYD,IndiGo,7,5368,966,6334
2026-08-26,2026-08-27,BLR-HYD,IndiGo,1,7461,1342,8803
2026-08-26,2026-08-27,BLR-HYD,IndiGo,1,8063,1451,9514
2026-08-26,2026-08-27,BLR-HYD,IndiGo,1,7376,1327,8703
2026-08-26,2026-08-27,BLR-HYD,IndiGo,1,7613,1370,8983
2026-08-26,2026-08-27,BLR-HYD,IndiGo,1,6786,1221,8007
2026-08-26,2026-10-10,BLR-HYD,Air India,45,3201,576,3777
2026-08-26,2026-10-10,BLR-HYD,Air India,45,3600,648,4248
2026-08-26,2026-10-10,BLR-HYD,Air India,45,3265,587,3852
2026-08-26,2026-10-10,BLR-HYD,Air India,45,3165,569,3734
2026-08-26,2026-10-10,BLR-HYD,Air India,45,3195,575,3770
2026-08-26,2026-09-25,BLR-HYD,Air India,30,3224,580,3804
2026-08-26,2026-09-25,BLR-HYD,Air India,30,3344,601,3945
2026-08-26,2026-09-25,BLR-HYD,Air India,30,3707,667,4374
2026-08-26,2026-09-25,BLR-HYD,Air India,30,3864,695,4559
2026-08-26,2026-09-25,BLR-HYD,Air India,30,3847,692,4539
2026-08-26,2026-09-10,BLR-HYD,Air India,15,4308,775,5083
2026-08-26,2026-09-10,BLR-HYD,Air India,15,4286,771,5057
2026-08-26,2026-09-10,BLR-HYD,Air India,15,4361,784,5145
2026-08-26,2026-09-10,BLR-HYD,Air India,15,4395,791,5186
2026-08-26,2026-09-10,BLR-HYD,Air India,15,4799,863,5662
2026-08-26,2026-09-02,BLR-HYD,Air India,7,6575,1183,7758
2026-08-26,2026-09-02,BLR-HYD,Air India,7,6027,1084,7111
2026-08-26,2026-09-02,BLR-HYD,Air India,7,6236,1122,7358
2026-08-26,2026-09-02,BLR-HYD,Air India,7,6267,1128,7395
2026-08-26,2026-09-02,BLR-HYD,Air India,7,5665,1019,6684
2026-08-26,2026-08-27,BLR-HYD,Air India,1,8591,1546,10137
2026-08-26,2026-08-27,BLR-HYD,Air India,1,9284,1671,10955
2026-08-26,2026-08-27,BLR-HYD,Air India,1,8539,1537,10076
2026-08-26,2026-08-27,BLR-HYD,Air India,1,8116,1460,9576
2026-08-26,2026-08-27,BLR-HYD,Air India,1,8930,1607,10537
2026-08-26,2026-10-10,BLR-HYD,Akasa,45,2792,502,3294
2026-08-26,2026-10-10,BLR-HYD,Akasa,45,2809,505,3314
2026-08-26,2026-10-10,BLR-HYD,Akasa,45,2998,539,3537
2026-08-26,2026-10-10,BLR-HYD,Akasa,45,2906,523,3429
2026-08-26,2026-10-10,BLR-HYD,Akasa,45,2725,490,3215
2026-08-26,2026-09-25,BLR-HYD,Akasa,30,2980,536,3516
2026-08-26,2026-09-25,BLR-HYD,Akasa,30,3333,599,3932
2026-08-26,2026-09-25,BLR-HYD,Akasa,30,3066,551,3617
2026-08-26,2026-09-25,BLR-HYD,Akasa,30,2879,518,3397
2026-08-26,2026-09-25,BLR-HYD,Akasa,30,2673,481,3154
2026-08-26,2026-09-10,BLR-HYD,Akasa,15,3232,581,3813
2026-08-26,2026-09-10,BLR-HYD,Akasa,15,4113,740,4853
2026-08-26,2026-09-10,BLR-HYD,Akasa,15,3688,663,4351
2026-08-26,2026-09-10,BLR-HYD,Akasa,15,4084,735,4819
2026-08-26,2026-09-10,BLR-HYD,Akasa,15,4129,743,4872
2026-08-26,2026-09-02,BLR-HYD,Akasa,7,5026,904,5930
2026-08-26,2026-09-02,BLR-HYD,Akasa,7,4632,833,5465
2026-08-26,2026-09-02,BLR-HYD,Akasa,7,5085,915,6000
2026-08-26,2026-09-02,BLR-HYD,Akasa,7,4746,854,5600
2026-08-26,2026-09-02,BLR-HYD,Akasa,7,4368,786,5154
2026-08-26,2026-08-27,BLR-HYD,Akasa,1,7067,1272,8339
2026-08-26,2026-08-27,BLR-HYD,Akasa,1,6928,1247,8175
2026-08-26,2026-08-27,BLR-HYD,Akasa,1,7864,1415,9279
2026-08-26,2026-08-27,BLR-HYD,Akasa,1,8084,1455,9539
2026-08-26,2026-08-27,BLR-HYD,Akasa,1,6773,1219,7992
2026-08-26,2026-10-10,BLR-HYD,SpiceJet,45,2358,424,2782
2026-08-26,2026-10-10,BLR-HYD,SpiceJet,45,2356,424,2780
2026-08-26,2026-10-10,BLR-HYD,SpiceJet,45,2388,429,2817
2026-08-26,2026-10-10,BLR-HYD,SpiceJet,45,2667,480,3147
2026-08-26,2026-10-10,BLR-HYD,SpiceJet,45,2359,424,2783
2026-08-26,2026-09-25,BLR-HYD,SpiceJet,30,3159,568,3727
2026-08-26,2026-09-25,BLR-HYD,SpiceJet,30,2998,539,3537
2026-08-26,2026-09-25,BLR-HYD,SpiceJet,30,2595,467,3062
2026-08-26,2026-09-25,BLR-HYD,SpiceJet,30,2985,537,3522
2026-08-26,2026-09-25,BLR-HYD,SpiceJet,30,3150,567,3717
2026-08-26,2026-09-10,BLR-HYD,SpiceJet,15,3684,663,4347
2026-08-26,2026-09-10,BLR-HYD,SpiceJet,15,3356,604,3960
2026-08-26,2026-09-10,BLR-HYD,SpiceJet,15,3833,689,4522
2026-08-26,2026-09-10,BLR-HYD,SpiceJet,15,3547,638,4185
2026-08-26,2026-09-10,BLR-HYD,SpiceJet,15,3834,690,4524
2026-08-26,2026-09-02,BLR-HYD,SpiceJet,7,4186,753,4939
2026-08-26,2026-09-02,BLR-HYD,SpiceJet,7,4234,762,4996
2026-08-26,2026-09-02,BLR-HYD,SpiceJet,7,5127,922,6049
2026-08-26,2026-09-02,BLR-HYD,SpiceJet,7,4740,853,5593
2026-08-26,2026-09-02,BLR-HYD,SpiceJet,7,4994,898,5892
2026-08-26,2026-08-27,BLR-HYD,SpiceJet,1,6134,1104,7238
2026-08-26,2026-08-27,BLR-HYD,SpiceJet,1,6980,1256,8236
2026-08-26,2026-08-27,BLR-HYD,SpiceJet,1,7163,1289,8452
2026-08-26,2026-08-27,BLR-HYD,SpiceJet,1,6866,1235,8101
2026-08-26,2026-08-27,BLR-HYD,SpiceJet,1,6033,1085,7118
2026-08-27,2026-10-11,DEL-BOM,IndiGo,45,4293,772,5065
2026-08-27,2026-10-11,DEL-BOM,IndiGo,45,4536,816,5352
2026-08-27,2026-10-11,DEL-BOM,IndiGo,45,4547,818,5365
2026-08-27,2026-10-11,DEL-BOM,IndiGo,45,4194,754,4948
2026-08-27,2026-10-11,DEL-BOM,IndiGo,45,4414,794,5208
2026-08-27,2026-09-26,DEL-BOM,IndiGo,30,4476,805,5281
2026-08-27,2026-09-26,DEL-BOM,IndiGo,30,4323,778,5101
2026-08-27,2026-09-26,DEL-BOM,IndiGo,30,4462,803,5265
2026-08-27,2026-09-26,DEL-BOM,IndiGo,30,5009,901,5910
2026-08-27,2026-09-26,DEL-BOM,IndiGo,30,4261,766,5027
2026-08-27,2026-09-11,DEL-BOM,IndiGo,15,6197,1115,7312
2026-08-27,2026-09-11,DEL-BOM,IndiGo,15,6267,1128,7395
2026-08-27,2026-09-11,DEL-BOM,IndiGo,15,5291,952,6243
2026-08-27,2026-09-11,DEL-BOM,IndiGo,15,6500,1170,7670
2026-08-27,2026-09-11,DEL-BOM,IndiGo,15,6122,1101,7223
2026-08-27,2026-09-03,DEL-BOM,IndiGo,7,8031,1445,9476
2026-08-27,2026-09-03,DEL-BOM,IndiGo,7,7212,1298,8510
2026-08-27,2026-09-03,DEL-BOM,IndiGo,7,6811,1225,8036
2026-08-27,2026-09-03,DEL-BOM,IndiGo,7,8498,1529,10027
2026-08-27,2026-09-03,DEL-BOM,IndiGo,7,8080,1454,9534
2026-08-27,2026-08-28,DEL-BOM,IndiGo,1,12636,2274,14910
2026-08-27,2026-08-28,DEL-BOM,IndiGo,1,10621,1911,12532
2026-08-27,2026-08-28,DEL-BOM,IndiGo,1,11764,2117,13881
2026-08-27,2026-08-28,DEL-BOM,IndiGo,1,12286,2211,14497
2026-08-27,2026-08-28,DEL-BOM,IndiGo,1,11932,2147,14079
2026-08-27,2026-10-11,DEL-BOM,Air India,45,5497,989,6486
2026-08-27,2026-10-11,DEL-BOM,Air India,45,4481,806,5287
2026-08-27,2026-10-11,DEL-BOM,Air India,45,4375,787,5162
2026-08-27,2026-10-11,DEL-BOM,Air India,45,5245,944,6189
2026-08-27,2026-10-11,DEL-BOM,Air India,45,5262,947,6209
2026-08-27,2026-09-26,DEL-BOM,Air India,30,5025,904,5929
2026-08-27,2026-09-26,DEL-BOM,Air India,30,5912,1064,6976
2026-08-27,2026-09-26,DEL-BOM,Air India,30,5688,1023,6711
2026-08-27,2026-09-26,DEL-BOM,Air India,30,5651,1017,6668
2026-08-27,2026-09-26,DEL-BOM,Air India,30,5872,1056,6928
2026-08-27,2026-09-11,DEL-BOM,Air India,15,5956,1072,7028
2026-08-27,2026-09-11,DEL-BOM,Air India,15,6578,1184,7762
2026-08-27,2026-09-11,DEL-BOM,Air India,15,6896,1241,8137
2026-08-27,2026-09-11,DEL-BOM,Air India,15,7498,1349,8847
2026-08-27,2026-09-11,DEL-BOM,Air India,15,6956,1252,8208
2026-08-27,2026-09-03,DEL-BOM,Air India,7,8430,1517,9947
2026-08-27,2026-09-03,DEL-BOM,Air India,7,9695,1745,11440
2026-08-27,2026-09-03,DEL-BOM,Air India,7,7858,1414,9272
2026-08-27,2026-09-03,DEL-BOM,Air India,7,8675,1561,10236
2026-08-27,2026-09-03,DEL-BOM,Air India,7,8311,1495,9806
2026-08-27,2026-08-28,DEL-BOM,Air India,1,13621,2451,16072
2026-08-27,2026-08-28,DEL-BOM,Air India,1,12333,2219,14552
2026-08-27,2026-08-28,DEL-BOM,Air India,1,12539,2257,14796
2026-08-27,2026-08-28,DEL-BOM,Air India,1,12657,2278,14935
2026-08-27,2026-08-28,DEL-BOM,Air India,1,12393,2230,14623
2026-08-27,2026-10-11,DEL-BOM,Akasa,45,4470,804,5274
2026-08-27,2026-10-11,DEL-BOM,Akasa,45,3959,712,4671
2026-08-27,2026-10-11,DEL-BOM,Akasa,45,4433,797,5230
2026-08-27,2026-10-11,DEL-BOM,Akasa,45,3957,712,4669
2026-08-27,2026-10-11,DEL-BOM,Akasa,45,4077,733,4810
2026-08-27,2026-09-26,DEL-BOM,Akasa,30,4734,852,5586
2026-08-27,2026-09-26,DEL-BOM,Akasa,30,4168,750,4918
2026-08-27,2026-09-26,DEL-BOM,Akasa,30,4680,842,5522
2026-08-27,2026-09-26,DEL-BOM,Akasa,30,4121,741,4862
2026-08-27,2026-09-26,DEL-BOM,Akasa,30,4075,733,4808
2026-08-27,2026-09-11,DEL-BOM,Akasa,15,5960,1072,7032
2026-08-27,2026-09-11,DEL-BOM,Akasa,15,5006,901,5907
2026-08-27,2026-09-11,DEL-BOM,Akasa,15,6070,1092,7162
2026-08-27,2026-09-11,DEL-BOM,Akasa,15,4925,886,5811
2026-08-27,2026-09-11,DEL-BOM,Akasa,15,5297,953,6250
2026-08-27,2026-09-03,DEL-BOM,Akasa,7,7921,1425,9346
2026-08-27,2026-09-03,DEL-BOM,Akasa,7,6992,1258,8250
2026-08-27,2026-09-03,DEL-BOM,Akasa,7,7180,1292,8472
2026-08-27,2026-09-03,DEL-BOM,Akasa,7,7426,1336,8762
2026-08-27,2026-09-03,DEL-BOM,Akasa,7,7971,1434,9405
2026-08-27,2026-08-28,DEL-BOM,Akasa,1,10091,1816,11907
2026-08-27,2026-08-28,DEL-BOM,Akasa,1,12002,2160,14162
2026-08-27,2026-08-28,DEL-BOM,Akasa,1,10188,1833,12021
2026-08-27,2026-08-28,DEL-BOM,Akasa,1,10311,1855,12166
2026-08-27,2026-08-28,DEL-BOM,Akasa,1,10671,1920,12591
2026-08-27,2026-10-11,DEL-BOM,SpiceJet,45,4229,761,4990
2026-08-27,2026-10-11,DEL-BOM,SpiceJet,45,3658,658,4316
2026-08-27,2026-10-11,DEL-BOM,SpiceJet,45,3668,660,4328
2026-08-27,2026-10-11,DEL-BOM,SpiceJet,45,4028,725,4753
2026-08-27,2026-10-11,DEL-BOM,SpiceJet,45,3534,636,4170
2026-08-27,2026-09-26,DEL-BOM,SpiceJet,30,4665,839,5504
2026-08-27,2026-09-26,DEL-BOM,SpiceJet,30,3942,709,4651
2026-08-27,2026-09-26,DEL-BOM,SpiceJet,30,3954,711,4665
2026-08-27,2026-09-26,DEL-BOM,SpiceJet,30,4000,720,4720
2026-08-27,2026-09-26,DEL-BOM,SpiceJet,30,3792,682,4474
2026-08-27,2026-09-11,DEL-BOM,SpiceJet,15,5373,967,6340
2026-08-27,2026-09-11,DEL-BOM,SpiceJet,15,4903,882,5785
2026-08-27,2026-09-11,DEL-BOM,SpiceJet,15,4815,866,5681
2026-08-27,2026-09-11,DEL-BOM,SpiceJet,15,4806,865,5671
2026-08-27,2026-09-11,DEL-BOM,SpiceJet,15,5493,988,6481
2026-08-27,2026-09-03,DEL-BOM,SpiceJet,7,6579,1184,7763
2026-08-27,2026-09-03,DEL-BOM,SpiceJet,7,6823,1228,8051
2026-08-27,2026-09-03,DEL-BOM,SpiceJet,7,7711,1387,9098
2026-08-27,2026-09-03,DEL-BOM,SpiceJet,7,7050,1269,8319
2026-08-27,2026-09-03,DEL-BOM,SpiceJet,7,6821,1227,8048
2026-08-27,2026-08-28,DEL-BOM,SpiceJet,1,9377,1687,11064
2026-08-27,2026-08-28,DEL-BOM,SpiceJet,1,9042,1627,10669
2026-08-27,2026-08-28,DEL-BOM,SpiceJet,1,9424,1696,11120
2026-08-27,2026-08-28,DEL-BOM,SpiceJet,1,9666,1739,11405
2026-08-27,2026-08-28,DEL-BOM,SpiceJet,1,11361,2044,13405
2026-08-27,2026-10-11,DEL-BLR,IndiGo,45,6314,1136,7450
2026-08-27,2026-10-11,DEL-BLR,IndiGo,45,5537,996,6533
2026-08-27,2026-10-11,DEL-BLR,IndiGo,45,5091,916,6007
2026-08-27,2026-10-11,DEL-BLR,IndiGo,45,6147,1106,7253
2026-08-27,2026-10-11,DEL-BLR,IndiGo,45,5569,1002,6571
2026-08-27,2026-09-26,DEL-BLR,IndiGo,30,6122,1101,7223
2026-08-27,2026-09-26,DEL-BLR,IndiGo,30,6188,1113,7301
2026-08-27,2026-09-26,DEL-BLR,IndiGo,30,6230,1121,7351
2026-08-27,2026-09-26,DEL-BLR,IndiGo,30,6746,1214,7960
2026-08-27,2026-09-26,DEL-BLR,IndiGo,30,6608,1189,7797
2026-08-27,2026-09-11,DEL-BLR,IndiGo,15,8327,1498,9825
2026-08-27,2026-09-11,DEL-BLR,IndiGo,15,6805,1224,8029
2026-08-27,2026-09-11,DEL-BLR,IndiGo,15,7965,1433,9398
2026-08-27,2026-09-11,DEL-BLR,IndiGo,15,7478,1346,8824
2026-08-27,2026-09-11,DEL-BLR,IndiGo,15,8116,1460,9576
2026-08-27,2026-09-03,DEL-BLR,IndiGo,7,10257,1846,12103
2026-08-27,2026-09-03,DEL-BLR,IndiGo,7,10724,1930,12654
2026-08-27,2026-09-03,DEL-BLR,IndiGo,7,9050,1629,10679
2026-08-27,2026-09-03,DEL-BLR,IndiGo,7,10920,1965,12885
2026-08-27,2026-09-03,DEL-BLR,IndiGo,7,10502,1890,12392
2026-08-27,2026-08-28,DEL-BLR,IndiGo,1,14647,2636,17283
2026-08-27,2026-08-28,DEL-BLR,IndiGo,1,16029,2885,18914
2026-08-27,2026-08-28,DEL-BLR,IndiGo,1,15511,2791,18302
2026-08-27,2026-08-28,DEL-BLR,IndiGo,1,14112,2540,16652
2026-08-27,2026-08-28,DEL-BLR,IndiGo,1,16173,2911,19084
2026-08-27,2026-10-11,DEL-BLR,Air India,45,6984,1257,8241
2026-08-27,2026-10-11,DEL-BLR,Air India,45,7034,1266,8300
2026-08-27,2026-10-11,DEL-BLR,Air India,45,6716,1208,7924
2026-08-27,2026-10-11,DEL-BLR,Air India,45,6085,1095,7180
2026-08-27,2026-10-11,DEL-BLR,Air India,45,6756,1216,7972
2026-08-27,2026-09-26,DEL-BLR,Air India,30,6486,1167,7653
2026-08-27,2026-09-26,DEL-BLR,Air India,30,6715,1208,7923
2026-08-27,2026-09-26,DEL-BLR,Air India,30,7710,1387,9097
2026-08-27,2026-09-26,DEL-BLR,Air India,30,7331,1319,8650
2026-08-27,2026-09-26,DEL-BLR,Air India,30,7823,1408,9231
2026-08-27,2026-09-11,DEL-BLR,Air India,15,8187,1473,9660
2026-08-27,2026-09-11,DEL-BLR,Air India,15,9796,1763,11559
2026-08-27,2026-09-11,DEL-BLR,Air India,15,9416,1694,11110
2026-08-27,2026-09-11,DEL-BLR,Air India,15,8656,1558,10214
2026-08-27,2026-09-11,DEL-BLR,Air India,15,9728,1751,11479
2026-08-27,2026-09-03,DEL-BLR,Air India,7,10293,1852,12145
2026-08-27,2026-09-03,DEL-BLR,Air India,7,11296,2033,13329
2026-08-27,2026-09-03,DEL-BLR,Air India,7,12690,2284,14974
2026-08-27,2026-09-03,DEL-BLR,Air India,7,12552,2259,14811
2026-08-27,2026-09-03,DEL-BLR,Air India,7,11532,2075,13607
2026-08-27,2026-08-28,DEL-BLR,Air India,1,16856,3034,19890
2026-08-27,2026-08-28,DEL-BLR,Air India,1,16868,3036,19904
2026-08-27,2026-08-28,DEL-BLR,Air India,1,17685,3183,20868
2026-08-27,2026-08-28,DEL-BLR,Air India,1,17503,3150,20653
2026-08-27,2026-08-28,DEL-BLR,Air India,1,18983,3416,22399
2026-08-27,2026-10-11,DEL-BLR,Akasa,45,4717,849,5566
2026-08-27,2026-10-11,DEL-BLR,Akasa,45,5973,1075,7048
2026-08-27,2026-10-11,DEL-BLR,Akasa,45,5347,962,6309
2026-08-27,2026-10-11,DEL-BLR,Akasa,45,4736,852,5588
2026-08-27,2026-10-11,DEL-BLR,Akasa,45,5998,1079,7077
2026-08-27,2026-09-26,DEL-BLR,Akasa,30,5773,1039,6812
2026-08-27,2026-09-26,DEL-BLR,Akasa,30,5928,1067,6995
2026-08-27,2026-09-26,DEL-BLR,Akasa,30,6135,1104,7239
2026-08-27,2026-09-26,DEL-BLR,Akasa,30,6138,1104,7242
2026-08-27,2026-09-26,DEL-BLR,Akasa,30,5600,1008,6608
2026-08-27,2026-09-11,DEL-BLR,Akasa,15,7228,1301,8529
2026-08-27,2026-09-11,DEL-BLR,Akasa,15,6992,1258,8250
2026-08-27,2026-09-11,DEL-BLR,Akasa,15,6484,1167,7651
2026-08-27,2026-09-11,DEL-BLR,Akasa,15,6544,1177,7721
2026-08-27,2026-09-11,DEL-BLR,Akasa,15,7675,1381,9056
2026-08-27,2026-09-03,DEL-BLR,Akasa,7,10632,1913,12545
2026-08-27,2026-09-03,DEL-BLR,Akasa,7,10306,1855,12161
2026-08-27,2026-09-03,DEL-BLR,Akasa,7,9824,1768,11592
2026-08-27,2026-09-03,DEL-BLR,Akasa,7,10585,1905,12490
2026-08-27,2026-09-03,DEL-BLR,Akasa,7,10352,1863,12215
2026-08-27,2026-08-28,DEL-BLR,Akasa,1,14378,2588,16966
2026-08-27,2026-08-28,DEL-BLR,Akasa,1,15419,2775,18194
2026-08-27,2026-08-28,DEL-BLR,Akasa,1,15576,2803,18379
2026-08-27,2026-08-28,DEL-BLR,Akasa,1,13619,2451,16070
2026-08-27,2026-08-28,DEL-BLR,Akasa,1,13210,2377,15587
2026-08-27,2026-10-11,DEL-BLR,SpiceJet,45,5427,976,6403
2026-08-27,2026-10-11,DEL-BLR,SpiceJet,45,4719,849,5568
2026-08-27,2026-10-11,DEL-BLR,SpiceJet,45,5080,914,5994
2026-08-27,2026-10-11,DEL-BLR,SpiceJet,45,5029,905,5934
2026-08-27,2026-10-11,DEL-BLR,SpiceJet,45,5484,987,6471
2026-08-27,2026-09-26,DEL-BLR,SpiceJet,30,6003,1080,7083
2026-08-27,2026-09-26,DEL-BLR,SpiceJet,30,5229,941,6170
2026-08-27,2026-09-26,DEL-BLR,SpiceJet,30,5908,1063,6971
2026-08-27,2026-09-26,DEL-BLR,SpiceJet,30,5510,991,6501
2026-08-27,2026-09-26,DEL-BLR,SpiceJet,30,5988,1077,7065
2026-08-27,2026-09-11,DEL-BLR,SpiceJet,15,6236,1122,7358
2026-08-27,2026-09-11,DEL-BLR,SpiceJet,15,7193,1294,8487
2026-08-27,2026-09-11,DEL-BLR,SpiceJet,15,7582,1364,8946
2026-08-27,2026-09-11,DEL-BLR,SpiceJet,15,7273,1309,8582
2026-08-27,2026-09-11,DEL-BLR,SpiceJet,15,7166,1289,8455
2026-08-27,2026-09-03,DEL-BLR,SpiceJet,7,9320,1677,10997
2026-08-27,2026-09-03,DEL-BLR,SpiceJet,7,9650,1737,11387
2026-08-27,2026-09-03,DEL-BLR,SpiceJet,7,8043,1447,9490
2026-08-27,2026-09-03,DEL-BLR,SpiceJet,7,10006,1801,11807
2026-08-27,2026-09-03,DEL-BLR,SpiceJet,7,9285,1671,10956
2026-08-27,2026-08-28,DEL-BLR,SpiceJet,1,12325,2218,14543
2026-08-27,2026-08-28,DEL-BLR,SpiceJet,1,13649,2456,16105
2026-08-27,2026-08-28,DEL-BLR,SpiceJet,1,14671,2640,17311
2026-08-27,2026-08-28,DEL-BLR,SpiceJet,1,11866,2135,14001
2026-08-27,2026-08-28,DEL-BLR,SpiceJet,1,12031,2165,14196
2026-08-27,2026-10-11,BOM-BLR,IndiGo,45,3461,622,4083
2026-08-27,2026-10-11,BOM-BLR,IndiGo,45,3603,648,4251
2026-08-27,2026-10-11,BOM-BLR,IndiGo,45,3274,589,3863
2026-08-27,2026-10-11,BOM-BLR,IndiGo,45,3262,587,3849
2026-08-27,2026-10-11,BOM-BLR,IndiGo,45,3402,612,4014
2026-08-27,2026-09-26,BOM-BLR,IndiGo,30,4406,793,5199
2026-08-27,2026-09-26,BOM-BLR,IndiGo,30,4105,738,4843
2026-08-27,2026-09-26,BOM-BLR,IndiGo,30,3773,679,4452
2026-08-27,2026-09-26,BOM-BLR,IndiGo,30,3631,653,4284
2026-08-27,2026-09-26,BOM-BLR,IndiGo,30,4303,774,5077
2026-08-27,2026-09-11,BOM-BLR,IndiGo,15,4790,862,5652
2026-08-27,2026-09-11,BOM-BLR,IndiGo,15,4764,857,5621
2026-08-27,2026-09-11,BOM-BLR,IndiGo,15,4578,824,5402
2026-08-27,2026-09-11,BOM-BLR,IndiGo,15,4650,837,5487
2026-08-27,2026-09-11,BOM-BLR,IndiGo,15,5348,962,6310
2026-08-27,2026-09-03,BOM-BLR,IndiGo,7,6981,1256,8237
2026-08-27,2026-09-03,BOM-BLR,IndiGo,7,6967,1254,8221
2026-08-27,2026-09-03,BOM-BLR,IndiGo,7,5830,1049,6879
2026-08-27,2026-09-03,BOM-BLR,IndiGo,7,6623,1192,7815
2026-08-27,2026-09-03,BOM-BLR,IndiGo,7,6505,1170,7675
2026-08-27,2026-08-28,BOM-BLR,IndiGo,1,9099,1637,10736
2026-08-27,2026-08-28,BOM-BLR,IndiGo,1,9957,1792,11749
2026-08-27,2026-08-28,BOM-BLR,IndiGo,1,9074,1633,10707
2026-08-27,2026-08-28,BOM-BLR,IndiGo,1,8650,1557,10207
2026-08-27,2026-08-28,BOM-BLR,IndiGo,1,10305,1854,12159
2026-08-27,2026-10-11,BOM-BLR,Air India,45,3743,673,4416
2026-08-27,2026-10-11,BOM-BLR,Air India,45,4239,763,5002
2026-08-27,2026-10-11,BOM-BLR,Air India,45,4265,767,5032
2026-08-27,2026-10-11,BOM-BLR,Air India,45,4414,794,5208
2026-08-27,2026-10-11,BOM-BLR,Air India,45,3717,669,4386
2026-08-27,2026-09-26,BOM-BLR,Air India,30,4983,896,5879
2026-08-27,2026-09-26,BOM-BLR,Air India,30,4165,749,4914
2026-08-27,2026-09-26,BOM-BLR,Air India,30,4324,778,5102
2026-08-27,2026-09-26,BOM-BLR,Air India,30,4775,859,5634
2026-08-27,2026-09-26,BOM-BLR,Air India,30,3991,718,4709
2026-08-27,2026-09-11,BOM-BLR,Air India,15,5466,983,6449
2026-08-27,2026-09-11,BOM-BLR,Air India,15,5208,937,6145
2026-08-27,2026-09-11,BOM-BLR,Air India,15,5434,978,6412
2026-08-27,2026-09-11,BOM-BLR,Air India,15,4992,898,5890
2026-08-27,2026-09-11,BOM-BLR,Air India,15,5030,905,5935
2026-08-27,2026-09-03,BOM-BLR,Air India,7,8032,1445,9477
2026-08-27,2026-09-03,BOM-BLR,Air India,7,7998,1439,9437
2026-08-27,2026-09-03,BOM-BLR,Air India,7,6980,1256,8236
2026-08-27,2026-09-03,BOM-BLR,Air India,7,6612,1190,7802
2026-08-27,2026-09-03,BOM-BLR,Air India,7,8109,1459,9568
2026-08-27,2026-08-28,BOM-BLR,Air India,1,10704,1926,12630
2026-08-27,2026-08-28,BOM-BLR,Air India,1,11714,2108,13822
2026-08-27,2026-08-28,BOM-BLR,Air India,1,11324,2038,13362
2026-08-27,2026-08-28,BOM-BLR,Air India,1,11958,2152,14110
2026-08-27,2026-08-28,BOM-BLR,Air India,1,11353,2043,13396
2026-08-27,2026-10-11,BOM-BLR,Akasa,45,3652,657,4309
2026-08-27,2026-10-11,BOM-BLR,Akasa,45,3091,556,3647
2026-08-27,2026-10-11,BOM-BLR,Akasa,45,3768,678,4446
2026-08-27,2026-10-11,BOM-BLR,Akasa,45,3132,563,3695
2026-08-27,2026-10-11,BOM-BLR,Akasa,45,3382,608,3990
2026-08-27,2026-09-26,BOM-BLR,Akasa,30,3384,609,3993
2026-08-27,2026-09-26,BOM-BLR,Akasa,30,3473,625,4098
2026-08-27,2026-09-26,BOM-BLR,Akasa,30,4120,741,4861
2026-08-27,2026-09-26,BOM-BLR,Akasa,30,3872,696,4568
2026-08-27,2026-09-26,BOM-BLR,Akasa,30,3308,595,3903
2026-08-27,2026-09-11,BOM-BLR,Akasa,15,4137,744,4881
2026-08-27,2026-09-11,BOM-BLR,Akasa,15,4424,796,5220
2026-08-27,2026-09-11,BOM-BLR,Akasa,15,4786,861,5647
2026-08-27,2026-09-11,BOM-BLR,Akasa,15,4851,873,5724
2026-08-27,2026-09-11,BOM-BLR,Akasa,15,4150,747,4897
2026-08-27,2026-09-03,BOM-BLR,Akasa,7,6004,1080,7084
2026-08-27,2026-09-03,BOM-BLR,Akasa,7,5433,977,6410
2026-08-27,2026-09-03,BOM-BLR,Akasa,7,6635,1194,7829
2026-08-27,2026-09-03,BOM-BLR,Akasa,7,6242,1123,7365
2026-08-27,2026-09-03,BOM-BLR,Akasa,7,5555,999,6554
2026-08-27,2026-08-28,BOM-BLR,Akasa,1,9558,1720,11278
2026-08-27,2026-08-28,BOM-BLR,Akasa,1,8865,1595,10460
2026-08-27,2026-08-28,BOM-BLR,Akasa,1,8553,1539,10092
2026-08-27,2026-08-28,BOM-BLR,Akasa,1,8536,1536,10072
2026-08-27,2026-08-28,BOM-BLR,Akasa,1,8382,1508,9890
2026-08-27,2026-10-11,BOM-BLR,SpiceJet,45,3074,553,3627
2026-08-27,2026-10-11,BOM-BLR,SpiceJet,45,3186,573,3759
2026-08-27,2026-10-11,BOM-BLR,SpiceJet,45,3204,576,3780
2026-08-27,2026-10-11,BOM-BLR,SpiceJet,45,2951,531,3482
2026-08-27,2026-10-11,BOM-BLR,SpiceJet,45,3590,646,4236
2026-08-27,2026-09-26,BOM-BLR,SpiceJet,30,3471,624,4095
2026-08-27,2026-09-26,BOM-BLR,SpiceJet,30,3606,649,4255
2026-08-27,2026-09-26,BOM-BLR,SpiceJet,30,3709,667,4376
2026-08-27,2026-09-26,BOM-BLR,SpiceJet,30,3872,696,4568
2026-08-27,2026-09-26,BOM-BLR,SpiceJet,30,3646,656,4302
2026-08-27,2026-09-11,BOM-BLR,SpiceJet,15,4728,851,5579
2026-08-27,2026-09-11,BOM-BLR,SpiceJet,15,4512,812,5324
2026-08-27,2026-09-11,BOM-BLR,SpiceJet,15,4783,860,5643
2026-08-27,2026-09-11,BOM-BLR,SpiceJet,15,4259,766,5025
2026-08-27,2026-09-11,BOM-BLR,SpiceJet,15,4508,811,5319
2026-08-27,2026-09-03,BOM-BLR,SpiceJet,7,5904,1062,6966
2026-08-27,2026-09-03,BOM-BLR,SpiceJet,7,6036,1086,7122
2026-08-27,2026-09-03,BOM-BLR,SpiceJet,7,6460,1162,7622
2026-08-27,2026-09-03,BOM-BLR,SpiceJet,7,6344,1141,7485
2026-08-27,2026-09-03,BOM-BLR,SpiceJet,7,5615,1010,6625
2026-08-27,2026-08-28,BOM-BLR,SpiceJet,1,9127,1642,10769
2026-08-27,2026-08-28,BOM-BLR,SpiceJet,1,8693,1564,10257
2026-08-27,2026-08-28,BOM-BLR,SpiceJet,1,9484,1707,11191
2026-08-27,2026-08-28,BOM-BLR,SpiceJet,1,7856,1414,9270
2026-08-27,2026-08-28,BOM-BLR,SpiceJet,1,8257,1486,9743
2026-08-27,2026-10-11,DEL-CCU,IndiGo,45,4732,851,5583
2026-08-27,2026-10-11,DEL-CCU,IndiGo,45,4520,813,5333
2026-08-27,2026-10-11,DEL-CCU,IndiGo,45,4794,862,5656
2026-08-27,2026-10-11,DEL-CCU,IndiGo,45,5283,950,6233
2026-08-27,2026-10-11,DEL-CCU,IndiGo,45,5393,970,6363
2026-08-27,2026-09-26,DEL-CCU,IndiGo,30,5719,1029,6748
2026-08-27,2026-09-26,DEL-CCU,IndiGo,30,5544,997,6541
2026-08-27,2026-09-26,DEL-CCU,IndiGo,30,5912,1064,6976
2026-08-27,2026-09-26,DEL-CCU,IndiGo,30,5794,1042,6836
2026-08-27,2026-09-26,DEL-CCU,IndiGo,30,4936,888,5824
2026-08-27,2026-09-11,DEL-CCU,IndiGo,15,7348,1322,8670
2026-08-27,2026-09-11,DEL-CCU,IndiGo,15,5934,1068,7002
2026-08-27,2026-09-11,DEL-CCU,IndiGo,15,6583,1184,7767
2026-08-27,2026-09-11,DEL-CCU,IndiGo,15,6153,1107,7260
2026-08-27,2026-09-11,DEL-CCU,IndiGo,15,5927,1066,6993
2026-08-27,2026-09-03,DEL-CCU,IndiGo,7,9588,1725,11313
2026-08-27,2026-09-03,DEL-CCU,IndiGo,7,7979,1436,9415
2026-08-27,2026-09-03,DEL-CCU,IndiGo,7,8426,1516,9942
2026-08-27,2026-09-03,DEL-CCU,IndiGo,7,8444,1519,9963
2026-08-27,2026-09-03,DEL-CCU,IndiGo,7,9401,1692,11093
2026-08-27,2026-08-28,DEL-CCU,IndiGo,1,11620,2091,13711
2026-08-27,2026-08-28,DEL-CCU,IndiGo,1,14421,2595,17016
2026-08-27,2026-08-28,DEL-CCU,IndiGo,1,14191,2554,16745
2026-08-27,2026-08-28,DEL-CCU,IndiGo,1,14334,2580,16914
2026-08-27,2026-08-28,DEL-CCU,IndiGo,1,13810,2485,16295
2026-08-27,2026-10-11,DEL-CCU,Air India,45,5704,1026,6730
2026-08-27,2026-10-11,DEL-CCU,Air India,45,5301,954,6255
2026-08-27,2026-10-11,DEL-CCU,Air India,45,5952,1071,7023
2026-08-27,2026-10-11,DEL-CCU,Air India,45,6049,1088,7137
2026-08-27,2026-10-11,DEL-CCU,Air India,45,4969,894,5863
2026-08-27,2026-09-26,DEL-CCU,Air India,30,6513,1172,7685
2026-08-27,2026-09-26,DEL-CCU,Air India,30,6629,1193,7822
2026-08-27,2026-09-26,DEL-CCU,Air India,30,5575,1003,6578
2026-08-27,2026-09-26,DEL-CCU,Air India,30,6828,1229,8057
2026-08-27,2026-09-26,DEL-CCU,Air India,30,6615,1190,7805
2026-08-27,2026-09-11,DEL-CCU,Air India,15,8266,1487,9753
2026-08-27,2026-09-11,DEL-CCU,Air India,15,8261,1486,9747
2026-08-27,2026-09-11,DEL-CCU,Air India,15,6885,1239,8124
2026-08-27,2026-09-11,DEL-CCU,Air India,15,8063,1451,9514
2026-08-27,2026-09-11,DEL-CCU,Air India,15,8166,1469,9635
2026-08-27,2026-09-03,DEL-CCU,Air India,7,9724,1750,11474
2026-08-27,2026-09-03,DEL-CCU,Air India,7,10278,1850,12128
2026-08-27,2026-09-03,DEL-CCU,Air India,7,9080,1634,10714
2026-08-27,2026-09-03,DEL-CCU,Air India,7,10999,1979,12978
2026-08-27,2026-09-03,DEL-CCU,Air India,7,10297,1853,12150
2026-08-27,2026-08-28,DEL-CCU,Air India,1,16632,2993,19625
2026-08-27,2026-08-28,DEL-CCU,Air India,1,14458,2602,17060
2026-08-27,2026-08-28,DEL-CCU,Air India,1,14536,2616,17152
2026-08-27,2026-08-28,DEL-CCU,Air India,1,16755,3015,19770
2026-08-27,2026-08-28,DEL-CCU,Air India,1,15424,2776,18200
2026-08-27,2026-10-11,DEL-CCU,Akasa,45,5243,943,6186
2026-08-27,2026-10-11,DEL-CCU,Akasa,45,5122,921,6043
2026-08-27,2026-10-11,DEL-CCU,Akasa,45,4922,885,5807
2026-08-27,2026-10-11,DEL-CCU,Akasa,45,4534,816,5350
2026-08-27,2026-10-11,DEL-CCU,Akasa,45,4796,863,5659
2026-08-27,2026-09-26,DEL-CCU,Akasa,30,5119,921,6040
2026-08-27,2026-09-26,DEL-CCU,Akasa,30,5502,990,6492
2026-08-27,2026-09-26,DEL-CCU,Akasa,30,4951,891,5842
2026-08-27,2026-09-26,DEL-CCU,Akasa,30,4666,839,5505
2026-08-27,2026-09-26,DEL-CCU,Akasa,30,5528,995,6523
2026-08-27,2026-09-11,DEL-CCU,Akasa,15,6729,1211,7940
2026-08-27,2026-09-11,DEL-CCU,Akasa,15,7078,1274,8352
2026-08-27,2026-09-11,DEL-CCU,Akasa,15,5731,1031,6762
2026-08-27,2026-09-11,DEL-CCU,Akasa,15,6214,1118,7332
2026-08-27,2026-09-11,DEL-CCU,Akasa,15,7011,1261,8272
2026-08-27,2026-09-03,DEL-CCU,Akasa,7,7823,1408,9231
2026-08-27,2026-09-03,DEL-CCU,Akasa,7,8081,1454,9535
2026-08-27,2026-09-03,DEL-CCU,Akasa,7,9305,1674,10979
2026-08-27,2026-09-03,DEL-CCU,Akasa,7,7690,1384,9074
2026-08-27,2026-09-03,DEL-CCU,Akasa,7,8888,1599,10487
2026-08-27,2026-08-28,DEL-CCU,Akasa,1,13868,2496,16364
2026-08-27,2026-08-28,DEL-CCU,Akasa,1,13761,2476,16237
2026-08-27,2026-08-28,DEL-CCU,Akasa,1,13766,2477,16243
2026-08-27,2026-08-28,DEL-CCU,Akasa,1,11500,2070,13570
2026-08-27,2026-08-28,DEL-CCU,Akasa,1,13131,2363,15494
2026-08-27,2026-10-11,DEL-CCU,SpiceJet,45,4872,876,5748
2026-08-27,2026-10-11,DEL-CCU,SpiceJet,45,4071,732,4803
2026-08-27,2026-10-11,DEL-CCU,SpiceJet,45,4298,773,5071
2026-08-27,2026-10-11,DEL-CCU,SpiceJet,45,4606,829,5435
2026-08-27,2026-10-11,DEL-CCU,SpiceJet,45,4634,834,5468
2026-08-27,2026-09-26,DEL-CCU,SpiceJet,30,5325,958,6283
2026-08-27,2026-09-26,DEL-CCU,SpiceJet,30,5457,982,6439
2026-08-27,2026-09-26,DEL-CCU,SpiceJet,30,4778,860,5638
2026-08-27,2026-09-26,DEL-CCU,SpiceJet,30,4660,838,5498
2026-08-27,2026-09-26,DEL-CCU,SpiceJet,30,4819,867,5686
2026-08-27,2026-09-11,DEL-CCU,SpiceJet,15,5945,1070,7015
2026-08-27,2026-09-11,DEL-CCU,SpiceJet,15,6443,1159,7602
2026-08-27,2026-09-11,DEL-CCU,SpiceJet,15,6058,1090,7148
2026-08-27,2026-09-11,DEL-CCU,SpiceJet,15,5574,1003,6577
2026-08-27,2026-09-11,DEL-CCU,SpiceJet,15,6675,1201,7876
2026-08-27,2026-09-03,DEL-CCU,SpiceJet,7,8001,1440,9441
2026-08-27,2026-09-03,DEL-CCU,SpiceJet,7,8383,1508,9891
2026-08-27,2026-09-03,DEL-CCU,SpiceJet,7,7110,1279,8389
2026-08-27,2026-09-03,DEL-CCU,SpiceJet,7,8238,1482,9720
2026-08-27,2026-09-03,DEL-CCU,SpiceJet,7,7773,1399,9172
2026-08-27,2026-08-28,DEL-CCU,SpiceJet,1,11366,2045,13411
2026-08-27,2026-08-28,DEL-CCU,SpiceJet,1,11877,2137,14014
2026-08-27,2026-08-28,DEL-CCU,SpiceJet,1,11427,2056,13483
2026-08-27,2026-08-28,DEL-CCU,SpiceJet,1,12343,2221,14564
2026-08-27,2026-08-28,DEL-CCU,SpiceJet,1,12689,2284,14973
2026-08-27,2026-10-11,BLR-HYD,IndiGo,45,3000,540,3540
2026-08-27,2026-10-11,BLR-HYD,IndiGo,45,2853,513,3366
2026-08-27,2026-10-11,BLR-HYD,IndiGo,45,3046,548,3594
2026-08-27,2026-10-11,BLR-HYD,IndiGo,45,3118,561,3679
2026-08-27,2026-10-11,BLR-HYD,IndiGo,45,3109,559,3668
2026-08-27,2026-09-26,BLR-HYD,IndiGo,30,2939,529,3468
2026-08-27,2026-09-26,BLR-HYD,IndiGo,30,2774,499,3273
2026-08-27,2026-09-26,BLR-HYD,IndiGo,30,3468,624,4092
2026-08-27,2026-09-26,BLR-HYD,IndiGo,30,3129,563,3692
2026-08-27,2026-09-26,BLR-HYD,IndiGo,30,3235,582,3817
2026-08-27,2026-09-11,BLR-HYD,IndiGo,15,3877,697,4574
2026-08-27,2026-09-11,BLR-HYD,IndiGo,15,4311,775,5086
2026-08-27,2026-09-11,BLR-HYD,IndiGo,15,4134,744,4878
2026-08-27,2026-09-11,BLR-HYD,IndiGo,15,4096,737,4833
2026-08-27,2026-09-11,BLR-HYD,IndiGo,15,3628,653,4281
2026-08-27,2026-09-03,BLR-HYD,IndiGo,7,5278,950,6228
2026-08-27,2026-09-03,BLR-HYD,IndiGo,7,5506,991,6497
2026-08-27,2026-09-03,BLR-HYD,IndiGo,7,5465,983,6448
2026-08-27,2026-09-03,BLR-HYD,IndiGo,7,5567,1002,6569
2026-08-27,2026-09-03,BLR-HYD,IndiGo,7,4551,819,5370
2026-08-27,2026-08-28,BLR-HYD,IndiGo,1,8154,1467,9621
2026-08-27,2026-08-28,BLR-HYD,IndiGo,1,7780,1400,9180
2026-08-27,2026-08-28,BLR-HYD,IndiGo,1,8141,1465,9606
2026-08-27,2026-08-28,BLR-HYD,IndiGo,1,7906,1423,9329
2026-08-27,2026-08-28,BLR-HYD,IndiGo,1,7829,1409,9238
2026-08-27,2026-10-11,BLR-HYD,Air India,45,3176,571,3747
2026-08-27,2026-10-11,BLR-HYD,Air India,45,2959,532,3491
2026-08-27,2026-10-11,BLR-HYD,Air India,45,2971,534,3505
2026-08-27,2026-10-11,BLR-HYD,Air India,45,3605,648,4253
2026-08-27,2026-10-11,BLR-HYD,Air India,45,3048,548,3596
2026-08-27,2026-09-26,BLR-HYD,Air India,30,3285,591,3876
2026-08-27,2026-09-26,BLR-HYD,Air India,30,3235,582,3817
2026-08-27,2026-09-26,BLR-HYD,Air India,30,4056,730,4786
2026-08-27,2026-09-26,BLR-HYD,Air India,30,3610,649,4259
2026-08-27,2026-09-26,BLR-HYD,Air India,30,3676,661,4337
2026-08-27,2026-09-11,BLR-HYD,Air India,15,4094,736,4830
2026-08-27,2026-09-11,BLR-HYD,Air India,15,4907,883,5790
2026-08-27,2026-09-11,BLR-HYD,Air India,15,4833,869,5702
2026-08-27,2026-09-11,BLR-HYD,Air India,15,4899,881,5780
2026-08-27,2026-09-11,BLR-HYD,Air India,15,4507,811,5318
2026-08-27,2026-09-03,BLR-HYD,Air India,7,5958,1072,7030
2026-08-27,2026-09-03,BLR-HYD,Air India,7,5632,1013,6645
2026-08-27,2026-09-03,BLR-HYD,Air India,7,6297,1133,7430
2026-08-27,2026-09-03,BLR-HYD,Air India,7,5506,991,6497
2026-08-27,2026-09-03,BLR-HYD,Air India,7,6389,1150,7539
2026-08-27,2026-08-28,BLR-HYD,Air India,1,8428,1517,9945
2026-08-27,2026-08-28,BLR-HYD,Air India,1,9637,1734,11371
2026-08-27,2026-08-28,BLR-HYD,Air India,1,8485,1527,10012
2026-08-27,2026-08-28,BLR-HYD,Air India,1,8890,1600,10490
2026-08-27,2026-08-28,BLR-HYD,Air India,1,9090,1636,10726
2026-08-27,2026-10-11,BLR-HYD,Akasa,45,2738,492,3230
2026-08-27,2026-10-11,BLR-HYD,Akasa,45,2571,462,3033
2026-08-27,2026-10-11,BLR-HYD,Akasa,45,2756,496,3252
2026-08-27,2026-10-11,BLR-HYD,Akasa,45,2447,440,2887
2026-08-27,2026-10-11,BLR-HYD,Akasa,45,2446,440,2886
2026-08-27,2026-09-26,BLR-HYD,Akasa,30,3336,600,3936
2026-08-27,2026-09-26,BLR-HYD,Akasa,30,3103,558,3661
2026-08-27,2026-09-26,BLR-HYD,Akasa,30,3065,551,3616
2026-08-27,2026-09-26,BLR-HYD,Akasa,30,3186,573,3759
2026-08-27,2026-09-26,BLR-HYD,Akasa,30,2672,480,3152
2026-08-27,2026-09-11,BLR-HYD,Akasa,15,3765,677,4442
2026-08-27,2026-09-11,BLR-HYD,Akasa,15,3443,619,4062
2026-08-27,2026-09-11,BLR-HYD,Akasa,15,4048,728,4776
2026-08-27,2026-09-11,BLR-HYD,Akasa,15,4090,736,4826
2026-08-27,2026-09-11,BLR-HYD,Akasa,15,3360,604,3964
2026-08-27,2026-09-03,BLR-HYD,Akasa,7,4858,874,5732
2026-08-27,2026-09-03,BLR-HYD,Akasa,7,4540,817,5357
2026-08-27,2026-09-03,BLR-HYD,Akasa,7,5308,955,6263
2026-08-27,2026-09-03,BLR-HYD,Akasa,7,4644,835,5479
2026-08-27,2026-09-03,BLR-HYD,Akasa,7,4898,881,5779
2026-08-27,2026-08-28,BLR-HYD,Akasa,1,7757,1396,9153
2026-08-27,2026-08-28,BLR-HYD,Akasa,1,7846,1412,9258
2026-08-27,2026-08-28,BLR-HYD,Akasa,1,7184,1293,8477
2026-08-27,2026-08-28,BLR-HYD,Akasa,1,7802,1404,9206
2026-08-27,2026-08-28,BLR-HYD,Akasa,1,7340,1321,8661
2026-08-27,2026-10-11,BLR-HYD,SpiceJet,45,2396,431,2827
2026-08-27,2026-10-11,BLR-HYD,SpiceJet,45,2394,430,2824
2026-08-27,2026-10-11,BLR-HYD,SpiceJet,45,2383,428,2811
2026-08-27,2026-10-11,BLR-HYD,SpiceJet,45,2676,481,3157
2026-08-27,2026-10-11,BLR-HYD,SpiceJet,45,2830,509,3339
2026-08-27,2026-09-26,BLR-HYD,SpiceJet,30,2852,513,3365
2026-08-27,2026-09-26,BLR-HYD,SpiceJet,30,3047,548,3595
2026-08-27,2026-09-26,BLR-HYD,SpiceJet,30,2972,534,3506
2026-08-27,2026-09-26,BLR-HYD,SpiceJet,30,2784,501,3285
2026-08-27,2026-09-26,BLR-HYD,SpiceJet,30,2841,511,3352
2026-08-27,2026-09-11,BLR-HYD,SpiceJet,15,3853,693,4546
2026-08-27,2026-09-11,BLR-HYD,SpiceJet,15,3216,578,3794
2026-08-27,2026-09-11,BLR-HYD,SpiceJet,15,3167,570,3737
2026-08-27,2026-09-11,BLR-HYD,SpiceJet,15,3758,676,4434
2026-08-27,2026-09-11,BLR-HYD,SpiceJet,15,3783,680,4463
2026-08-27,2026-09-03,BLR-HYD,SpiceJet,7,4295,773,5068
2026-08-27,2026-09-03,BLR-HYD,SpiceJet,7,4697,845,5542
2026-08-27,2026-09-03,BLR-HYD,SpiceJet,7,4764,857,5621
2026-08-27,2026-09-03,BLR-HYD,SpiceJet,7,4847,872,5719
2026-08-27,2026-09-03,BLR-HYD,SpiceJet,7,4654,837,5491
2026-08-27,2026-08-28,BLR-HYD,SpiceJet,1,6138,1104,7242
2026-08-27,2026-08-28,BLR-HYD,SpiceJet,1,7490,1348,8838
2026-08-27,2026-08-28,BLR-HYD,SpiceJet,1,6513,1172,7685
2026-08-27,2026-08-28,BLR-HYD,SpiceJet,1,6524,1174,7698
2026-08-27,2026-08-28,BLR-HYD,SpiceJet,1,6478,1166,7644
2026-08-28,2026-10-12,DEL-BOM,IndiGo,45,4000,720,4720
2026-08-28,2026-10-12,DEL-BOM,IndiGo,45,3836,690,4526
2026-08-28,2026-10-12,DEL-BOM,IndiGo,45,4163,749,4912
2026-08-28,2026-10-12,DEL-BOM,IndiGo,45,4343,781,5124
2026-08-28,2026-10-12,DEL-BOM,IndiGo,45,4558,820,5378
2026-08-28,2026-09-27,DEL-BOM,IndiGo,30,4570,822,5392
2026-08-28,2026-09-27,DEL-BOM,IndiGo,30,5242,943,6185
2026-08-28,2026-09-27,DEL-BOM,IndiGo,30,5113,920,6033
2026-08-28,2026-09-27,DEL-BOM,IndiGo,30,4324,778,5102
2026-08-28,2026-09-27,DEL-BOM,IndiGo,30,4167,750,4917
2026-08-28,2026-09-12,DEL-BOM,IndiGo,15,5703,1026,6729
2026-08-28,2026-09-12,DEL-BOM,IndiGo,15,6045,1088,7133
2026-08-28,2026-09-12,DEL-BOM,IndiGo,15,5410,973,6383
2026-08-28,2026-09-12,DEL-BOM,IndiGo,15,6174,1111,7285
2026-08-28,2026-09-12,DEL-BOM,IndiGo,15,6034,1086,7120
2026-08-28,2026-09-04,DEL-BOM,IndiGo,7,7174,1291,8465
2026-08-28,2026-09-04,DEL-BOM,IndiGo,7,7956,1432,9388
2026-08-28,2026-09-04,DEL-BOM,IndiGo,7,8160,1468,9628
2026-08-28,2026-09-04,DEL-BOM,IndiGo,7,8128,1463,9591
2026-08-28,2026-09-04,DEL-BOM,IndiGo,7,7697,1385,9082
2026-08-28,2026-08-29,DEL-BOM,IndiGo,1,11648,2096,13744
2026-08-28,2026-08-29,DEL-BOM,IndiGo,1,11825,2128,13953
2026-08-28,2026-08-29,DEL-BOM,IndiGo,1,12172,2190,14362
2026-08-28,2026-08-29,DEL-BOM,IndiGo,1,11237,2022,13259
2026-08-28,2026-08-29,DEL-BOM,IndiGo,1,12393,2230,14623
2026-08-28,2026-10-12,DEL-BOM,Air India,45,4909,883,5792
2026-08-28,2026-10-12,DEL-BOM,Air India,45,4415,794,5209
2026-08-28,2026-10-12,DEL-BOM,Air India,45,5000,900,5900
2026-08-28,2026-10-12,DEL-BOM,Air India,45,4422,795,5217
2026-08-28,2026-10-12,DEL-BOM,Air India,45,4923,886,5809
2026-08-28,2026-09-27,DEL-BOM,Air India,30,6033,1085,7118
2026-08-28,2026-09-27,DEL-BOM,Air India,30,5890,1060,6950
2026-08-28,2026-09-27,DEL-BOM,Air India,30,5051,909,5960
2026-08-28,2026-09-27,DEL-BOM,Air India,30,5568,1002,6570
2026-08-28,2026-09-27,DEL-BOM,Air India,30,4883,878,5761
2026-08-28,2026-09-12,DEL-BOM,Air India,15,7182,1292,8474
2026-08-28,2026-09-12,DEL-BOM,Air India,15,7447,1340,8787
2026-08-28,2026-09-12,DEL-BOM,Air India,15,6171,1110,7281
2026-08-28,2026-09-12,DEL-BOM,Air India,15,6935,1248,8183
2026-08-28,2026-09-12,DEL-BOM,Air India,15,7382,1328,8710
2026-08-28,2026-09-04,DEL-BOM,Air India,7,9150,1647,10797
2026-08-28,2026-09-04,DEL-BOM,Air India,7,9554,1719,11273
2026-08-28,2026-09-04,DEL-BOM,Air India,7,7961,1432,9393
2026-08-28,2026-09-04,DEL-BOM,Air India,7,9523,1714,11237
2026-08-28,2026-09-04,DEL-BOM,Air India,7,9957,1792,11749
2026-08-28,2026-08-29,DEL-BOM,Air India,1,14656,2638,17294
2026-08-28,2026-08-29,DEL-BOM,Air India,1,12285,2211,14496
2026-08-28,2026-08-29,DEL-BOM,Air India,1,11990,2158,14148
2026-08-28,2026-08-29,DEL-BOM,Air India,1,13831,2489,16320
2026-08-28,2026-08-29,DEL-BOM,Air India,1,13015,2342,15357
2026-08-28,2026-10-12,DEL-BOM,Akasa,45,4139,745,4884
2026-08-28,2026-10-12,DEL-BOM,Akasa,45,3959,712,4671
2026-08-28,2026-10-12,DEL-BOM,Akasa,45,3714,668,4382
2026-08-28,2026-10-12,DEL-BOM,Akasa,45,4368,786,5154
2026-08-28,2026-10-12,DEL-BOM,Akasa,45,4452,801,5253
2026-08-28,2026-09-27,DEL-BOM,Akasa,30,4235,762,4997
2026-08-28,2026-09-27,DEL-BOM,Akasa,30,4652,837,5489
2026-08-28,2026-09-27,DEL-BOM,Akasa,30,4261,766,5027
2026-08-28,2026-09-27,DEL-BOM,Akasa,30,4057,730,4787
2026-08-28,2026-09-27,DEL-BOM,Akasa,30,4285,771,5056
2026-08-28,2026-09-12,DEL-BOM,Akasa,15,5269,948,6217
2026-08-28,2026-09-12,DEL-BOM,Akasa,15,5870,1056,6926
2026-08-28,2026-09-12,DEL-BOM,Akasa,15,5191,934,6125
2026-08-28,2026-09-12,DEL-BOM,Akasa,15,5535,996,6531
2026-08-28,2026-09-12,DEL-BOM,Akasa,15,5266,947,6213
2026-08-28,2026-09-04,DEL-BOM,Akasa,7,6857,1234,8091
2026-08-28,2026-09-04,DEL-BOM,Akasa,7,7537,1356,8893
2026-08-28,2026-09-04,DEL-BOM,Akasa,7,7898,1421,9319
2026-08-28,2026-09-04,DEL-BOM,Akasa,7,8165,1469,9634
2026-08-28,2026-09-04,DEL-BOM,Akasa,7,7541,1357,8898
2026-08-28,2026-08-29,DEL-BOM,Akasa,1,11524,2074,13598
2026-08-28,2026-08-29,DEL-BOM,Akasa,1,11442,2059,13501
2026-08-28,2026-08-29,DEL-BOM,Akasa,1,10002,1800,11802
2026-08-28,2026-08-29,DEL-BOM,Akasa,1,10921,1965,12886
2026-08-28,2026-08-29,DEL-BOM,Akasa,1,10672,1920,12592
2026-08-28,2026-10-12,DEL-BOM,SpiceJet,45,3854,693,4547
2026-08-28,2026-10-12,DEL-BOM,SpiceJet,45,4185,753,4938
2026-08-28,2026-10-12,DEL-BOM,SpiceJet,45,3774,679,4453
2026-08-28,2026-10-12,DEL-BOM,SpiceJet,45,3920,705,4625
2026-08-28,2026-10-12,DEL-BOM,SpiceJet,45,3672,660,4332
2026-08-28,2026-09-27,DEL-BOM,SpiceJet,30,4720,849,5569
2026-08-28,2026-09-27,DEL-BOM,SpiceJet,30,3795,683,4478
2026-08-28,2026-09-27,DEL-BOM,SpiceJet,30,4434,798,5232
2026-08-28,2026-09-27,DEL-BOM,SpiceJet,30,4314,776,5090
2026-08-28,2026-09-27,DEL-BOM,SpiceJet,30,3974,715,4689
2026-08-28,2026-09-12,DEL-BOM,SpiceJet,15,5471,984,6455
2026-08-28,2026-09-12,DEL-BOM,SpiceJet,15,5449,980,6429
2026-08-28,2026-09-12,DEL-BOM,SpiceJet,15,4906,883,5789
2026-08-28,2026-09-12,DEL-BOM,SpiceJet,15,5189,934,6123
2026-08-28,2026-09-12,DEL-BOM,SpiceJet,15,5413,974,6387
2026-08-28,2026-09-04,DEL-BOM,SpiceJet,7,6433,1157,7590
2026-08-28,2026-09-04,DEL-BOM,SpiceJet,7,6354,1143,7497
2026-08-28,2026-09-04,DEL-BOM,SpiceJet,7,6803,1224,8027
2026-08-28,2026-09-04,DEL-BOM,SpiceJet,7,7735,1392,9127
2026-08-28,2026-09-04,DEL-BOM,SpiceJet,7,6167,1110,7277
2026-08-28,2026-08-29,DEL-BOM,SpiceJet,1,9416,1694,11110
2026-08-28,2026-08-29,DEL-BOM,SpiceJet,1,10932,1967,12899
2026-08-28,2026-08-29,DEL-BOM,SpiceJet,1,9423,1696,11119
2026-08-28,2026-08-29,DEL-BOM,SpiceJet,1,11146,2006,13152
2026-08-28,2026-08-29,DEL-BOM,SpiceJet,1,11086,1995,13081
2026-08-28,2026-10-12,DEL-BLR,IndiGo,45,6053,1089,7142
2026-08-28,2026-10-12,DEL-BLR,IndiGo,45,5958,1072,7030
2026-08-28,2026-10-12,DEL-BLR,IndiGo,45,5492,988,6480
2026-08-28,2026-10-12,DEL-BLR,IndiGo,45,5570,1002,6572
2026-08-28,2026-10-12,DEL-BLR,IndiGo,45,5250,945,6195
2026-08-28,2026-09-27,DEL-BLR,IndiGo,30,5660,1018,6678
2026-08-28,2026-09-27,DEL-BLR,IndiGo,30,5655,1017,6672
2026-08-28,2026-09-27,DEL-BLR,IndiGo,30,5814,1046,6860
2026-08-28,2026-09-27,DEL-BLR,IndiGo,30,6697,1205,7902
2026-08-28,2026-09-27,DEL-BLR,IndiGo,30,6678,1202,7880
2026-08-28,2026-09-12,DEL-BLR,IndiGo,15,7016,1262,8278
2026-08-28,2026-09-12,DEL-BLR,IndiGo,15,7110,1279,8389
2026-08-28,2026-09-12,DEL-BLR,IndiGo,15,7152,1287,8439
2026-08-28,2026-09-12,DEL-BLR,IndiGo,15,8286,1491,9777
2026-08-28,2026-09-12,DEL-BLR,IndiGo,15,8284,1491,9775
2026-08-28,2026-09-04,DEL-BLR,IndiGo,7,9402,1692,11094
2026-08-28,2026-09-04,DEL-BLR,IndiGo,7,9744,1753,11497
2026-08-28,2026-09-04,DEL-BLR,IndiGo,7,10913,1964,12877
2026-08-28,2026-09-04,DEL-BLR,IndiGo,7,8958,1612,10570
2026-08-28,2026-09-04,DEL-BLR,IndiGo,7,11175,2011,13186
2026-08-28,2026-08-29,DEL-BLR,IndiGo,1,13474,2425,15899
2026-08-28,2026-08-29,DEL-BLR,IndiGo,1,15979,2876,18855
2026-08-28,2026-08-29,DEL-BLR,IndiGo,1,16204,2916,19120
2026-08-28,2026-08-29,DEL-BLR,IndiGo,1,13387,2409,15796
2026-08-28,2026-08-29,DEL-BLR,IndiGo,1,16734,3012,19746
2026-08-28,2026-10-12,DEL-BLR,Air India,45,5972,1074,7046
2026-08-28,2026-10-12,DEL-BLR,Air India,45,5701,1026,6727
2026-08-28,2026-10-12,DEL-BLR,Air India,45,6365,1145,7510
2026-08-28,2026-10-12,DEL-BLR,Air India,45,5743,1033,6776
2026-08-28,2026-10-12,DEL-BLR,Air India,45,6317,1137,7454
2026-08-28,2026-09-27,DEL-BLR,Air India,30,6505,1170,7675
2026-08-28,2026-09-27,DEL-BLR,Air India,30,7695,1385,9080
2026-08-28,2026-09-27,DEL-BLR,Air India,30,7477,1345,8822
2026-08-28,2026-09-27,DEL-BLR,Air India,30,7299,1313,8612
2026-08-28,2026-09-27,DEL-BLR,Air India,30,6679,1202,7881
2026-08-28,2026-09-12,DEL-BLR,Air India,15,8277,1489,9766
2026-08-28,2026-09-12,DEL-BLR,Air India,15,9092,1636,10728
2026-08-28,2026-09-12,DEL-BLR,Air India,15,8185,1473,9658
2026-08-28,2026-09-12,DEL-BLR,Air India,15,9123,1642,10765
2026-08-28,2026-09-12,DEL-BLR,Air India,15,9536,1716,11252
2026-08-28,2026-09-04,DEL-BLR,Air India,7,10953,1971,12924
2026-08-28,2026-09-04,DEL-BLR,Air India,7,10846,1952,12798
2026-08-28,2026-09-04,DEL-BLR,Air India,7,11356,2044,13400
2026-08-28,2026-09-04,DEL-BLR,Air India,7,11846,2132,13978
2026-08-28,2026-09-04,DEL-BLR,Air India,7,10877,1957,12834
2026-08-28,2026-08-29,DEL-BLR,Air India,1,16420,2955,19375
2026-08-28,2026-08-29,DEL-BLR,Air India,1,15878,2858,18736
2026-08-28,2026-08-29,DEL-BLR,Air India,1,17386,3129,20515
2026-08-28,2026-08-29,DEL-BLR,Air India,1,19267,3468,22735
2026-08-28,2026-08-29,DEL-BLR,Air India,1,17879,3218,21097
2026-08-28,2026-10-12,DEL-BLR,Akasa,45,5321,957,6278
2026-08-28,2026-10-12,DEL-BLR,Akasa,45,5038,906,5944
2026-08-28,2026-10-12,DEL-BLR,Akasa,45,5775,1039,6814
2026-08-28,2026-10-12,DEL-BLR,Akasa,45,5630,1013,6643
2026-08-28,2026-10-12,DEL-BLR,Akasa,45,5194,934,6128
2026-08-28,2026-09-27,DEL-BLR,Akasa,30,5418,975,6393
2026-08-28,2026-09-27,DEL-BLR,Akasa,30,5738,1032,6770
2026-08-28,2026-09-27,DEL-BLR,Akasa,30,5912,1064,6976
2026-08-28,2026-09-27,DEL-BLR,Akasa,30,5610,1009,6619
2026-08-28,2026-09-27,DEL-BLR,Akasa,30,5747,1034,6781
2026-08-28,2026-09-12,DEL-BLR,Akasa,15,7972,1434,9406
2026-08-28,2026-09-12,DEL-BLR,Akasa,15,7069,1272,8341
2026-08-28,2026-09-12,DEL-BLR,Akasa,15,7357,1324,8681
2026-08-28,2026-09-12,DEL-BLR,Akasa,15,7056,1270,8326
2026-08-28,2026-09-12,DEL-BLR,Akasa,15,8011,1441,9452
2026-08-28,2026-09-04,DEL-BLR,Akasa,7,9375,1687,11062
2026-08-28,2026-09-04,DEL-BLR,Akasa,7,9902,1782,11684
2026-08-28,2026-09-04,DEL-BLR,Akasa,7,9895,1781,11676
2026-08-28,2026-09-04,DEL-BLR,Akasa,7,9497,1709,11206
2026-08-28,2026-09-04,DEL-BLR,Akasa,7,9359,1684,11043
2026-08-28,2026-08-29,DEL-BLR,Akasa,1,13348,2402,15750
2026-08-28,2026-08-29,DEL-BLR,Akasa,1,15806,2845,18651
2026-08-28,2026-08-29,DEL-BLR,Akasa,1,14757,2656,17413
2026-08-28,2026-08-29,DEL-BLR,Akasa,1,13329,2399,15728
2026-08-28,2026-08-29,DEL-BLR,Akasa,1,15816,2846,18662
2026-08-28,2026-10-12,DEL-BLR,SpiceJet,45,5083,914,5997
2026-08-28,2026-10-12,DEL-BLR,SpiceJet,45,5048,908,5956
2026-08-28,2026-10-12,DEL-BLR,SpiceJet,45,4683,842,5525
2026-08-28,2026-10-12,DEL-BLR,SpiceJet,45,4569,822,5391
2026-08-28,2026-10-12,DEL-BLR,SpiceJet,45,5279,950,6229
2026-08-28,2026-09-27,DEL-BLR,SpiceJet,30,5338,960,6298
2026-08-28,2026-09-27,DEL-BLR,SpiceJet,30,6207,1117,7324
2026-08-28,2026-09-27,DEL-BLR,SpiceJet,30,5245,944,6189
2026-08-28,2026-09-27,DEL-BLR,SpiceJet,30,5802,1044,6846
2026-08-28,2026-09-27,DEL-BLR,SpiceJet,30,6059,1090,7149
2026-08-28,2026-09-12,DEL-BLR,SpiceJet,15,6918,1245,8163
2026-08-28,2026-09-12,DEL-BLR,SpiceJet,15,7019,1263,8282
2026-08-28,2026-09-12,DEL-BLR,SpiceJet,15,6666,1199,7865
2026-08-28,2026-09-12,DEL-BLR,SpiceJet,15,6944,1249,8193
2026-08-28,2026-09-12,DEL-BLR,SpiceJet,15,6388,1149,7537
2026-08-28,2026-09-04,DEL-BLR,SpiceJet,7,9982,1796,11778
2026-08-28,2026-09-04,DEL-BLR,SpiceJet,7,10112,1820,11932
2026-08-28,2026-09-04,DEL-BLR,SpiceJet,7,8378,1508,9886
2026-08-28,2026-09-04,DEL-BLR,SpiceJet,7,8814,1586,10400
2026-08-28,2026-09-04,DEL-BLR,SpiceJet,7,8292,1492,9784
2026-08-28,2026-08-29,DEL-BLR,SpiceJet,1,12430,2237,14667
2026-08-28,2026-08-29,DEL-BLR,SpiceJet,1,14237,2562,16799
2026-08-28,2026-08-29,DEL-BLR,SpiceJet,1,14418,2595,17013
2026-08-28,2026-08-29,DEL-BLR,SpiceJet,1,13218,2379,15597
2026-08-28,2026-08-29,DEL-BLR,SpiceJet,1,15062,2711,17773
2026-08-28,2026-10-12,BOM-BLR,IndiGo,45,3490,628,4118
2026-08-28,2026-10-12,BOM-BLR,IndiGo,45,3850,693,4543
2026-08-28,2026-10-12,BOM-BLR,IndiGo,45,3595,647,4242
2026-08-28,2026-10-12,BOM-BLR,IndiGo,45,3982,716,4698
2026-08-28,2026-10-12,BOM-BLR,IndiGo,45,3649,656,4305
2026-08-28,2026-09-27,BOM-BLR,IndiGo,30,3728,671,4399
2026-08-28,2026-09-27,BOM-BLR,IndiGo,30,3666,659,4325
2026-08-28,2026-09-27,BOM-BLR,IndiGo,30,4353,783,5136
2026-08-28,2026-09-27,BOM-BLR,IndiGo,30,4339,781,5120
2026-08-28,2026-09-27,BOM-BLR,IndiGo,30,4298,773,5071
2026-08-28,2026-09-12,BOM-BLR,IndiGo,15,4470,804,5274
2026-08-28,2026-09-12,BOM-BLR,IndiGo,15,4275,769,5044
2026-08-28,2026-09-12,BOM-BLR,IndiGo,15,4628,833,5461
2026-08-28,2026-09-12,BOM-BLR,IndiGo,15,4666,839,5505
2026-08-28,2026-09-12,BOM-BLR,IndiGo,15,4368,786,5154
2026-08-28,2026-09-04,BOM-BLR,IndiGo,7,5990,1078,7068
2026-08-28,2026-09-04,BOM-BLR,IndiGo,7,6239,1123,7362
2026-08-28,2026-09-04,BOM-BLR,IndiGo,7,6625,1192,7817
2026-08-28,2026-09-04,BOM-BLR,IndiGo,7,6350,1143,7493
2026-08-28,2026-09-04,BOM-BLR,IndiGo,7,6207,1117,7324
2026-08-28,2026-08-29,BOM-BLR,IndiGo,1,10469,1884,12353
2026-08-28,2026-08-29,BOM-BLR,IndiGo,1,9552,1719,11271
2026-08-28,2026-08-29,BOM-BLR,IndiGo,1,9721,1749,11470
2026-08-28,2026-08-29,BOM-BLR,IndiGo,1,8649,1556,10205
2026-08-28,2026-08-29,BOM-BLR,IndiGo,1,10608,1909,12517
2026-08-28,2026-10-12,BOM-BLR,Air India,45,4034,726,4760
2026-08-28,2026-10-12,BOM-BLR,Air India,45,3902,702,4604
2026-08-28,2026-10-12,BOM-BLR,Air India,45,4112,740,4852
2026-08-28,2026-10-12,BOM-BLR,Air India,45,4622,831,5453
2026-08-28,2026-10-12,BOM-BLR,Air India,45,4081,734,4815
2026-08-28,2026-09-27,BOM-BLR,Air India,30,4551,819,5370
2026-08-28,2026-09-27,BOM-BLR,Air India,30,4967,894,5861
2026-08-28,2026-09-27,BOM-BLR,Air India,30,4245,764,5009
2026-08-28,2026-09-27,BOM-BLR,Air India,30,5085,915,6000
2026-08-28,2026-09-27,BOM-BLR,Air India,30,4384,789,5173
2026-08-28,2026-09-12,BOM-BLR,Air India,15,5270,948,6218
2026-08-28,2026-09-12,BOM-BLR,Air India,15,5934,1068,7002
2026-08-28,2026-09-12,BOM-BLR,Air India,15,5160,928,6088
2026-08-28,2026-09-12,BOM-BLR,Air India,15,5183,932,6115
2026-08-28,2026-09-12,BOM-BLR,Air India,15,5835,1050,6885
2026-08-28,2026-09-04,BOM-BLR,Air India,7,8186,1473,9659
2026-08-28,2026-09-04,BOM-BLR,Air India,7,7177,1291,8468
2026-08-28,2026-09-04,BOM-BLR,Air India,7,6570,1182,7752
2026-08-28,2026-09-04,BOM-BLR,Air India,7,8099,1457,9556
2026-08-28,2026-09-04,BOM-BLR,Air India,7,8305,1494,9799
2026-08-28,2026-08-29,BOM-BLR,Air India,1,10240,1843,12083
2026-08-28,2026-08-29,BOM-BLR,Air India,1,11771,2118,13889
2026-08-28,2026-08-29,BOM-BLR,Air India,1,11549,2078,13627
2026-08-28,2026-08-29,BOM-BLR,Air India,1,12167,2190,14357
2026-08-28,2026-08-29,BOM-BLR,Air India,1,11038,1986,13024
2026-08-28,2026-10-12,BOM-BLR,Akasa,45,3303,594,3897
2026-08-28,2026-10-12,BOM-BLR,Akasa,45,3732,671,4403
2026-08-28,2026-10-12,BOM-BLR,Akasa,45,3256,586,3842
2026-08-28,2026-10-12,BOM-BLR,Akasa,45,3299,593,3892
2026-08-28,2026-10-12,BOM-BLR,Akasa,45,3461,622,4083
2026-08-28,2026-09-27,BOM-BLR,Akasa,30,3939,709,4648
2026-08-28,2026-09-27,BOM-BLR,Akasa,30,3683,662,4345
2026-08-28,2026-09-27,BOM-BLR,Akasa,30,3516,632,4148
2026-08-28,2026-09-27,BOM-BLR,Akasa,30,4151,747,4898
2026-08-28,2026-09-27,BOM-BLR,Akasa,30,4071,732,4803
2026-08-28,2026-09-12,BOM-BLR,Akasa,15,4882,878,5760
2026-08-28,2026-09-12,BOM-BLR,Akasa,15,4448,800,5248
2026-08-28,2026-09-12,BOM-BLR,Akasa,15,4347,782,5129
2026-08-28,2026-09-12,BOM-BLR,Akasa,15,4087,735,4822
2026-08-28,2026-09-12,BOM-BLR,Akasa,15,4814,866,5680
2026-08-28,2026-09-04,BOM-BLR,Akasa,7,6878,1238,8116
2026-08-28,2026-09-04,BOM-BLR,Akasa,7,5929,1067,6996
2026-08-28,2026-09-04,BOM-BLR,Akasa,7,5953,1071,7024
2026-08-28,2026-09-04,BOM-BLR,Akasa,7,6480,1166,7646
2026-08-28,2026-09-04,BOM-BLR,Akasa,7,6014,1082,7096
2026-08-28,2026-08-29,BOM-BLR,Akasa,1,8897,1601,10498
2026-08-28,2026-08-29,BOM-BLR,Akasa,1,9629,1733,11362
2026-08-28,2026-08-29,BOM-BLR,Akasa,1,9204,1656,10860
2026-08-28,2026-08-29,BOM-BLR,Akasa,1,8631,1553,10184
2026-08-28,2026-08-29,BOM-BLR,Akasa,1,9639,1735,11374
2026-08-28,2026-10-12,BOM-BLR,SpiceJet,45,3451,621,4072
2026-08-28,2026-10-12,BOM-BLR,SpiceJet,45,3155,567,3722
2026-08-28,2026-10-12,BOM-BLR,SpiceJet,45,2854,513,3367
2026-08-28,2026-10-12,BOM-BLR,SpiceJet,45,3213,578,3791
2026-08-28,2026-10-12,BOM-BLR,SpiceJet,45,2899,521,3420
2026-08-28,2026-09-27,BOM-BLR,SpiceJet,30,3674,661,4335
2026-08-28,2026-09-27,BOM-BLR,SpiceJet,30,3148,566,3714
2026-08-28,2026-09-27,BOM-BLR,SpiceJet,30,3885,699,4584
2026-08-28,2026-09-27,BOM-BLR,SpiceJet,30,3978,716,4694
2026-08-28,2026-09-27,BOM-BLR,SpiceJet,30,3219,579,3798
2026-08-28,2026-09-12,BOM-BLR,SpiceJet,15,4815,866,5681
2026-08-28,2026-09-12,BOM-BLR,SpiceJet,15,4203,756,4959
2026-08-28,2026-09-12,BOM-BLR,SpiceJet,15,4760,856,5616
2026-08-28,2026-09-12,BOM-BLR,SpiceJet,15,3962,713,4675
2026-08-28,2026-09-12,BOM-BLR,SpiceJet,15,4452,801,5253
2026-08-28,2026-09-04,BOM-BLR,SpiceJet,7,5607,1009,6616
2026-08-28,2026-09-04,BOM-BLR,SpiceJet,7,5449,980,6429
2026-08-28,2026-09-04,BOM-BLR,SpiceJet,7,6410,1153,7563
2026-08-28,2026-09-04,BOM-BLR,SpiceJet,7,5123,922,6045
2026-08-28,2026-09-04,BOM-BLR,SpiceJet,7,6294,1132,7426
2026-08-28,2026-08-29,BOM-BLR,SpiceJet,1,9586,1725,11311
2026-08-28,2026-08-29,BOM-BLR,SpiceJet,1,8541,1537,10078
2026-08-28,2026-08-29,BOM-BLR,SpiceJet,1,9070,1632,10702
2026-08-28,2026-08-29,BOM-BLR,SpiceJet,1,8070,1452,9522
2026-08-28,2026-08-29,BOM-BLR,SpiceJet,1,7693,1384,9077
2026-08-28,2026-10-12,DEL-CCU,IndiGo,45,4336,780,5116
2026-08-28,2026-10-12,DEL-CCU,IndiGo,45,4560,820,5380
2026-08-28,2026-10-12,DEL-CCU,IndiGo,45,4736,852,5588
2026-08-28,2026-10-12,DEL-CCU,IndiGo,45,5239,943,6182
2026-08-28,2026-10-12,DEL-CCU,IndiGo,45,5274,949,6223
2026-08-28,2026-09-27,DEL-CCU,IndiGo,30,5277,949,6226
2026-08-28,2026-09-27,DEL-CCU,IndiGo,30,5062,911,5973
2026-08-28,2026-09-27,DEL-CCU,IndiGo,30,5119,921,6040
2026-08-28,2026-09-27,DEL-CCU,IndiGo,30,5322,957,6279
2026-08-28,2026-09-27,DEL-CCU,IndiGo,30,5798,1043,6841
2026-08-28,2026-09-12,DEL-CCU,IndiGo,15,7020,1263,8283
2026-08-28,2026-09-12,DEL-CCU,IndiGo,15,7273,1309,8582
2026-08-28,2026-09-12,DEL-CCU,IndiGo,15,6909,1243,8152
2026-08-28,2026-09-12,DEL-CCU,IndiGo,15,6902,1242,8144
2026-08-28,2026-09-12,DEL-CCU,IndiGo,15,6815,1226,8041
2026-08-28,2026-09-04,DEL-CCU,IndiGo,7,7897,1421,9318
2026-08-28,2026-09-04,DEL-CCU,IndiGo,7,8399,1511,9910
2026-08-28,2026-09-04,DEL-CCU,IndiGo,7,8087,1455,9542
2026-08-28,2026-09-04,DEL-CCU,IndiGo,7,8608,1549,10157
2026-08-28,2026-09-04,DEL-CCU,IndiGo,7,9427,1696,11123
2026-08-28,2026-08-29,DEL-CCU,IndiGo,1,14467,2604,17071
2026-08-28,2026-08-29,DEL-CCU,IndiGo,1,11908,2143,14051
2026-08-28,2026-08-29,DEL-CCU,IndiGo,1,11543,2077,13620
2026-08-28,2026-08-29,DEL-CCU,IndiGo,1,13306,2395,15701
2026-08-28,2026-08-29,DEL-CCU,IndiGo,1,13264,2387,15651
2026-08-28,2026-10-12,DEL-CCU,Air India,45,5126,922,6048
2026-08-28,2026-10-12,DEL-CCU,Air India,45,5951,1071,7022
2026-08-28,2026-10-12,DEL-CCU,Air India,45,6267,1128,7395
2026-08-28,2026-10-12,DEL-CCU,Air India,45,5704,1026,6730
2026-08-28,2026-10-12,DEL-CCU,Air India,45,5891,1060,6951
2026-08-28,2026-09-27,DEL-CCU,Air India,30,5759,1036,6795
2026-08-28,2026-09-27,DEL-CCU,Air India,30,5897,1061,6958
2026-08-28,2026-09-27,DEL-CCU,Air India,30,6120,1101,7221
2026-08-28,2026-09-27,DEL-CCU,Air India,30,6372,1146,7518
2026-08-28,2026-09-27,DEL-CCU,Air India,30,5858,1054,6912
2026-08-28,2026-09-12,DEL-CCU,Air India,15,8175,1471,9646
2026-08-28,2026-09-12,DEL-CCU,Air India,15,8295,1493,9788
2026-08-28,2026-09-12,DEL-CCU,Air India,15,6972,1254,8226
2026-08-28,2026-09-12,DEL-CCU,Air India,15,7446,1340,8786
2026-08-28,2026-09-12,DEL-CCU,Air India,15,8424,1516,9940
2026-08-28,2026-09-04,DEL-CCU,Air India,7,10425,1876,12301
2026-08-28,2026-09-04,DEL-CCU,Air India,7,11176,2011,13187
2026-08-28,2026-09-04,DEL-CCU,Air India,7,9170,1650,10820
2026-08-28,2026-09-04,DEL-CCU,Air India,7,11128,2003,13131
2026-08-28,2026-09-04,DEL-CCU,Air India,7,10702,1926,12628
2026-08-28,2026-08-29,DEL-CCU,Air India,1,14866,2675,17541
2026-08-28,2026-08-29,DEL-CCU,Air India,1,16367,2946,19313
2026-08-28,2026-08-29,DEL-CCU,Air India,1,14808,2665,17473
2026-08-28,2026-08-29,DEL-CCU,Air India,1,15951,2871,18822
2026-08-28,2026-08-29,DEL-CCU,Air India,1,15339,2761,18100
2026-08-28,2026-10-12,DEL-CCU,Akasa,45,4801,864,5665
2026-08-28,2026-10-12,DEL-CCU,Akasa,45,4996,899,5895
2026-08-28,2026-10-12,DEL-CCU,Akasa,45,4113,740,4853
2026-08-28,2026-10-12,DEL-CCU,Akasa,45,4586,825,5411
2026-08-28,2026-10-12,DEL-CCU,Akasa,45,4340,781,5121
2026-08-28,2026-09-27,DEL-CCU,Akasa,30,5035,906,5941
2026-08-28,2026-09-27,DEL-CCU,Akasa,30,4812,866,5678
2026-08-28,2026-09-27,DEL-CCU,Akasa,30,4624,832,5456
2026-08-28,2026-09-27,DEL-CCU,Akasa,30,5209,937,6146
2026-08-28,2026-09-27,DEL-CCU,Akasa,30,4554,819,5373
2026-08-28,2026-09-12,DEL-CCU,Akasa,15,5638,1014,6652
2026-08-28,2026-09-12,DEL-CCU,Akasa,15,6739,1213,7952
2026-08-28,2026-09-12,DEL-CCU,Akasa,15,6144,1105,7249
2026-08-28,2026-09-12,DEL-CCU,Akasa,15,5923,1066,6989
2026-08-28,2026-09-12,DEL-CCU,Akasa,15,6081,1094,7175
2026-08-28,2026-09-04,DEL-CCU,Akasa,7,8826,1588,10414
2026-08-28,2026-09-04,DEL-CCU,Akasa,7,7403,1332,8735
2026-08-28,2026-09-04,DEL-CCU,Akasa,7,8736,1572,10308
2026-08-28,2026-09-04,DEL-CCU,Akasa,7,9393,1690,11083
2026-08-28,2026-09-04,DEL-CCU,Akasa,7,9283,1670,10953
2026-08-28,2026-08-29,DEL-CCU,Akasa,1,10916,1964,12880
2026-08-28,2026-08-29,DEL-CCU,Akasa,1,12530,2255,14785
2026-08-28,2026-08-29,DEL-CCU,Akasa,1,13072,2352,15424
2026-08-28,2026-08-29,DEL-CCU,Akasa,1,13494,2428,15922
2026-08-28,2026-08-29,DEL-CCU,Akasa,1,10971,1974,12945
2026-08-28,2026-10-12,DEL-CCU,SpiceJet,45,4728,851,5579
2026-08-28,2026-10-12,DEL-CCU,SpiceJet,45,3982,716,4698
2026-08-28,2026-10-12,DEL-CCU,SpiceJet,45,4712,848,5560
2026-08-28,2026-10-12,DEL-CCU,SpiceJet,45,4235,762,4997
2026-08-28,2026-10-12,DEL-CCU,SpiceJet,45,4634,834,5468
2026-08-28,2026-09-27,DEL-CCU,SpiceJet,30,4978,896,5874
2026-08-28,2026-09-27,DEL-CCU,SpiceJet,30,4678,842,5520
2026-08-28,2026-09-27,DEL-CCU,SpiceJet,30,4588,825,5413
2026-08-28,2026-09-27,DEL-CCU,SpiceJet,30,4385,789,5174
2026-08-28,2026-09-27,DEL-CCU,SpiceJet,30,5111,919,6030
2026-08-28,2026-09-12,DEL-CCU,SpiceJet,15,5300,954,6254
2026-08-28,2026-09-12,DEL-CCU,SpiceJet,15,6108,1099,7207
2026-08-28,2026-09-12,DEL-CCU,SpiceJet,15,6012,1082,7094
2026-08-28,2026-09-12,DEL-CCU,SpiceJet,15,5922,1065,6987
2026-08-28,2026-09-12,DEL-CCU,SpiceJet,15,6612,1190,7802
2026-08-28,2026-09-04,DEL-CCU,SpiceJet,7,7471,1344,8815
2026-08-28,2026-09-04,DEL-CCU,SpiceJet,7,8800,1584,10384
2026-08-28,2026-09-04,DEL-CCU,SpiceJet,7,8905,1602,10507
2026-08-28,2026-09-04,DEL-CCU,SpiceJet,7,8031,1445,9476
2026-08-28,2026-09-04,DEL-CCU,SpiceJet,7,7222,1299,8521
2026-08-28,2026-08-29,DEL-CCU,SpiceJet,1,12926,2326,15252
2026-08-28,2026-08-29,DEL-CCU,SpiceJet,1,11332,2039,13371
2026-08-28,2026-08-29,DEL-CCU,SpiceJet,1,10685,1923,12608
2026-08-28,2026-08-29,DEL-CCU,SpiceJet,1,11284,2031,13315
2026-08-28,2026-08-29,DEL-CCU,SpiceJet,1,11208,2017,13225
2026-08-28,2026-10-12,BLR-HYD,IndiGo,45,3195,575,3770
2026-08-28,2026-10-12,BLR-HYD,IndiGo,45,2849,512,3361
2026-08-28,2026-10-12,BLR-HYD,IndiGo,45,2932,527,3459
2026-08-28,2026-10-12,BLR-HYD,IndiGo,45,3096,557,3653
2026-08-28,2026-10-12,BLR-HYD,IndiGo,45,2708,487,3195
2026-08-28,2026-09-27,BLR-HYD,IndiGo,30,3299,593,3892
2026-08-28,2026-09-27,BLR-HYD,IndiGo,30,3075,553,3628
2026-08-28,2026-09-27,BLR-HYD,IndiGo,30,3213,578,3791
2026-08-28,2026-09-27,BLR-HYD,IndiGo,30,3059,550,3609
2026-08-28,2026-09-27,BLR-HYD,IndiGo,30,2785,501,3286
2026-08-28,2026-09-12,BLR-HYD,IndiGo,15,3787,681,4468
2026-08-28,2026-09-12,BLR-HYD,IndiGo,15,4271,768,5039
2026-08-28,2026-09-12,BLR-HYD,IndiGo,15,3777,679,4456
2026-08-28,2026-09-12,BLR-HYD,IndiGo,15,3639,655,4294
2026-08-28,2026-09-12,BLR-HYD,IndiGo,15,3989,718,4707
2026-08-28,2026-09-04,BLR-HYD,IndiGo,7,5381,968,6349
2026-08-28,2026-09-04,BLR-HYD,IndiGo,7,4808,865,5673
2026-08-28,2026-09-04,BLR-HYD,IndiGo,7,4650,837,5487
2026-08-28,2026-09-04,BLR-HYD,IndiGo,7,5559,1000,6559
2026-08-28,2026-09-04,BLR-HYD,IndiGo,7,5472,984,6456
2026-08-28,2026-08-29,BLR-HYD,IndiGo,1,7609,1369,8978
2026-08-28,2026-08-29,BLR-HYD,IndiGo,1,6804,1224,8028
2026-08-28,2026-08-29,BLR-HYD,IndiGo,1,7696,1385,9081
2026-08-28,2026-08-29,BLR-HYD,IndiGo,1,8267,1488,9755
2026-08-28,2026-08-29,BLR-HYD,IndiGo,1,7777,1399,9176
2026-08-28,2026-10-12,BLR-HYD,Air India,45,3278,590,3868
2026-08-28,2026-10-12,BLR-HYD,Air India,45,3145,566,3711
2026-08-28,2026-10-12,BLR-HYD,Air India,45,3175,571,3746
2026-08-28,2026-10-12,BLR-HYD,Air India,45,3091,556,3647
2026-08-28,2026-10-12,BLR-HYD,Air India,45,3543,637,4180
2026-08-28,2026-09-27,BLR-HYD,Air India,30,3858,694,4552
2026-08-28,2026-09-27,BLR-HYD,Air India,30,3862,695,4557
2026-08-28,2026-09-27,BLR-HYD,Air India,30,3533,635,4168
2026-08-28,2026-09-27,BLR-HYD,Air India,30,3590,646,4236
2026-08-28,2026-09-27,BLR-HYD,Air India,30,3612,650,4262
2026-08-28,2026-09-12,BLR-HYD,Air India,15,4652,837,5489
2026-08-28,2026-09-12,BLR-HYD,Air India,15,4855,873,5728
2026-08-28,2026-09-12,BLR-HYD,Air India,15,4984,897,5881
2026-08-28,2026-09-12,BLR-HYD,Air India,15,4015,722,4737
2026-08-28,2026-09-12,BLR-HYD,Air India,15,4627,832,5459
2026-08-28,2026-09-04,BLR-HYD,Air India,7,6361,1144,7505
2026-08-28,2026-09-04,BLR-HYD,Air India,7,6103,1098,7201
2026-08-28,2026-09-04,BLR-HYD,Air India,7,5248,944,6192
2026-08-28,2026-09-04,BLR-HYD,Air India,7,6604,1188,7792
2026-08-28,2026-09-04,BLR-HYD,Air India,7,5469,984,6453
2026-08-28,2026-08-29,BLR-HYD,Air India,1,8608,1549,10157
2026-08-28,2026-08-29,BLR-HYD,Air India,1,8893,1600,10493
2026-08-28,2026-08-29,BLR-HYD,Air India,1,9074,1633,10707
2026-08-28,2026-08-29,BLR-HYD,Air India,1,9574,1723,11297
2026-08-28,2026-08-29,BLR-HYD,Air India,1,8640,1555,10195
2026-08-28,2026-10-12,BLR-HYD,Akasa,45,2513,452,2965
2026-08-28,2026-10-12,BLR-HYD,Akasa,45,2846,512,3358
2026-08-28,2026-10-12,BLR-HYD,Akasa,45,2978,536,3514
2026-08-28,2026-10-12,BLR-HYD,Akasa,45,2650,477,3127
2026-08-28,2026-10-12,BLR-HYD,Akasa,45,2713,488,3201
2026-08-28,2026-09-27,BLR-HYD,Akasa,30,2966,533,3499
2026-08-28,2026-09-27,BLR-HYD,Akasa,30,3272,588,3860
2026-08-28,2026-09-27,BLR-HYD,Akasa,30,3105,558,3663
2026-08-28,2026-09-27,BLR-HYD,Akasa,30,3231,581,3812
2026-08-28,2026-09-27,BLR-HYD,Akasa,30,2881,518,3399
2026-08-28,2026-09-12,BLR-HYD,Akasa,15,4123,742,4865
2026-08-28,2026-09-12,BLR-HYD,Akasa,15,4080,734,4814
2026-08-28,2026-09-12,BLR-HYD,Akasa,15,3272,588,3860
2026-08-28,2026-09-12,BLR-HYD,Akasa,15,3563,641,4204
2026-08-28,2026-09-12,BLR-HYD,Akasa,15,3410,613,4023
2026-08-28,2026-09-04,BLR-HYD,Akasa,7,4617,831,5448
2026-08-28,2026-09-04,BLR-HYD,Akasa,7,5110,919,6029
2026-08-28,2026-09-04,BLR-HYD,Akasa,7,4891,880,5771
2026-08-28,2026-09-04,BLR-HYD,Akasa,7,4814,866,5680
2026-08-28,2026-09-04,BLR-HYD,Akasa,7,4794,862,5656
2026-08-28,2026-08-29,BLR-HYD,Akasa,1,6374,1147,7521
2026-08-28,2026-08-29,BLR-HYD,Akasa,1,7453,1341,8794
2026-08-28,2026-08-29,BLR-HYD,Akasa,1,6452,1161,7613
2026-08-28,2026-08-29,BLR-HYD,Akasa,1,6822,1227,8049
2026-08-28,2026-08-29,BLR-HYD,Akasa,1,7965,1433,9398
2026-08-28,2026-10-12,BLR-HYD,SpiceJet,45,2680,482,3162
2026-08-28,2026-10-12,BLR-HYD,SpiceJet,45,2894,520,3414
2026-08-28,2026-10-12,BLR-HYD,SpiceJet,45,2496,449,2945
2026-08-28,2026-10-12,BLR-HYD,SpiceJet,45,2518,453,2971
2026-08-28,2026-10-12,BLR-HYD,SpiceJet,45,2669,480,3149
2026-08-28,2026-09-27,BLR-HYD,SpiceJet,30,2713,488,3201
2026-08-28,2026-09-27,BLR-HYD,SpiceJet,30,2859,514,3373
2026-08-28,2026-09-27,BLR-HYD,SpiceJet,30,3004,540,3544
2026-08-28,2026-09-27,BLR-HYD,SpiceJet,30,3168,570,3738
2026-08-28,2026-09-27,BLR-HYD,SpiceJet,30,2562,461,3023
2026-08-28,2026-09-12,BLR-HYD,SpiceJet,15,3710,667,4377
2026-08-28,2026-09-12,BLR-HYD,SpiceJet,15,3332,599,3931
2026-08-28,2026-09-12,BLR-HYD,SpiceJet,15,3429,617,4046
2026-08-28,2026-09-12,BLR-HYD,SpiceJet,15,3741,673,4414
2026-08-28,2026-09-12,BLR-HYD,SpiceJet,15,3728,671,4399
2026-08-28,2026-09-04,BLR-HYD,SpiceJet,7,4768,858,5626
2026-08-28,2026-09-04,BLR-HYD,SpiceJet,7,4663,839,5502
2026-08-28,2026-09-04,BLR-HYD,SpiceJet,7,4923,886,5809
2026-08-28,2026-09-04,BLR-HYD,SpiceJet,7,4168,750,4918
2026-08-28,2026-09-04,BLR-HYD,SpiceJet,7,4310,775,5085
2026-08-28,2026-08-29,BLR-HYD,SpiceJet,1,6418,1155,7573
2026-08-28,2026-08-29,BLR-HYD,SpiceJet,1,7210,1297,8507
2026-08-28,2026-08-29,BLR-HYD,SpiceJet,1,7199,1295,8494
2026-08-28,2026-08-29,BLR-HYD,SpiceJet,1,6192,1114,7306
2026-08-28,2026-08-29,BLR-HYD,SpiceJet,1,6689,1204,7893
2026-08-29,2026-10-13,DEL-BOM,IndiGo,45,4403,792,5195
2026-08-29,2026-10-13,DEL-BOM,IndiGo,45,4712,848,5560
2026-08-29,2026-10-13,DEL-BOM,IndiGo,45,4155,747,4902
2026-08-29,2026-10-13,DEL-BOM,IndiGo,45,4638,834,5472
2026-08-29,2026-10-13,DEL-BOM,IndiGo,45,4007,721,4728
2026-08-29,2026-09-28,DEL-BOM,IndiGo,30,4953,891,5844
2026-08-29,2026-09-28,DEL-BOM,IndiGo,30,4602,828,5430
2026-08-29,2026-09-28,DEL-BOM,IndiGo,30,5074,913,5987
2026-08-29,2026-09-28,DEL-BOM,IndiGo,30,5278,950,6228
2026-08-29,2026-09-28,DEL-BOM,IndiGo,30,4324,778,5102
2026-08-29,2026-09-13,DEL-BOM,IndiGo,15,6292,1132,7424
2026-08-29,2026-09-13,DEL-BOM,IndiGo,15,5716,1028,6744
2026-08-29,2026-09-13,DEL-BOM,IndiGo,15,6431,1157,7588
2026-08-29,2026-09-13,DEL-BOM,IndiGo,15,6375,1147,7522
2026-08-29,2026-09-13,DEL-BOM,IndiGo,15,5592,1006,6598
2026-08-29,2026-09-05,DEL-BOM,IndiGo,7,7840,1411,9251
2026-08-29,2026-09-05,DEL-BOM,IndiGo,7,8616,1550,10166
2026-08-29,2026-09-05,DEL-BOM,IndiGo,7,8173,1471,9644
2026-08-29,2026-09-05,DEL-BOM,IndiGo,7,8121,1461,9582
2026-08-29,2026-09-05,DEL-BOM,IndiGo,7,7296,1313,8609
2026-08-29,2026-08-30,DEL-BOM,IndiGo,1,11142,2005,13147
2026-08-29,2026-08-30,DEL-BOM,IndiGo,1,12717,2289,15006
2026-08-29,2026-08-30,DEL-BOM,IndiGo,1,11809,2125,13934
2026-08-29,2026-08-30,DEL-BOM,IndiGo,1,12327,2218,14545
2026-08-29,2026-08-30,DEL-BOM,IndiGo,1,11027,1984,13011
2026-08-29,2026-10-13,DEL-BOM,Air India,45,4791,862,5653
2026-08-29,2026-10-13,DEL-BOM,Air India,45,4627,832,5459
2026-08-29,2026-10-13,DEL-BOM,Air India,45,4826,868,5694
2026-08-29,2026-10-13,DEL-BOM,Air India,45,4865,875,5740
2026-08-29,2026-10-13,DEL-BOM,Air India,45,4793,862,5655
2026-08-29,2026-09-28,DEL-BOM,Air India,30,4977,895,5872
2026-08-29,2026-09-28,DEL-BOM,Air India,30,5741,1033,6774
2026-08-29,2026-09-28,DEL-BOM,Air India,30,5236,942,6178
2026-08-29,2026-09-28,DEL-BOM,Air India,30,5934,1068,7002
2026-08-29,2026-09-28,DEL-BOM,Air India,30,5425,976,6401
2026-08-29,2026-09-13,DEL-BOM,Air India,15,6758,1216,7974
2026-08-29,2026-09-13,DEL-BOM,Air India,15,6706,1207,7913
2026-08-29,2026-09-13,DEL-BOM,Air India,15,6593,1186,7779
2026-08-29,2026-09-13,DEL-BOM,Air India,15,6118,1101,7219
2026-08-29,2026-09-13,DEL-BOM,Air India,15,6125,1102,7227
2026-08-29,2026-09-05,DEL-BOM,Air India,7,9574,1723,11297
2026-08-29,2026-09-05,DEL-BOM,Air India,7,9804,1764,11568
2026-08-29,2026-09-05,DEL-BOM,Air India,7,8387,1509,9896
2026-08-29,2026-09-05,DEL-BOM,Air India,7,8248,1484,9732
2026-08-29,2026-09-05,DEL-BOM,Air India,7,9458,1702,11160
2026-08-29,2026-08-30,DEL-BOM,Air India,1,13285,2391,15676
2026-08-29,2026-08-30,DEL-BOM,Air India,1,12124,2182,14306
2026-08-29,2026-08-30,DEL-BOM,Air India,1,12064,2171,14235
2026-08-29,2026-08-30,DEL-BOM,Air India,1,12985,2337,15322
2026-08-29,2026-08-30,DEL-BOM,Air India,1,11647,2096,13743
2026-08-29,2026-10-13,DEL-BOM,Akasa,45,4038,726,4764
2026-08-29,2026-10-13,DEL-BOM,Akasa,45,3669,660,4329
2026-08-29,2026-10-13,DEL-BOM,Akasa,45,4105,738,4843
2026-08-29,2026-10-13,DEL-BOM,Akasa,45,4092,736,4828
2026-08-29,2026-10-13,DEL-BOM,Akasa,45,3704,666,4370
2026-08-29,2026-09-28,DEL-BOM,Akasa,30,4023,724,4747
2026-08-29,2026-09-28,DEL-BOM,Akasa,30,4513,812,5325
2026-08-29,2026-09-28,DEL-BOM,Akasa,30,4035,726,4761
2026-08-29,2026-09-28,DEL-BOM,Akasa,30,4309,775,5084
2026-08-29,2026-09-28,DEL-BOM,Akasa,30,5045,908,5953
2026-08-29,2026-09-13,DEL-BOM,Akasa,15,5149,926,6075
2026-08-29,2026-09-13,DEL-BOM,Akasa,15,4899,881,5780
2026-08-29,2026-09-13,DEL-BOM,Akasa,15,5721,1029,6750
2026-08-29,2026-09-13,DEL-BOM,Akasa,15,6154,1107,7261
2026-08-29,2026-09-13,DEL-BOM,Akasa,15,5949,1070,7019
2026-08-29,2026-09-05,DEL-BOM,Akasa,7,6877,1237,8114
2026-08-29,2026-09-05,DEL-BOM,Akasa,7,7600,1368,8968
2026-08-29,2026-09-05,DEL-BOM,Akasa,7,7600,1368,8968
2026-08-29,2026-09-05,DEL-BOM,Akasa,7,7265,1307,8572
2026-08-29,2026-09-05,DEL-BOM,Akasa,7,8192,1474,9666
2026-08-29,2026-08-30,DEL-BOM,Akasa,1,10742,1933,12675
2026-08-29,2026-08-30,DEL-BOM,Akasa,1,11404,2052,13456
2026-08-29,2026-08-30,DEL-BOM,Akasa,1,9879,1778,11657
2026-08-29,2026-08-30,DEL-BOM,Akasa,1,11923,2146,14069
2026-08-29,2026-08-30,DEL-BOM,Akasa,1,9708,1747,11455
2026-08-29,2026-10-13,DEL-BOM,SpiceJet,45,4069,732,4801
2026-08-29,2026-10-13,DEL-BOM,SpiceJet,45,3706,667,4373
2026-08-29,2026-10-13,DEL-BOM,SpiceJet,45,3545,638,4183
2026-08-29,2026-10-13,DEL-BOM,SpiceJet,45,4292,772,5064
2026-08-29,2026-10-13,DEL-BOM,SpiceJet,45,3866,695,4561
2026-08-29,2026-09-28,DEL-BOM,SpiceJet,30,4477,805,5282
2026-08-29,2026-09-28,DEL-BOM,SpiceJet,30,4039,727,4766
2026-08-29,2026-09-28,DEL-BOM,SpiceJet,30,4674,841,5515
2026-08-29,2026-09-28,DEL-BOM,SpiceJet,30,4061,730,4791
2026-08-29,2026-09-28,DEL-BOM,SpiceJet,30,4102,738,4840
2026-08-29,2026-09-13,DEL-BOM,SpiceJet,15,4812,866,5678
2026-08-29,2026-09-13,DEL-BOM,SpiceJet,15,4632,833,5465
2026-08-29,2026-09-13,DEL-BOM,SpiceJet,15,4994,898,5892
2026-08-29,2026-09-13,DEL-BOM,SpiceJet,15,5213,938,6151
2026-08-29,2026-09-13,DEL-BOM,SpiceJet,15,5430,977,6407
2026-08-29,2026-09-05,DEL-BOM,SpiceJet,7,6638,1194,7832
2026-08-29,2026-09-05,DEL-BOM,SpiceJet,7,6765,1217,7982
2026-08-29,2026-09-05,DEL-BOM,SpiceJet,7,6929,1247,8176
2026-08-29,2026-09-05,DEL-BOM,SpiceJet,7,7381,1328,8709
2026-08-29,2026-09-05,DEL-BOM,SpiceJet,7,7732,1391,9123
2026-08-29,2026-08-30,DEL-BOM,SpiceJet,1,9016,1622,10638
2026-08-29,2026-08-30,DEL-BOM,SpiceJet,1,10557,1900,12457
2026-08-29,2026-08-30,DEL-BOM,SpiceJet,1,11345,2042,13387
2026-08-29,2026-08-30,DEL-BOM,SpiceJet,1,9866,1775,11641
2026-08-29,2026-08-30,DEL-BOM,SpiceJet,1,10119,1821,11940
2026-08-29,2026-10-13,DEL-BLR,IndiGo,45,5617,1011,6628
2026-08-29,2026-10-13,DEL-BLR,IndiGo,45,6040,1087,7127
2026-08-29,2026-10-13,DEL-BLR,IndiGo,45,5859,1054,6913
2026-08-29,2026-10-13,DEL-BLR,IndiGo,45,6067,1092,7159
2026-08-29,2026-10-13,DEL-BLR,IndiGo,45,5727,1030,6757
2026-08-29,2026-09-28,DEL-BLR,IndiGo,30,6222,1119,7341
2026-08-29,2026-09-28,DEL-BLR,IndiGo,30,6754,1215,7969
2026-08-29,2026-09-28,DEL-BLR,IndiGo,30,6549,1178,7727
2026-08-29,2026-09-28,DEL-BLR,IndiGo,30,5669,1020,6689
2026-08-29,2026-09-28,DEL-BLR,IndiGo,30,6691,1204,7895
2026-08-29,2026-09-13,DEL-BLR,IndiGo,15,7486,1347,8833
2026-08-29,2026-09-13,DEL-BLR,IndiGo,15,7606,1369,8975
2026-08-29,2026-09-13,DEL-BLR,IndiGo,15,7277,1309,8586
2026-08-29,2026-09-13,DEL-BLR,IndiGo,15,8151,1467,9618
2026-08-29,2026-09-13,DEL-BLR,IndiGo,15,8046,1448,9494
2026-08-29,2026-09-05,DEL-BLR,IndiGo,7,10553,1899,12452
2026-08-29,2026-09-05,DEL-BLR,IndiGo,7,10330,1859,12189
2026-08-29,2026-09-05,DEL-BLR,IndiGo,7,10662,1919,12581
2026-08-29,2026-09-05,DEL-BLR,IndiGo,7,9863,1775,11638
2026-08-29,2026-09-05,DEL-BLR,IndiGo,7,9739,1753,11492
2026-08-29,2026-08-30,DEL-BLR,IndiGo,1,14502,2610,17112
2026-08-29,2026-08-30,DEL-BLR,IndiGo,1,13372,2406,15778
2026-08-29,2026-08-30,DEL-BLR,IndiGo,1,13945,2510,16455
2026-08-29,2026-08-30,DEL-BLR,IndiGo,1,16515,2972,19487
2026-08-29,2026-08-30,DEL-BLR,IndiGo,1,13250,2385,15635
2026-08-29,2026-10-13,DEL-BLR,Air India,45,7152,1287,8439
2026-08-29,2026-10-13,DEL-BLR,Air India,45,6371,1146,7517
2026-08-29,2026-10-13,DEL-BLR,Air India,45,6655,1197,7852
2026-08-29,2026-10-13,DEL-BLR,Air India,45,7088,1275,8363
2026-08-29,2026-10-13,DEL-BLR,Air India,45,6915,1244,8159
2026-08-29,2026-09-28,DEL-BLR,Air India,30,7559,1360,8919
2026-08-29,2026-09-28,DEL-BLR,Air India,30,7097,1277,8374
2026-08-29,2026-09-28,DEL-BLR,Air India,30,6973,1255,8228
2026-08-29,2026-09-28,DEL-BLR,Air India,30,7710,1387,9097
2026-08-29,2026-09-28,DEL-BLR,Air India,30,6422,1155,7577
2026-08-29,2026-09-13,DEL-BLR,Air India,15,9055,1629,10684
2026-08-29,2026-09-13,DEL-BLR,Air India,15,9732,1751,11483
2026-08-29,2026-09-13,DEL-BLR,Air India,15,9383,1688,11071
2026-08-29,2026-09-13,DEL-BLR,Air India,15,8714,1568,10282
2026-08-29,2026-09-13,DEL-BLR,Air India,15,9758,1756,11514
2026-08-29,2026-09-05,DEL-BLR,Air India,7,10433,1877,12310
2026-08-29,2026-09-05,DEL-BLR,Air India,7,10941,1969,12910
2026-08-29,2026-09-05,DEL-BLR,Air India,7,12616,2270,14886
2026-08-29,2026-09-05,DEL-BLR,Air India,7,10677,1921,12598
2026-08-29,2026-09-05,DEL-BLR,Air India,7,12433,2237,14670
2026-08-29,2026-08-30,DEL-BLR,Air India,1,18285,3291,21576
2026-08-29,2026-08-30,DEL-BLR,Air India,1,17730,3191,20921
2026-08-29,2026-08-30,DEL-BLR,Air India,1,18424,3316,21740
2026-08-29,2026-08-30,DEL-BLR,Air India,1,18852,3393,22245
2026-08-29,2026-08-30,DEL-BLR,Air India,1,18790,3382,22172
2026-08-29,2026-10-13,DEL-BLR,Akasa,45,5846,1052,6898
2026-08-29,2026-10-13,DEL-BLR,Akasa,45,5716,1028,6744
2026-08-29,2026-10-13,DEL-BLR,Akasa,45,5836,1050,6886
2026-08-29,2026-10-13,DEL-BLR,Akasa,45,4996,899,5895
2026-08-29,2026-10-13,DEL-BLR,Akasa,45,5659,1018,6677
2026-08-29,2026-09-28,DEL-BLR,Akasa,30,6040,1087,7127
2026-08-29,2026-09-28,DEL-BLR,Akasa,30,6317,1137,7454
2026-08-29,2026-09-28,DEL-BLR,Akasa,30,5915,1064,6979
2026-08-29,2026-09-28,DEL-BLR,Akasa,30,6396,1151,7547
2026-08-29,2026-09-28,DEL-BLR,Akasa,30,6164,1109,7273
2026-08-29,2026-09-13,DEL-BLR,Akasa,15,8083,1454,9537
2026-08-29,2026-09-13,DEL-BLR,Akasa,15,7641,1375,9016
2026-08-29,2026-09-13,DEL-BLR,Akasa,15,6368,1146,7514
2026-08-29,2026-09-13,DEL-BLR,Akasa,15,7375,1327,8702
2026-08-29,2026-09-13,DEL-BLR,Akasa,15,7724,1390,9114
2026-08-29,2026-09-05,DEL-BLR,Akasa,7,10382,1868,12250
2026-08-29,2026-09-05,DEL-BLR,Akasa,7,9969,1794,11763
2026-08-29,2026-09-05,DEL-BLR,Akasa,7,9306,1675,10981
2026-08-29,2026-09-05,DEL-BLR,Akasa,7,9155,1647,10802
2026-08-29,2026-09-05,DEL-BLR,Akasa,7,10520,1893,12413
2026-08-29,2026-08-30,DEL-BLR,Akasa,1,15352,2763,18115
2026-08-29,2026-08-30,DEL-BLR,Akasa,1,14150,2547,16697
2026-08-29,2026-08-30,DEL-BLR,Akasa,1,13921,2505,16426
2026-08-29,2026-08-30,DEL-BLR,Akasa,1,14020,2523,16543
2026-08-29,2026-08-30,DEL-BLR,Akasa,1,14570,2622,17192
2026-08-29,2026-10-13,DEL-BLR,SpiceJet,45,5363,965,6328
2026-08-29,2026-10-13,DEL-BLR,SpiceJet,45,4940,889,5829
2026-08-29,2026-10-13,DEL-BLR,SpiceJet,45,5358,964,6322
2026-08-29,2026-10-13,DEL-BLR,SpiceJet,45,4700,846,5546
2026-08-29,2026-10-13,DEL-BLR,SpiceJet,45,5118,921,6039
2026-08-29,2026-09-28,DEL-BLR,SpiceJet,30,5307,955,6262
2026-08-29,2026-09-28,DEL-BLR,SpiceJet,30,5840,1051,6891
2026-08-29,2026-09-28,DEL-BLR,SpiceJet,30,5995,1079,7074
2026-08-29,2026-09-28,DEL-BLR,SpiceJet,30,5267,948,6215
2026-08-29,2026-09-28,DEL-BLR,SpiceJet,30,5785,1041,6826
2026-08-29,2026-09-13,DEL-BLR,SpiceJet,15,7610,1369,8979
2026-08-29,2026-09-13,DEL-BLR,SpiceJet,15,7294,1312,8606
2026-08-29,2026-09-13,DEL-BLR,SpiceJet,15,6732,1211,7943
2026-08-29,2026-09-13,DEL-BLR,SpiceJet,15,6294,1132,7426
2026-08-29,2026-09-13,DEL-BLR,SpiceJet,15,7218,1299,8517
2026-08-29,2026-09-05,DEL-BLR,SpiceJet,7,9224,1660,10884
2026-08-29,2026-09-05,DEL-BLR,SpiceJet,7,8027,1444,9471
2026-08-29,2026-09-05,DEL-BLR,SpiceJet,7,8889,1600,10489
2026-08-29,2026-09-05,DEL-BLR,SpiceJet,7,10235,1842,12077
2026-08-29,2026-09-05,DEL-BLR,SpiceJet,7,8599,1547,10146
2026-08-29,2026-08-30,DEL-BLR,SpiceJet,1,12983,2336,15319
2026-08-29,2026-08-30,DEL-BLR,SpiceJet,1,14745,2654,17399
2026-08-29,2026-08-30,DEL-BLR,SpiceJet,1,12409,2233,14642
2026-08-29,2026-08-30,DEL-BLR,SpiceJet,1,13960,2512,16472
2026-08-29,2026-08-30,DEL-BLR,SpiceJet,1,13296,2393,15689
2026-08-29,2026-10-13,BOM-BLR,IndiGo,45,4018,723,4741
2026-08-29,2026-10-13,BOM-BLR,IndiGo,45,3416,614,4030
2026-08-29,2026-10-13,BOM-BLR,IndiGo,45,3970,714,4684
2026-08-29,2026-10-13,BOM-BLR,IndiGo,45,3600,648,4248
2026-08-29,2026-10-13,BOM-BLR,IndiGo,45,3242,583,3825
2026-08-29,2026-09-28,BOM-BLR,IndiGo,30,3934,708,4642
2026-08-29,2026-09-28,BOM-BLR,IndiGo,30,4363,785,5148
2026-08-29,2026-09-28,BOM-BLR,IndiGo,30,3677,661,4338
2026-08-29,2026-09-28,BOM-BLR,IndiGo,30,4152,747,4899
2026-08-29,2026-09-28,BOM-BLR,IndiGo,30,3899,701,4600
2026-08-29,2026-09-13,BOM-BLR,IndiGo,15,4263,767,5030
2026-08-29,2026-09-13,BOM-BLR,IndiGo,15,5318,957,6275
2026-08-29,2026-09-13,BOM-BLR,IndiGo,15,5411,973,6384
2026-08-29,2026-09-13,BOM-BLR,IndiGo,15,5120,921,6041
2026-08-29,2026-09-13,BOM-BLR,IndiGo,15,4637,834,5471
2026-08-29,2026-09-05,BOM-BLR,IndiGo,7,6488,1167,7655
2026-08-29,2026-09-05,BOM-BLR,IndiGo,7,5734,1032,6766
2026-08-29,2026-09-05,BOM-BLR,IndiGo,7,6433,1157,7590
2026-08-29,2026-09-05,BOM-BLR,IndiGo,7,5824,1048,6872
2026-08-29,2026-09-05,BOM-BLR,IndiGo,7,6880,1238,8118
2026-08-29,2026-08-30,BOM-BLR,IndiGo,1,10170,1830,12000
2026-08-29,2026-08-30,BOM-BLR,IndiGo,1,9594,1726,11320
2026-08-29,2026-08-30,BOM-BLR,IndiGo,1,9437,1698,11135
2026-08-29,2026-08-30,BOM-BLR,IndiGo,1,8544,1537,10081
2026-08-29,2026-08-30,BOM-BLR,IndiGo,1,10513,1892,12405
2026-08-29,2026-10-13,BOM-BLR,Air India,45,4189,754,4943
2026-08-29,2026-10-13,BOM-BLR,Air India,45,4433,797,5230
2026-08-29,2026-10-13,BOM-BLR,Air India,45,4149,746,4895
2026-08-29,2026-10-13,BOM-BLR,Air India,45,4025,724,4749
2026-08-29,2026-10-13,BOM-BLR,Air India,45,4394,790,5184
2026-08-29,2026-09-28,BOM-BLR,Air India,30,4608,829,5437
2026-08-29,2026-09-28,BOM-BLR,Air India,30,4089,736,4825
2026-08-29,2026-09-28,BOM-BLR,Air India,30,4482,806,5288
2026-08-29,2026-09-28,BOM-BLR,Air India,30,4060,730,4790
2026-08-29,2026-09-28,BOM-BLR,Air India,30,4563,821,5384
2026-08-29,2026-09-13,BOM-BLR,Air India,15,5835,1050,6885
2026-08-29,2026-09-13,BOM-BLR,Air India,15,6120,1101,7221
2026-08-29,2026-09-13,BOM-BLR,Air India,15,5159,928,6087
2026-08-29,2026-09-13,BOM-BLR,Air India,15,5663,1019,6682
2026-08-29,2026-09-13,BOM-BLR,Air India,15,5638,1014,6652
2026-08-29,2026-09-05,BOM-BLR,Air India,7,7457,1342,8799
2026-08-29,2026-09-05,BOM-BLR,Air India,7,7089,1276,8365
2026-08-29,2026-09-05,BOM-BLR,Air India,7,6955,1251,8206
2026-08-29,2026-09-05,BOM-BLR,Air India,7,7016,1262,8278
2026-08-29,2026-09-05,BOM-BLR,Air India,7,6530,1175,7705
2026-08-29,2026-08-30,BOM-BLR,Air India,1,11519,2073,13592
2026-08-29,2026-08-30,BOM-BLR,Air India,1,10635,1914,12549
2026-08-29,2026-08-30,BOM-BLR,Air India,1,9690,1744,11434
2026-08-29,2026-08-30,BOM-BLR,Air India,1,12064,2171,14235
2026-08-29,2026-08-30,BOM-BLR,Air India,1,10301,1854,12155
2026-08-29,2026-10-13,BOM-BLR,Akasa,45,3396,611,4007
2026-08-29,2026-10-13,BOM-BLR,Akasa,45,3336,600,3936
2026-08-29,2026-10-13,BOM-BLR,Akasa,45,3151,567,3718
2026-08-29,2026-10-13,BOM-BLR,Akasa,45,3497,629,4126
2026-08-29,2026-10-13,BOM-BLR,Akasa,45,3618,651,4269
2026-08-29,2026-09-28,BOM-BLR,Akasa,30,3814,686,4500
2026-08-29,2026-09-28,BOM-BLR,Akasa,30,3635,654,4289
2026-08-29,2026-09-28,BOM-BLR,Akasa,30,3888,699,4587
2026-08-29,2026-09-28,BOM-BLR,Akasa,30,3778,680,4458
2026-08-29,2026-09-28,BOM-BLR,Akasa,30,4172,750,4922
2026-08-29,2026-09-13,BOM-BLR,Akasa,15,4773,859,5632
2026-08-29,2026-09-13,BOM-BLR,Akasa,15,4913,884,5797
2026-08-29,2026-09-13,BOM-BLR,Akasa,15,4451,801,5252
2026-08-29,2026-09-13,BOM-BLR,Akasa,15,4640,835,5475
2026-08-29,2026-09-13,BOM-BLR,Akasa,15,5011,901,5912
2026-08-29,2026-09-05,BOM-BLR,Akasa,7,5804,1044,6848
2026-08-29,2026-09-05,BOM-BLR,Akasa,7,6569,1182,7751
2026-08-29,2026-09-05,BOM-BLR,Akasa,7,5669,1020,6689
2026-08-29,2026-09-05,BOM-BLR,Akasa,7,5709,1027,6736
2026-08-29,2026-09-05,BOM-BLR,Akasa,7,6591,1186,7777
2026-08-29,2026-08-30,BOM-BLR,Akasa,1,9035,1626,10661
2026-08-29,2026-08-30,BOM-BLR,Akasa,1,9881,1778,11659
2026-08-29,2026-08-30,BOM-BLR,Akasa,1,9444,1699,11143
2026-08-29,2026-08-30,BOM-BLR,Akasa,1,8916,1604,10520
2026-08-29,2026-08-30,BOM-BLR,Akasa,1,8750,1575,10325
2026-08-29,2026-10-13,BOM-BLR,SpiceJet,45,3478,626,4104
2026-08-29,2026-10-13,BOM-BLR,SpiceJet,45,2957,532,3489
2026-08-29,2026-10-13,BOM-BLR,SpiceJet,45,2850,513,3363
2026-08-29,2026-10-13,BOM-BLR,SpiceJet,45,3120,561,3681
2026-08-29,2026-10-13,BOM-BLR,SpiceJet,45,3317,597,3914
2026-08-29,2026-09-28,BOM-BLR,SpiceJet,30,3380,608,3988
2026-08-29,2026-09-28,BOM-BLR,SpiceJet,30,3777,679,4456
2026-08-29,2026-09-28,BOM-BLR,SpiceJet,30,3620,651,4271
2026-08-29,2026-09-28,BOM-BLR,SpiceJet,30,3461,622,4083
2026-08-29,2026-09-28,BOM-BLR,SpiceJet,30,3702,666,4368
2026-08-29,2026-09-13,BOM-BLR,SpiceJet,15,4661,838,5499
2026-08-29,2026-09-13,BOM-BLR,SpiceJet,15,4451,801,5252
2026-08-29,2026-09-13,BOM-BLR,SpiceJet,15,4013,722,4735
2026-08-29,2026-09-13,BOM-BLR,SpiceJet,15,4477,805,5282
2026-08-29,2026-09-13,BOM-BLR,SpiceJet,15,3893,700,4593
2026-08-29,2026-09-05,BOM-BLR,SpiceJet,7,5355,963,6318
2026-08-29,2026-09-05,BOM-BLR,SpiceJet,7,5106,919,6025
2026-08-29,2026-09-05,BOM-BLR,SpiceJet,7,5697,1025,6722
2026-08-29,2026-09-05,BOM-BLR,SpiceJet,7,6088,1095,7183
2026-08-29,2026-09-05,BOM-BLR,SpiceJet,7,5676,1021,6697
2026-08-29,2026-08-30,BOM-BLR,SpiceJet,1,7812,1406,9218
2026-08-29,2026-08-30,BOM-BLR,SpiceJet,1,8672,1560,10232
2026-08-29,2026-08-30,BOM-BLR,SpiceJet,1,7720,1389,9109
2026-08-29,2026-08-30,BOM-BLR,SpiceJet,1,8396,1511,9907
2026-08-29,2026-08-30,BOM-BLR,SpiceJet,1,8896,1601,10497
2026-08-29,2026-10-13,DEL-CCU,IndiGo,45,4775,859,5634
2026-08-29,2026-10-13,DEL-CCU,IndiGo,45,4888,879,5767
2026-08-29,2026-10-13,DEL-CCU,IndiGo,45,4595,827,5422
2026-08-29,2026-10-13,DEL-CCU,IndiGo,45,4643,835,5478
2026-08-29,2026-10-13,DEL-CCU,IndiGo,45,5224,940,6164
2026-08-29,2026-09-28,DEL-CCU,IndiGo,30,5016,902,5918
2026-08-29,2026-09-28,DEL-CCU,IndiGo,30,5201,936,6137
2026-08-29,2026-09-28,DEL-CCU,IndiGo,30,5021,903,5924
2026-08-29,2026-09-28,DEL-CCU,IndiGo,30,5088,915,6003
2026-08-29,2026-09-28,DEL-CCU,IndiGo,30,6000,1080,7080
2026-08-29,2026-09-13,DEL-CCU,IndiGo,15,6358,1144,7502
2026-08-29,2026-09-13,DEL-CCU,IndiGo,15,6339,1141,7480
2026-08-29,2026-09-13,DEL-CCU,IndiGo,15,5845,1052,6897
2026-08-29,2026-09-13,DEL-CCU,IndiGo,15,6567,1182,7749
2026-08-29,2026-09-13,DEL-CCU,IndiGo,15,6579,1184,7763
2026-08-29,2026-09-05,DEL-CCU,IndiGo,7,7914,1424,9338
2026-08-29,2026-09-05,DEL-CCU,IndiGo,7,9320,1677,10997
2026-08-29,2026-09-05,DEL-CCU,IndiGo,7,9612,1730,11342
2026-08-29,2026-09-05,DEL-CCU,IndiGo,7,8774,1579,10353
2026-08-29,2026-09-05,DEL-CCU,IndiGo,7,9084,1635,10719
2026-08-29,2026-08-30,DEL-CCU,IndiGo,1,12166,2189,14355
2026-08-29,2026-08-30,DEL-CCU,IndiGo,1,11696,2105,13801
2026-08-29,2026-08-30,DEL-CCU,IndiGo,1,13177,2371,15548
2026-08-29,2026-08-30,DEL-CCU,IndiGo,1,12860,2314,15174
2026-08-29,2026-08-30,DEL-CCU,IndiGo,1,12754,2295,15049
2026-08-29,2026-10-13,DEL-CCU,Air India,45,5787,1041,6828
2026-08-29,2026-10-13,DEL-CCU,Air India,45,5465,983,6448
2026-08-29,2026-10-13,DEL-CCU,Air India,45,5792,1042,6834
2026-08-29,2026-10-13,DEL-CCU,Air India,45,5114,920,6034
2026-08-29,2026-10-13,DEL-CCU,Air India,45,5643,1015,6658
2026-08-29,2026-09-28,DEL-CCU,Air India,30,6914,1244,8158
2026-08-29,2026-09-28,DEL-CCU,Air India,30,5907,1063,6970
2026-08-29,2026-09-28,DEL-CCU,Air India,30,6627,1192,7819
2026-08-29,2026-09-28,DEL-CCU,Air India,30,6442,1159,7601
2026-08-29,2026-09-28,DEL-CCU,Air India,30,6528,1175,7703
2026-08-29,2026-09-13,DEL-CCU,Air India,15,7909,1423,9332
2026-08-29,2026-09-13,DEL-CCU,Air India,15,7956,1432,9388
2026-08-29,2026-09-13,DEL-CCU,Air India,15,8221,1479,9700
2026-08-29,2026-09-13,DEL-CCU,Air India,15,7807,1405,9212
2026-08-29,2026-09-13,DEL-CCU,Air India,15,7391,1330,8721
2026-08-29,2026-09-05,DEL-CCU,Air India,7,11038,1986,13024
2026-08-29,2026-09-05,DEL-CCU,Air India,7,9706,1747,11453
2026-08-29,2026-09-05,DEL-CCU,Air India,7,9744,1753,11497
2026-08-29,2026-09-05,DEL-CCU,Air India,7,10967,1974,12941
2026-08-29,2026-09-05,DEL-CCU,Air India,7,9214,1658,10872
2026-08-29,2026-08-30,DEL-CCU,Air India,1,16761,3016,19777
2026-08-29,2026-08-30,DEL-CCU,Air India,1,15687,2823,18510
2026-08-29,2026-08-30,DEL-CCU,Air India,1,15335,2760,18095
2026-08-29,2026-08-30,DEL-CCU,Air India,1,13692,2464,16156
2026-08-29,2026-08-30,DEL-CCU,Air India,1,15702,2826,18528
2026-08-29,2026-10-13,DEL-CCU,Akasa,45,4313,776,5089
2026-08-29,2026-10-13,DEL-CCU,Akasa,45,4549,818,5367
2026-08-29,2026-10-13,DEL-CCU,Akasa,45,4748,854,5602
2026-08-29,2026-10-13,DEL-CCU,Akasa,45,4214,758,4972
2026-08-29,2026-10-13,DEL-CCU,Akasa,45,4835,870,5705
2026-08-29,2026-09-28,DEL-CCU,Akasa,30,5116,920,6036
2026-08-29,2026-09-28,DEL-CCU,Akasa,30,4961,892,5853
2026-08-29,2026-09-28,DEL-CCU,Akasa,30,4756,856,5612
2026-08-29,2026-09-28,DEL-CCU,Akasa,30,5682,1022,6704
2026-08-29,2026-09-28,DEL-CCU,Akasa,30,4767,858,5625
2026-08-29,2026-09-13,DEL-CCU,Akasa,15,6185,1113,7298
2026-08-29,2026-09-13,DEL-CCU,Akasa,15,5977,1075,7052
2026-08-29,2026-09-13,DEL-CCU,Akasa,15,6878,1238,8116
2026-08-29,2026-09-13,DEL-CCU,Akasa,15,6259,1126,7385
2026-08-29,2026-09-13,DEL-CCU,Akasa,15,6444,1159,7603
2026-08-29,2026-09-05,DEL-CCU,Akasa,7,8714,1568,10282
2026-08-29,2026-09-05,DEL-CCU,Akasa,7,8288,1491,9779
2026-08-29,2026-09-05,DEL-CCU,Akasa,7,8229,1481,9710
2026-08-29,2026-09-05,DEL-CCU,Akasa,7,9105,1638,10743
2026-08-29,2026-09-05,DEL-CCU,Akasa,7,7794,1402,9196
2026-08-29,2026-08-30,DEL-CCU,Akasa,1,11557,2080,13637
2026-08-29,2026-08-30,DEL-CCU,Akasa,1,12128,2183,14311
2026-08-29,2026-08-30,DEL-CCU,Akasa,1,11735,2112,13847
2026-08-29,2026-08-30,DEL-CCU,Akasa,1,10932,1967,12899
2026-08-29,2026-08-30,DEL-CCU,Akasa,1,10907,1963,12870
2026-08-29,2026-10-13,DEL-CCU,SpiceJet,45,4305,774,5079
2026-08-29,2026-10-13,DEL-CCU,SpiceJet,45,4633,833,5466
2026-08-29,2026-10-13,DEL-CCU,SpiceJet,45,4418,795,5213
2026-08-29,2026-10-13,DEL-CCU,SpiceJet,45,4841,871,5712
2026-08-29,2026-10-13,DEL-CCU,SpiceJet,45,4030,725,4755
2026-08-29,2026-09-28,DEL-CCU,SpiceJet,30,4462,803,5265
2026-08-29,2026-09-28,DEL-CCU,SpiceJet,30,5453,981,6434
2026-08-29,2026-09-28,DEL-CCU,SpiceJet,30,5457,982,6439
2026-08-29,2026-09-28,DEL-CCU,SpiceJet,30,5096,917,6013
2026-08-29,2026-09-28,DEL-CCU,SpiceJet,30,4923,886,5809
2026-08-29,2026-09-13,DEL-CCU,SpiceJet,15,6326,1138,7464
2026-08-29,2026-09-13,DEL-CCU,SpiceJet,15,5640,1015,6655
2026-08-29,2026-09-13,DEL-CCU,SpiceJet,15,6586,1185,7771
2026-08-29,2026-09-13,DEL-CCU,SpiceJet,15,6271,1128,7399
2026-08-29,2026-09-13,DEL-CCU,SpiceJet,15,6458,1162,7620
2026-08-29,2026-09-05,DEL-CCU,SpiceJet,7,8669,1560,10229
2026-08-29,2026-09-05,DEL-CCU,SpiceJet,7,7446,1340,8786
2026-08-29,2026-09-05,DEL-CCU,SpiceJet,7,7858,1414,9272
2026-08-29,2026-09-05,DEL-CCU,SpiceJet,7,8644,1555,10199
2026-08-29,2026-09-05,DEL-CCU,SpiceJet,7,7861,1414,9275
2026-08-29,2026-08-30,DEL-CCU,SpiceJet,1,10901,1962,12863
2026-08-29,2026-08-30,DEL-CCU,SpiceJet,1,11595,2087,13682
2026-08-29,2026-08-30,DEL-CCU,SpiceJet,1,12443,2239,14682
2026-08-29,2026-08-30,DEL-CCU,SpiceJet,1,11681,2102,13783
2026-08-29,2026-08-30,DEL-CCU,SpiceJet,1,11160,2008,13168
2026-08-29,2026-10-13,BLR-HYD,IndiGo,45,3195,575,3770
2026-08-29,2026-10-13,BLR-HYD,IndiGo,45,2981,536,3517
2026-08-29,2026-10-13,BLR-HYD,IndiGo,45,2970,534,3504
2026-08-29,2026-10-13,BLR-HYD,IndiGo,45,2697,485,3182
2026-08-29,2026-10-13,BLR-HYD,IndiGo,45,3096,557,3653
2026-08-29,2026-09-28,BLR-HYD,IndiGo,30,3036,546,3582
2026-08-29,2026-09-28,BLR-HYD,IndiGo,30,2801,504,3305
2026-08-29,2026-09-28,BLR-HYD,IndiGo,30,3483,626,4109
2026-08-29,2026-09-28,BLR-HYD,IndiGo,30,3465,623,4088
2026-08-29,2026-09-28,BLR-HYD,IndiGo,30,3008,541,3549
2026-08-29,2026-09-13,BLR-HYD,IndiGo,15,3486,627,4113
2026-08-29,2026-09-13,BLR-HYD,IndiGo,15,4089,736,4825
2026-08-29,2026-09-13,BLR-HYD,IndiGo,15,3479,626,4105
2026-08-29,2026-09-13,BLR-HYD,IndiGo,15,3570,642,4212
2026-08-29,2026-09-13,BLR-HYD,IndiGo,15,4181,752,4933
2026-08-29,2026-09-05,BLR-HYD,IndiGo,7,5331,959,6290
2026-08-29,2026-09-05,BLR-HYD,IndiGo,7,4799,863,5662
2026-08-29,2026-09-05,BLR-HYD,IndiGo,7,4734,852,5586
2026-08-29,2026-09-05,BLR-HYD,IndiGo,7,5294,952,6246
2026-08-29,2026-09-05,BLR-HYD,IndiGo,7,5785,1041,6826
2026-08-29,2026-08-30,BLR-HYD,IndiGo,1,6910,1243,8153
2026-08-29,2026-08-30,BLR-HYD,IndiGo,1,6989,1258,8247
2026-08-29,2026-08-30,BLR-HYD,IndiGo,1,8151,1467,9618
2026-08-29,2026-08-30,BLR-HYD,IndiGo,1,7907,1423,9330
2026-08-29,2026-08-30,BLR-HYD,IndiGo,1,7994,1438,9432
2026-08-29,2026-10-13,BLR-HYD,Air India,45,3033,545,3578
2026-08-29,2026-10-13,BLR-HYD,Air India,45,3048,548,3596
2026-08-29,2026-10-13,BLR-HYD,Air India,45,3618,651,4269
2026-08-29,2026-10-13,BLR-HYD,Air India,45,3321,597,3918
2026-08-29,2026-10-13,BLR-HYD,Air India,45,3266,587,3853
2026-08-29,2026-09-28,BLR-HYD,Air India,30,3272,588,3860
2026-08-29,2026-09-28,BLR-HYD,Air India,30,4031,725,4756
2026-08-29,2026-09-28,BLR-HYD,Air India,30,3953,711,4664
2026-08-29,2026-09-28,BLR-HYD,Air India,30,3487,627,4114
2026-08-29,2026-09-28,BLR-HYD,Air India,30,3807,685,4492
2026-08-29,2026-09-13,BLR-HYD,Air India,15,3923,706,4629
2026-08-29,2026-09-13,BLR-HYD,Air India,15,3965,713,4678
2026-08-29,2026-09-13,BLR-HYD,Air India,15,4352,783,5135
2026-08-29,2026-09-13,BLR-HYD,Air India,15,4926,886,5812
2026-08-29,2026-09-13,BLR-HYD,Air India,15,4220,759,4979
2026-08-29,2026-09-05,BLR-HYD,Air India,7,6021,1083,7104
2026-08-29,2026-09-05,BLR-HYD,Air India,7,6635,1194,7829
2026-08-29,2026-09-05,BLR-HYD,Air India,7,5526,994,6520
2026-08-29,2026-09-05,BLR-HYD,Air India,7,6138,1104,7242
2026-08-29,2026-09-05,BLR-HYD,Air India,7,6093,1096,7189
2026-08-29,2026-08-30,BLR-HYD,Air India,1,7996,1439,9435
2026-08-29,2026-08-30,BLR-HYD,Air India,1,7916,1424,9340
2026-08-29,2026-08-30,BLR-HYD,Air India,1,7871,1416,9287
2026-08-29,2026-08-30,BLR-HYD,Air India,1,9588,1725,11313
2026-08-29,2026-08-30,BLR-HYD,Air India,1,8697,1565,10262
2026-08-29,2026-10-13,BLR-HYD,Akasa,45,2720,489,3209
2026-08-29,2026-10-13,BLR-HYD,Akasa,45,2543,457,3000
2026-08-29,2026-10-13,BLR-HYD,Akasa,45,2676,481,3157
2026-08-29,2026-10-13,BLR-HYD,Akasa,45,2812,506,3318
2026-08-29,2026-10-13,BLR-HYD,Akasa,45,2485,447,2932
2026-08-29,2026-09-28,BLR-HYD,Akasa,30,3219,579,3798
2026-08-29,2026-09-28,BLR-HYD,Akasa,30,2680,482,3162
2026-08-29,2026-09-28,BLR-HYD,Akasa,30,3012,542,3554
2026-08-29,2026-09-28,BLR-HYD,Akasa,30,2889,520,3409
2026-08-29,2026-09-28,BLR-HYD,Akasa,30,3243,583,3826
2026-08-29,2026-09-13,BLR-HYD,Akasa,15,3391,610,4001
2026-08-29,2026-09-13,BLR-HYD,Akasa,15,4106,739,4845
2026-08-29,2026-09-13,BLR-HYD,Akasa,15,3681,662,4343
2026-08-29,2026-09-13,BLR-HYD,Akasa,15,3735,672,4407
2026-08-29,2026-09-13,BLR-HYD,Akasa,15,3670,660,4330
2026-08-29,2026-09-05,BLR-HYD,Akasa,7,5167,930,6097
2026-08-29,2026-09-05,BLR-HYD,Akasa,7,5369,966,6335
2026-08-29,2026-09-05,BLR-HYD,Akasa,7,4830,869,5699
2026-08-29,2026-09-05,BLR-HYD,Akasa,7,5095,917,6012
2026-08-29,2026-09-05,BLR-HYD,Akasa,7,4877,877,5754
2026-08-29,2026-08-30,BLR-HYD,Akasa,1,7345,1322,8667
2026-08-29,2026-08-30,BLR-HYD,Akasa,1,7383,1328,8711
2026-08-29,2026-08-30,BLR-HYD,Akasa,1,7269,1308,8577
2026-08-29,2026-08-30,BLR-HYD,Akasa,1,6349,1142,7491
2026-08-29,2026-08-30,BLR-HYD,Akasa,1,7364,1325,8689
2026-08-29,2026-10-13,BLR-HYD,SpiceJet,45,2893,520,3413
2026-08-29,2026-10-13,BLR-HYD,SpiceJet,45,2635,474,3109
2026-08-29,2026-10-13,BLR-HYD,SpiceJet,45,2790,502,3292
2026-08-29,2026-10-13,BLR-HYD,SpiceJet,45,2592,466,3058
2026-08-29,2026-10-13,BLR-HYD,SpiceJet,45,2878,518,3396
2026-08-29,2026-09-28,BLR-HYD,SpiceJet,30,2777,499,3276
2026-08-29,2026-09-28,BLR-HYD,SpiceJet,30,2931,527,3458
2026-08-29,2026-09-28,BLR-HYD,SpiceJet,30,2655,477,3132
2026-08-29,2026-09-28,BLR-HYD,SpiceJet,30,2668,480,3148
2026-08-29,2026-09-28,BLR-HYD,SpiceJet,30,2605,468,3073
2026-08-29,2026-09-13,BLR-HYD,SpiceJet,15,3268,588,3856
2026-08-29,2026-09-13,BLR-HYD,SpiceJet,15,3666,659,4325
2026-08-29,2026-09-13,BLR-HYD,SpiceJet,15,3117,561,3678
2026-08-29,2026-09-13,BLR-HYD,SpiceJet,15,3829,689,4518
2026-08-29,2026-09-13,BLR-HYD,SpiceJet,15,3565,641,4206
2026-08-29,2026-09-05,BLR-HYD,SpiceJet,7,5201,936,6137
2026-08-29,2026-09-05,BLR-HYD,SpiceJet,7,4130,743,4873
2026-08-29,2026-09-05,BLR-HYD,SpiceJet,7,4352,783,5135
2026-08-29,2026-09-05,BLR-HYD,SpiceJet,7,4792,862,5654
2026-08-29,2026-09-05,BLR-HYD,SpiceJet,7,5000,900,5900
2026-08-29,2026-08-30,BLR-HYD,SpiceJet,1,6959,1252,8211
2026-08-29,2026-08-30,BLR-HYD,SpiceJet,1,6754,1215,7969
2026-08-29,2026-08-30,BLR-HYD,SpiceJet,1,6562,1181,7743
2026-08-29,2026-08-30,BLR-HYD,SpiceJet,1,6116,1100,7216
2026-08-29,2026-08-30,BLR-HYD,SpiceJet,1,6815,1226,8041
2026-08-30,2026-10-14,DEL-BOM,IndiGo,45,3834,690,4524
2026-08-30,2026-10-14,DEL-BOM,IndiGo,45,4086,735,4821
2026-08-30,2026-10-14,DEL-BOM,IndiGo,45,4254,765,5019
2026-08-30,2026-10-14,DEL-BOM,IndiGo,45,3977,715,4692
2026-08-30,2026-10-14,DEL-BOM,IndiGo,45,4773,859,5632
2026-08-30,2026-09-29,DEL-BOM,IndiGo,30,4656,838,5494
2026-08-30,2026-09-29,DEL-BOM,IndiGo,30,4585,825,5410
2026-08-30,2026-09-29,DEL-BOM,IndiGo,30,5236,942,6178
2026-08-30,2026-09-29,DEL-BOM,IndiGo,30,5051,909,5960
2026-08-30,2026-09-29,DEL-BOM,IndiGo,30,5184,933,6117
2026-08-30,2026-09-14,DEL-BOM,IndiGo,15,5813,1046,6859
2026-08-30,2026-09-14,DEL-BOM,IndiGo,15,6460,1162,7622
2026-08-30,2026-09-14,DEL-BOM,IndiGo,15,6029,1085,7114
2026-08-30,2026-09-14,DEL-BOM,IndiGo,15,5774,1039,6813
2026-08-30,2026-09-14,DEL-BOM,IndiGo,15,6104,1098,7202
2026-08-30,2026-09-06,DEL-BOM,IndiGo,7,8126,1462,9588
2026-08-30,2026-09-06,DEL-BOM,IndiGo,7,7016,1262,8278
2026-08-30,2026-09-06,DEL-BOM,IndiGo,7,7016,1262,8278
2026-08-30,2026-09-06,DEL-BOM,IndiGo,7,7176,1291,8467
2026-08-30,2026-09-06,DEL-BOM,IndiGo,7,7427,1336,8763
2026-08-30,2026-08-31,DEL-BOM,IndiGo,1,11531,2075,13606
2026-08-30,2026-08-31,DEL-BOM,IndiGo,1,12417,2235,14652
2026-08-30,2026-08-31,DEL-BOM,IndiGo,1,10044,1807,11851
2026-08-30,2026-08-31,DEL-BOM,IndiGo,1,12417,2235,14652
2026-08-30,2026-08-31,DEL-BOM,IndiGo,1,12059,2170,14229
2026-08-30,2026-10-14,DEL-BOM,Air India,45,5449,980,6429
2026-08-30,2026-10-14,DEL-BOM,Air India,45,5277,949,6226
2026-08-30,2026-10-14,DEL-BOM,Air India,45,4469,804,5273
2026-08-30,2026-10-14,DEL-BOM,Air India,45,4376,787,5163
2026-08-30,2026-10-14,DEL-BOM,Air India,45,5011,901,5912
2026-08-30,2026-09-29,DEL-BOM,Air India,30,5479,986,6465
2026-08-30,2026-09-29,DEL-BOM,Air India,30,5965,1073,7038
2026-08-30,2026-09-29,DEL-BOM,Air India,30,5498,989,6487
2026-08-30,2026-09-29,DEL-BOM,Air India,30,5804,1044,6848
2026-08-30,2026-09-29,DEL-BOM,Air India,30,5112,920,6032
2026-08-30,2026-09-14,DEL-BOM,Air India,15,7083,1274,8357
2026-08-30,2026-09-14,DEL-BOM,Air India,15,6365,1145,7510
2026-08-30,2026-09-14,DEL-BOM,Air India,15,5975,1075,7050
2026-08-30,2026-09-14,DEL-BOM,Air India,15,6329,1139,7468
2026-08-30,2026-09-14,DEL-BOM,Air India,15,7093,1276,8369
2026-08-30,2026-09-06,DEL-BOM,Air India,7,7905,1422,9327
2026-08-30,2026-09-06,DEL-BOM,Air India,7,9502,1710,11212
2026-08-30,2026-09-06,DEL-BOM,Air India,7,9224,1660,10884
2026-08-30,2026-09-06,DEL-BOM,Air India,7,8378,1508,9886
2026-08-30,2026-09-06,DEL-BOM,Air India,7,8799,1583,10382
2026-08-30,2026-08-31,DEL-BOM,Air India,1,14404,2592,16996
2026-08-30,2026-08-31,DEL-BOM,Air India,1,13744,2473,16217
2026-08-30,2026-08-31,DEL-BOM,Air India,1,13658,2458,16116
2026-08-30,2026-08-31,DEL-BOM,Air India,1,12989,2338,15327
2026-08-30,2026-08-31,DEL-BOM,Air India,1,14640,2635,17275
2026-08-30,2026-10-14,DEL-BOM,Akasa,45,4041,727,4768
2026-08-30,2026-10-14,DEL-BOM,Akasa,45,3638,654,4292
2026-08-30,2026-10-14,DEL-BOM,Akasa,45,3779,680,4459
2026-08-30,2026-10-14,DEL-BOM,Akasa,45,3670,660,4330
2026-08-30,2026-10-14,DEL-BOM,Akasa,45,3826,688,4514
2026-08-30,2026-09-29,DEL-BOM,Akasa,30,4371,786,5157
2026-08-30,2026-09-29,DEL-BOM,Akasa,30,4204,756,4960
2026-08-30,2026-09-29,DEL-BOM,Akasa,30,4950,891,5841
2026-08-30,2026-09-29,DEL-BOM,Akasa,30,4564,821,5385
2026-08-30,2026-09-29,DEL-BOM,Akasa,30,4068,732,4800
2026-08-30,2026-09-14,DEL-BOM,Akasa,15,6173,1111,7284
2026-08-30,2026-09-14,DEL-BOM,Akasa,15,5106,919,6025
2026-08-30,2026-09-14,DEL-BOM,Akasa,15,5600,1008,6608
2026-08-30,2026-09-14,DEL-BOM,Akasa,15,5523,994,6517
2026-08-30,2026-09-14,DEL-BOM,Akasa,15,6191,1114,7305
2026-08-30,2026-09-06,DEL-BOM,Akasa,7,6973,1255,8228
2026-08-30,2026-09-06,DEL-BOM,Akasa,7,7405,1332,8737
2026-08-30,2026-09-06,DEL-BOM,Akasa,7,7327,1318,8645
2026-08-30,2026-09-06,DEL-BOM,Akasa,7,8150,1467,9617
2026-08-30,2026-09-06,DEL-BOM,Akasa,7,6630,1193,7823
2026-08-30,2026-08-31,DEL-BOM,Akasa,1,11090,1996,13086
2026-08-30,2026-08-31,DEL-BOM,Akasa,1,9528,1715,11243
2026-08-30,2026-08-31,DEL-BOM,Akasa,1,10513,1892,12405
2026-08-30,2026-08-31,DEL-BOM,Akasa,1,9935,1788,11723
2026-08-30,2026-08-31,DEL-BOM,Akasa,1,9996,1799,11795
2026-08-30,2026-10-14,DEL-BOM,SpiceJet,45,3677,661,4338
2026-08-30,2026-10-14,DEL-BOM,SpiceJet,45,3566,641,4207
2026-08-30,2026-10-14,DEL-BOM,SpiceJet,45,4297,773,5070
2026-08-30,2026-10-14,DEL-BOM,SpiceJet,45,3600,648,4248
2026-08-30,2026-10-14,DEL-BOM,SpiceJet,45,3574,643,4217
2026-08-30,2026-09-29,DEL-BOM,SpiceJet,30,4421,795,5216
2026-08-30,2026-09-29,DEL-BOM,SpiceJet,30,4032,725,4757
2026-08-30,2026-09-29,DEL-BOM,SpiceJet,30,4442,799,5241
2026-08-30,2026-09-29,DEL-BOM,SpiceJet,30,4689,844,5533
2026-08-30,2026-09-29,DEL-BOM,SpiceJet,30,4501,810,5311
2026-08-30,2026-09-14,DEL-BOM,SpiceJet,15,4876,877,5753
2026-08-30,2026-09-14,DEL-BOM,SpiceJet,15,4593,826,5419
2026-08-30,2026-09-14,DEL-BOM,SpiceJet,15,5263,947,6210
2026-08-30,2026-09-14,DEL-BOM,SpiceJet,15,5505,990,6495
2026-08-30,2026-09-14,DEL-BOM,SpiceJet,15,5216,938,6154
2026-08-30,2026-09-06,DEL-BOM,SpiceJet,7,6998,1259,8257
2026-08-30,2026-09-06,DEL-BOM,SpiceJet,7,7493,1348,8841
2026-08-30,2026-09-06,DEL-BOM,SpiceJet,7,7448,1340,8788
2026-08-30,2026-09-06,DEL-BOM,SpiceJet,7,7161,1288,8449
2026-08-30,2026-09-06,DEL-BOM,SpiceJet,7,7780,1400,9180
2026-08-30,2026-08-31,DEL-BOM,SpiceJet,1,11127,2002,13129
2026-08-30,2026-08-31,DEL-BOM,SpiceJet,1,9551,1719,11270
2026-08-30,2026-08-31,DEL-BOM,SpiceJet,1,9912,1784,11696
2026-08-30,2026-08-31,DEL-BOM,SpiceJet,1,11038,1986,13024
2026-08-30,2026-08-31,DEL-BOM,SpiceJet,1,9807,1765,11572
2026-08-30,2026-10-14,DEL-BLR,IndiGo,45,6147,1106,7253
2026-08-30,2026-10-14,DEL-BLR,IndiGo,45,6150,1107,7257
2026-08-30,2026-10-14,DEL-BLR,IndiGo,45,4963,893,5856
2026-08-30,2026-10-14,DEL-BLR,IndiGo,45,6248,1124,7372
2026-08-30,2026-10-14,DEL-BLR,IndiGo,45,5486,987,6473
2026-08-30,2026-09-29,DEL-BLR,IndiGo,30,6707,1207,7914
2026-08-30,2026-09-29,DEL-BLR,IndiGo,30,5641,1015,6656
2026-08-30,2026-09-29,DEL-BLR,IndiGo,30,5635,1014,6649
2026-08-30,2026-09-29,DEL-BLR,IndiGo,30,6329,1139,7468
2026-08-30,2026-09-29,DEL-BLR,IndiGo,30,6191,1114,7305
2026-08-30,2026-09-14,DEL-BLR,IndiGo,15,7333,1319,8652
2026-08-30,2026-09-14,DEL-BLR,IndiGo,15,7556,1360,8916
2026-08-30,2026-09-14,DEL-BLR,IndiGo,15,8533,1535,10068
2026-08-30,2026-09-14,DEL-BLR,IndiGo,15,8461,1522,9983
2026-08-30,2026-09-14,DEL-BLR,IndiGo,15,7173,1291,8464
2026-08-30,2026-09-06,DEL-BLR,IndiGo,7,9330,1679,11009
2026-08-30,2026-09-06,DEL-BLR,IndiGo,7,9436,1698,11134
2026-08-30,2026-09-06,DEL-BLR,IndiGo,7,10733,1931,12664
2026-08-30,2026-09-06,DEL-BLR,IndiGo,7,10422,1875,12297
2026-08-30,2026-09-06,DEL-BLR,IndiGo,7,10971,1974,12945
2026-08-30,2026-08-31,DEL-BLR,IndiGo,1,16287,2931,19218
2026-08-30,2026-08-31,DEL-BLR,IndiGo,1,13392,2410,15802
2026-08-30,2026-08-31,DEL-BLR,IndiGo,1,14586,2625,17211
2026-08-30,2026-08-31,DEL-BLR,IndiGo,1,15959,2872,18831
2026-08-30,2026-08-31,DEL-BLR,IndiGo,1,15734,2832,18566
2026-08-30,2026-10-14,DEL-BLR,Air India,45,6571,1182,7753
2026-08-30,2026-10-14,DEL-BLR,Air India,45,6502,1170,7672
2026-08-30,2026-10-14,DEL-BLR,Air India,45,6569,1182,7751
2026-08-30,2026-10-14,DEL-BLR,Air India,45,7123,1282,8405
2026-08-30,2026-10-14,DEL-BLR,Air India,45,7150,1287,8437
2026-08-30,2026-09-29,DEL-BLR,Air India,30,7420,1335,8755
2026-08-30,2026-09-29,DEL-BLR,Air India,30,7259,1306,8565
2026-08-30,2026-09-29,DEL-BLR,Air India,30,7464,1343,8807
2026-08-30,2026-09-29,DEL-BLR,Air India,30,7937,1428,9365
2026-08-30,2026-09-29,DEL-BLR,Air India,30,6511,1171,7682
2026-08-30,2026-09-14,DEL-BLR,Air India,15,7941,1429,9370
2026-08-30,2026-09-14,DEL-BLR,Air India,15,8194,1474,9668
2026-08-30,2026-09-14,DEL-BLR,Air India,15,9291,1672,10963
2026-08-30,2026-09-14,DEL-BLR,Air India,15,8440,1519,9959
2026-08-30,2026-09-14,DEL-BLR,Air India,15,9680,1742,11422
2026-08-30,2026-09-06,DEL-BLR,Air India,7,10816,1946,12762
2026-08-30,2026-09-06,DEL-BLR,Air India,7,12626,2272,14898
2026-08-30,2026-09-06,DEL-BLR,Air India,7,10252,1845,12097
2026-08-30,2026-09-06,DEL-BLR,Air India,7,12907,2323,15230
2026-08-30,2026-09-06,DEL-BLR,Air India,7,12935,2328,15263
2026-08-30,2026-08-31,DEL-BLR,Air India,1,16373,2947,19320
2026-08-30,2026-08-31,DEL-BLR,Air India,1,17032,3065,20097
2026-08-30,2026-08-31,DEL-BLR,Air India,1,17899,3221,21120
2026-08-30,2026-08-31,DEL-BLR,Air India,1,15968,2874,18842
2026-08-30,2026-08-31,DEL-BLR,Air India,1,18618,3351,21969
2026-08-30,2026-10-14,DEL-BLR,Akasa,45,4813,866,5679
2026-08-30,2026-10-14,DEL-BLR,Akasa,45,5008,901,5909
2026-08-30,2026-10-14,DEL-BLR,Akasa,45,5901,1062,6963
2026-08-30,2026-10-14,DEL-BLR,Akasa,45,5060,910,5970
2026-08-30,2026-10-14,DEL-BLR,Akasa,45,5157,928,6085
2026-08-30,2026-09-29,DEL-BLR,Akasa,30,5359,964,6323
2026-08-30,2026-09-29,DEL-BLR,Akasa,30,5679,1022,6701
2026-08-30,2026-09-29,DEL-BLR,Akasa,30,5279,950,6229
2026-08-30,2026-09-29,DEL-BLR,Akasa,30,5538,996,6534
2026-08-30,2026-09-29,DEL-BLR,Akasa,30,6063,1091,7154
2026-08-30,2026-09-14,DEL-BLR,Akasa,15,7569,1362,8931
2026-08-30,2026-09-14,DEL-BLR,Akasa,15,7054,1269,8323
2026-08-30,2026-09-14,DEL-BLR,Akasa,15,7669,1380,9049
2026-08-30,2026-09-14,DEL-BLR,Akasa,15,7313,1316,8629
2026-08-30,2026-09-14,DEL-BLR,Akasa,15,7263,1307,8570
2026-08-30,2026-09-06,DEL-BLR,Akasa,7,10612,1910,12522
2026-08-30,2026-09-06,DEL-BLR,Akasa,7,9122,1641,10763
2026-08-30,2026-09-06,DEL-BLR,Akasa,7,9543,1717,11260
2026-08-30,2026-09-06,DEL-BLR,Akasa,7,9786,1761,11547
2026-08-30,2026-09-06,DEL-BLR,Akasa,7,10055,1809,11864
2026-08-30,2026-08-31,DEL-BLR,Akasa,1,13032,2345,15377
2026-08-30,2026-08-31,DEL-BLR,Akasa,1,15306,2755,18061
2026-08-30,2026-08-31,DEL-BLR,Akasa,1,15310,2755,18065
2026-08-30,2026-08-31,DEL-BLR,Akasa,1,14018,2523,16541
2026-08-30,2026-08-31,DEL-BLR,Akasa,1,13032,2345,15377
2026-08-30,2026-10-14,DEL-BLR,SpiceJet,45,5306,955,6261
2026-08-30,2026-10-14,DEL-BLR,SpiceJet,45,5213,938,6151
2026-08-30,2026-10-14,DEL-BLR,SpiceJet,45,4755,855,5610
2026-08-30,2026-10-14,DEL-BLR,SpiceJet,45,5168,930,6098
2026-08-30,2026-10-14,DEL-BLR,SpiceJet,45,4918,885,5803
2026-08-30,2026-09-29,DEL-BLR,SpiceJet,30,5642,1015,6657
2026-08-30,2026-09-29,DEL-BLR,SpiceJet,30,4956,892,5848
2026-08-30,2026-09-29,DEL-BLR,SpiceJet,30,5960,1072,7032
2026-08-30,2026-09-29,DEL-BLR,SpiceJet,30,5500,990,6490
2026-08-30,2026-09-29,DEL-BLR,SpiceJet,30,5877,1057,6934
2026-08-30,2026-09-14,DEL-BLR,SpiceJet,15,6553,1179,7732
2026-08-30,2026-09-14,DEL-BLR,SpiceJet,15,7029,1265,8294
2026-08-30,2026-09-14,DEL-BLR,SpiceJet,15,6295,1133,7428
2026-08-30,2026-09-14,DEL-BLR,SpiceJet,15,7387,1329,8716
2026-08-30,2026-09-14,DEL-BLR,SpiceJet,15,6297,1133,7430
2026-08-30,2026-09-06,DEL-BLR,SpiceJet,7,9754,1755,11509
2026-08-30,2026-09-06,DEL-BLR,SpiceJet,7,9159,1648,10807
2026-08-30,2026-09-06,DEL-BLR,SpiceJet,7,9209,1657,10866
2026-08-30,2026-09-06,DEL-BLR,SpiceJet,7,10041,1807,11848
2026-08-30,2026-09-06,DEL-BLR,SpiceJet,7,9421,1695,11116
2026-08-30,2026-08-31,DEL-BLR,SpiceJet,1,13519,2433,15952
2026-08-30,2026-08-31,DEL-BLR,SpiceJet,1,12716,2288,15004
2026-08-30,2026-08-31,DEL-BLR,SpiceJet,1,13309,2395,15704
2026-08-30,2026-08-31,DEL-BLR,SpiceJet,1,14159,2548,16707
2026-08-30,2026-08-31,DEL-BLR,SpiceJet,1,13619,2451,16070
2026-08-30,2026-10-14,BOM-BLR,IndiGo,45,3699,665,4364
2026-08-30,2026-10-14,BOM-BLR,IndiGo,45,3859,694,4553
2026-08-30,2026-10-14,BOM-BLR,IndiGo,45,3803,684,4487
2026-08-30,2026-10-14,BOM-BLR,IndiGo,45,3975,715,4690
2026-08-30,2026-10-14,BOM-BLR,IndiGo,45,3596,647,4243
2026-08-30,2026-09-29,BOM-BLR,IndiGo,30,3889,700,4589
2026-08-30,2026-09-29,BOM-BLR,IndiGo,30,3508,631,4139
2026-08-30,2026-09-29,BOM-BLR,IndiGo,30,3499,629,4128
2026-08-30,2026-09-29,BOM-BLR,IndiGo,30,3969,714,4683
2026-08-30,2026-09-29,BOM-BLR,IndiGo,30,3495,629,4124
2026-08-30,2026-09-14,BOM-BLR,IndiGo,15,4730,851,5581
2026-08-30,2026-09-14,BOM-BLR,IndiGo,15,4491,808,5299
2026-08-30,2026-09-14,BOM-BLR,IndiGo,15,5066,911,5977
2026-08-30,2026-09-14,BOM-BLR,IndiGo,15,4865,875,5740
2026-08-30,2026-09-14,BOM-BLR,IndiGo,15,5150,927,6077
2026-08-30,2026-09-06,BOM-BLR,IndiGo,7,6374,1147,7521
2026-08-30,2026-09-06,BOM-BLR,IndiGo,7,5855,1053,6908
2026-08-30,2026-09-06,BOM-BLR,IndiGo,7,5876,1057,6933
2026-08-30,2026-09-06,BOM-BLR,IndiGo,7,6214,1118,7332
2026-08-30,2026-09-06,BOM-BLR,IndiGo,7,6319,1137,7456
2026-08-30,2026-08-31,BOM-BLR,IndiGo,1,10566,1901,12467
2026-08-30,2026-08-31,BOM-BLR,IndiGo,1,9833,1769,11602
2026-08-30,2026-08-31,BOM-BLR,IndiGo,1,10030,1805,11835
2026-08-30,2026-08-31,BOM-BLR,IndiGo,1,9136,1644,10780
2026-08-30,2026-08-31,BOM-BLR,IndiGo,1,8555,1539,10094
2026-08-30,2026-10-14,BOM-BLR,Air India,45,4258,766,5024
2026-08-30,2026-10-14,BOM-BLR,Air India,45,3731,671,4402
2026-08-30,2026-10-14,BOM-BLR,Air India,45,3993,718,4711
2026-08-30,2026-10-14,BOM-BLR,Air India,45,4389,790,5179
2026-08-30,2026-10-14,BOM-BLR,Air India,45,3813,686,4499
2026-08-30,2026-09-29,BOM-BLR,Air India,30,4629,833,5462
2026-08-30,2026-09-29,BOM-BLR,Air India,30,4479,806,5285
2026-08-30,2026-09-29,BOM-BLR,Air India,30,5042,907,5949
2026-08-30,2026-09-29,BOM-BLR,Air India,30,4765,857,5622
2026-08-30,2026-09-29,BOM-BLR,Air India,30,4918,885,5803
2026-08-30,2026-09-14,BOM-BLR,Air India,15,5548,998,6546
2026-08-30,2026-09-14,BOM-BLR,Air India,15,5032,905,5937
2026-08-30,2026-09-14,BOM-BLR,Air India,15,5291,952,6243
2026-08-30,2026-09-14,BOM-BLR,Air India,15,5132,923,6055
2026-08-30,2026-09-14,BOM-BLR,Air India,15,5812,1046,6858
2026-08-30,2026-09-06,BOM-BLR,Air India,7,7597,1367,8964
2026-08-30,2026-09-06,BOM-BLR,Air India,7,7364,1325,8689
2026-08-30,2026-09-06,BOM-BLR,Air India,7,6848,1232,8080
2026-08-30,2026-09-06,BOM-BLR,Air India,7,7126,1282,8408
2026-08-30,2026-09-06,BOM-BLR,Air India,7,7699,1385,9084
2026-08-30,2026-08-31,BOM-BLR,Air India,1,10042,1807,11849
2026-08-30,2026-08-31,BOM-BLR,Air India,1,12044,2167,14211
2026-08-30,2026-08-31,BOM-BLR,Air India,1,11283,2030,13313
2026-08-30,2026-08-31,BOM-BLR,Air India,1,10698,1925,12623
2026-08-30,2026-08-31,BOM-BLR,Air India,1,10683,1922,12605
2026-08-30,2026-10-14,BOM-BLR,Akasa,45,3495,629,4124
2026-08-30,2026-10-14,BOM-BLR,Akasa,45,3812,686,4498
2026-08-30,2026-10-14,BOM-BLR,Akasa,45,3762,677,4439
2026-08-30,2026-10-14,BOM-BLR,Akasa,45,3627,652,4279
2026-08-30,2026-10-14,BOM-BLR,Akasa,45,3664,659,4323
2026-08-30,2026-09-29,BOM-BLR,Akasa,30,4183,752,4935
2026-08-30,2026-09-29,BOM-BLR,Akasa,30,3456,622,4078
2026-08-30,2026-09-29,BOM-BLR,Akasa,30,3895,701,4596
2026-08-30,2026-09-29,BOM-BLR,Akasa,30,4088,735,4823
2026-08-30,2026-09-29,BOM-BLR,Akasa,30,4060,730,4790
2026-08-30,2026-09-14,BOM-BLR,Akasa,15,4275,769,5044
2026-08-30,2026-09-14,BOM-BLR,Akasa,15,4097,737,4834
2026-08-30,2026-09-14,BOM-BLR,Akasa,15,4857,874,5731
2026-08-30,2026-09-14,BOM-BLR,Akasa,15,4353,783,5136
2026-08-30,2026-09-14,BOM-BLR,Akasa,15,4216,758,4974
2026-08-30,2026-09-06,BOM-BLR,Akasa,7,6830,1229,8059
2026-08-30,2026-09-06,BOM-BLR,Akasa,7,6227,1120,7347
2026-08-30,2026-09-06,BOM-BLR,Akasa,7,5800,1044,6844
2026-08-30,2026-09-06,BOM-BLR,Akasa,7,6767,1218,7985
2026-08-30,2026-09-06,BOM-BLR,Akasa,7,6036,1086,7122
2026-08-30,2026-08-31,BOM-BLR,Akasa,1,8791,1582,10373
2026-08-30,2026-08-31,BOM-BLR,Akasa,1,9228,1661,10889
2026-08-30,2026-08-31,BOM-BLR,Akasa,1,9784,1761,11545
2026-08-30,2026-08-31,BOM-BLR,Akasa,1,8504,1530,10034
2026-08-30,2026-08-31,BOM-BLR,Akasa,1,8984,1617,10601
2026-08-30,2026-10-14,BOM-BLR,SpiceJet,45,3531,635,4166
2026-08-30,2026-10-14,BOM-BLR,SpiceJet,45,3214,578,3792
2026-08-30,2026-10-14,BOM-BLR,SpiceJet,45,3335,600,3935
2026-08-30,2026-10-14,BOM-BLR,SpiceJet,45,3407,613,4020
2026-08-30,2026-10-14,BOM-BLR,SpiceJet,45,2885,519,3404
2026-08-30,2026-09-29,BOM-BLR,SpiceJet,30,3836,690,4526
2026-08-30,2026-09-29,BOM-BLR,SpiceJet,30,3166,569,3735
2026-08-30,2026-09-29,BOM-BLR,SpiceJet,30,3316,596,3912
2026-08-30,2026-09-29,BOM-BLR,SpiceJet,30,3137,564,3701
2026-08-30,2026-09-29,BOM-BLR,SpiceJet,30,3819,687,4506
2026-08-30,2026-09-14,BOM-BLR,SpiceJet,15,4290,772,5062
2026-08-30,2026-09-14,BOM-BLR,SpiceJet,15,3893,700,4593
2026-08-30,2026-09-14,BOM-BLR,SpiceJet,15,4110,739,4849
2026-08-30,2026-09-14,BOM-BLR,SpiceJet,15,4035,726,4761
2026-08-30,2026-09-14,BOM-BLR,SpiceJet,15,4886,879,5765
2026-08-30,2026-09-06,BOM-BLR,SpiceJet,7,6028,1085,7113
2026-08-30,2026-09-06,BOM-BLR,SpiceJet,7,5389,970,6359
2026-08-30,2026-09-06,BOM-BLR,SpiceJet,7,5897,1061,6958
2026-08-30,2026-09-06,BOM-BLR,SpiceJet,7,6162,1109,7271
2026-08-30,2026-09-06,BOM-BLR,SpiceJet,7,5671,1020,6691
2026-08-30,2026-08-31,BOM-BLR,SpiceJet,1,9189,1654,10843
2026-08-30,2026-08-31,BOM-BLR,SpiceJet,1,7747,1394,9141
2026-08-30,2026-08-31,BOM-BLR,SpiceJet,1,7892,1420,9312
2026-08-30,2026-08-31,BOM-BLR,SpiceJet,1,8562,1541,10103
2026-08-30,2026-08-31,BOM-BLR,SpiceJet,1,9169,1650,10819
2026-08-30,2026-10-14,DEL-CCU,IndiGo,45,5002,900,5902
2026-08-30,2026-10-14,DEL-CCU,IndiGo,45,4445,800,5245
2026-08-30,2026-10-14,DEL-CCU,IndiGo,45,4885,879,5764
2026-08-30,2026-10-14,DEL-CCU,IndiGo,45,4694,844,5538
2026-08-30,2026-10-14,DEL-CCU,IndiGo,45,5146,926,6072
2026-08-30,2026-09-29,DEL-CCU,IndiGo,30,5160,928,6088
2026-08-30,2026-09-29,DEL-CCU,IndiGo,30,5945,1070,7015
2026-08-30,2026-09-29,DEL-CCU,IndiGo,30,5338,960,6298
2026-08-30,2026-09-29,DEL-CCU,IndiGo,30,4823,868,5691
2026-08-30,2026-09-29,DEL-CCU,IndiGo,30,5850,1053,6903
2026-08-30,2026-09-14,DEL-CCU,IndiGo,15,7406,1333,8739
2026-08-30,2026-09-14,DEL-CCU,IndiGo,15,6093,1096,7189
2026-08-30,2026-09-14,DEL-CCU,IndiGo,15,7128,1283,8411
2026-08-30,2026-09-14,DEL-CCU,IndiGo,15,6888,1239,8127
2026-08-30,2026-09-14,DEL-CCU,IndiGo,15,6548,1178,7726
2026-08-30,2026-09-06,DEL-CCU,IndiGo,7,9374,1687,11061
2026-08-30,2026-09-06,DEL-CCU,IndiGo,7,8876,1597,10473
2026-08-30,2026-09-06,DEL-CCU,IndiGo,7,9518,1713,11231
2026-08-30,2026-09-06,DEL-CCU,IndiGo,7,8224,1480,9704
2026-08-30,2026-09-06,DEL-CCU,IndiGo,7,8233,1481,9714
2026-08-30,2026-08-31,DEL-CCU,IndiGo,1,11493,2068,13561
2026-08-30,2026-08-31,DEL-CCU,IndiGo,1,11644,2095,13739
2026-08-30,2026-08-31,DEL-CCU,IndiGo,1,12516,2252,14768
2026-08-30,2026-08-31,DEL-CCU,IndiGo,1,12075,2173,14248
2026-08-30,2026-08-31,DEL-CCU,IndiGo,1,13764,2477,16241
2026-08-30,2026-10-14,DEL-CCU,Air India,45,6299,1133,7432
2026-08-30,2026-10-14,DEL-CCU,Air India,45,6071,1092,7163
2026-08-30,2026-10-14,DEL-CCU,Air India,45,5040,907,5947
2026-08-30,2026-10-14,DEL-CCU,Air India,45,5460,982,6442
2026-08-30,2026-10-14,DEL-CCU,Air India,45,5554,999,6553
2026-08-30,2026-09-29,DEL-CCU,Air India,30,6698,1205,7903
2026-08-30,2026-09-29,DEL-CCU,Air India,30,5805,1044,6849
2026-08-30,2026-09-29,DEL-CCU,Air India,30,6643,1195,7838
2026-08-30,2026-09-29,DEL-CCU,Air India,30,5983,1076,7059
2026-08-30,2026-09-29,DEL-CCU,Air India,30,6607,1189,7796
2026-08-30,2026-09-14,DEL-CCU,Air India,15,7536,1356,8892
2026-08-30,2026-09-14,DEL-CCU,Air India,15,8112,1460,9572
2026-08-30,2026-09-14,DEL-CCU,Air India,15,7577,1363,8940
2026-08-30,2026-09-14,DEL-CCU,Air India,15,6838,1230,8068
2026-08-30,2026-09-14,DEL-CCU,Air India,15,7573,1363,8936
2026-08-30,2026-09-06,DEL-CCU,Air India,7,11320,2037,13357
2026-08-30,2026-09-06,DEL-CCU,Air India,7,10781,1940,12721
2026-08-30,2026-09-06,DEL-CCU,Air India,7,9654,1737,11391
2026-08-30,2026-09-06,DEL-CCU,Air India,7,9723,1750,11473
2026-08-30,2026-09-06,DEL-CCU,Air India,7,9363,1685,11048
2026-08-30,2026-08-31,DEL-CCU,Air India,1,16811,3025,19836
2026-08-30,2026-08-31,DEL-CCU,Air India,1,16165,2909,19074
2026-08-30,2026-08-31,DEL-CCU,Air India,1,16711,3007,19718
2026-08-30,2026-08-31,DEL-CCU,Air India,1,15302,2754,18056
2026-08-30,2026-08-31,DEL-CCU,Air India,1,14265,2567,16832
2026-08-30,2026-10-14,DEL-CCU,Akasa,45,4849,872,5721
2026-08-30,2026-10-14,DEL-CCU,Akasa,45,4958,892,5850
2026-08-30,2026-10-14,DEL-CCU,Akasa,45,4583,824,5407
2026-08-30,2026-10-14,DEL-CCU,Akasa,45,4540,817,5357
2026-08-30,2026-10-14,DEL-CCU,Akasa,45,4179,752,4931
2026-08-30,2026-09-29,DEL-CCU,Akasa,30,4791,862,5653
2026-08-30,2026-09-29,DEL-CCU,Akasa,30,5711,1027,6738
2026-08-30,2026-09-29,DEL-CCU,Akasa,30,4551,819,5370
2026-08-30,2026-09-29,DEL-CCU,Akasa,30,5027,904,5931
2026-08-30,2026-09-29,DEL-CCU,Akasa,30,5737,1032,6769
2026-08-30,2026-09-14,DEL-CCU,Akasa,15,6329,1139,7468
2026-08-30,2026-09-14,DEL-CCU,Akasa,15,6406,1153,7559
2026-08-30,2026-09-14,DEL-CCU,Akasa,15,5641,1015,6656
2026-08-30,2026-09-14,DEL-CCU,Akasa,15,7078,1274,8352
2026-08-30,2026-09-14,DEL-CCU,Akasa,15,6905,1242,8147
2026-08-30,2026-09-06,DEL-CCU,Akasa,7,7860,1414,9274
2026-08-30,2026-09-06,DEL-CCU,Akasa,7,8415,1514,9929
2026-08-30,2026-09-06,DEL-CCU,Akasa,7,7895,1421,9316
2026-08-30,2026-09-06,DEL-CCU,Akasa,7,7578,1364,8942
2026-08-30,2026-09-06,DEL-CCU,Akasa,7,9074,1633,10707
2026-08-30,2026-08-31,DEL-CCU,Akasa,1,12688,2283,14971
2026-08-30,2026-08-31,DEL-CCU,Akasa,1,13392,2410,15802
2026-08-30,2026-08-31,DEL-CCU,Akasa,1,13002,2340,15342
2026-08-30,2026-08-31,DEL-CCU,Akasa,1,11801,2124,13925
2026-08-30,2026-08-31,DEL-CCU,Akasa,1,10967,1974,12941
2026-08-30,2026-10-14,DEL-CCU,SpiceJet,45,4570,822,5392
2026-08-30,2026-10-14,DEL-CCU,SpiceJet,45,4907,883,5790
2026-08-30,2026-10-14,DEL-CCU,SpiceJet,45,3910,703,4613
2026-08-30,2026-10-14,DEL-CCU,SpiceJet,45,4774,859,5633
2026-08-30,2026-10-14,DEL-CCU,SpiceJet,45,4566,821,5387
2026-08-30,2026-09-29,DEL-CCU,SpiceJet,30,4929,887,5816
2026-08-30,2026-09-29,DEL-CCU,SpiceJet,30,4803,864,5667
2026-08-30,2026-09-29,DEL-CCU,SpiceJet,30,4279,770,5049
2026-08-30,2026-09-29,DEL-CCU,SpiceJet,30,4831,869,5700
2026-08-30,2026-09-29,DEL-CCU,SpiceJet,30,4962,893,5855
2026-08-30,2026-09-14,DEL-CCU,SpiceJet,15,6031,1085,7116
2026-08-30,2026-09-14,DEL-CCU,SpiceJet,15,6358,1144,7502
2026-08-30,2026-09-14,DEL-CCU,SpiceJet,15,5411,973,6384
2026-08-30,2026-09-14,DEL-CCU,SpiceJet,15,6198,1115,7313
2026-08-30,2026-09-14,DEL-CCU,SpiceJet,15,5531,995,6526
2026-08-30,2026-09-06,DEL-CCU,SpiceJet,7,8754,1575,10329
2026-08-30,2026-09-06,DEL-CCU,SpiceJet,7,8916,1604,10520
2026-08-30,2026-09-06,DEL-CCU,SpiceJet,7,7621,1371,8992
2026-08-30,2026-09-06,DEL-CCU,SpiceJet,7,8334,1500,9834
2026-08-30,2026-09-06,DEL-CCU,SpiceJet,7,8614,1550,10164
2026-08-30,2026-08-31,DEL-CCU,SpiceJet,1,12400,2232,14632
2026-08-30,2026-08-31,DEL-CCU,SpiceJet,1,12291,2212,14503
2026-08-30,2026-08-31,DEL-CCU,SpiceJet,1,12163,2189,14352
2026-08-30,2026-08-31,DEL-CCU,SpiceJet,1,11729,2111,13840
2026-08-30,2026-08-31,DEL-CCU,SpiceJet,1,12472,2244,14716
2026-08-30,2026-10-14,BLR-HYD,IndiGo,45,2976,535,3511
2026-08-30,2026-10-14,BLR-HYD,IndiGo,45,3136,564,3700
2026-08-30,2026-10-14,BLR-HYD,IndiGo,45,3041,547,3588
2026-08-30,2026-10-14,BLR-HYD,IndiGo,45,2745,494,3239
2026-08-30,2026-10-14,BLR-HYD,IndiGo,45,2676,481,3157
2026-08-30,2026-09-29,BLR-HYD,IndiGo,30,3263,587,3850
2026-08-30,2026-09-29,BLR-HYD,IndiGo,30,3262,587,3849
2026-08-30,2026-09-29,BLR-HYD,IndiGo,30,3525,634,4159
2026-08-30,2026-09-29,BLR-HYD,IndiGo,30,2850,513,3363
2026-08-30,2026-09-29,BLR-HYD,IndiGo,30,3083,554,3637
2026-08-30,2026-09-14,BLR-HYD,IndiGo,15,3855,693,4548
2026-08-30,2026-09-14,BLR-HYD,IndiGo,15,3862,695,4557
2026-08-30,2026-09-14,BLR-HYD,IndiGo,15,4151,747,4898
2026-08-30,2026-09-14,BLR-HYD,IndiGo,15,3676,661,4337
2026-08-30,2026-09-14,BLR-HYD,IndiGo,15,4284,771,5055
2026-08-30,2026-09-06,BLR-HYD,IndiGo,7,5394,970,6364
2026-08-30,2026-09-06,BLR-HYD,IndiGo,7,5136,924,6060
2026-08-30,2026-09-06,BLR-HYD,IndiGo,7,5108,919,6027
2026-08-30,2026-09-06,BLR-HYD,IndiGo,7,5652,1017,6669
2026-08-30,2026-09-06,BLR-HYD,IndiGo,7,5764,1037,6801
2026-08-30,2026-08-31,BLR-HYD,IndiGo,1,7242,1303,8545
2026-08-30,2026-08-31,BLR-HYD,IndiGo,1,7465,1343,8808
2026-08-30,2026-08-31,BLR-HYD,IndiGo,1,7806,1405,9211
2026-08-30,2026-08-31,BLR-HYD,IndiGo,1,8463,1523,9986
2026-08-30,2026-08-31,BLR-HYD,IndiGo,1,8329,1499,9828
2026-08-30,2026-10-14,BLR-HYD,Air India,45,3204,576,3780
2026-08-30,2026-10-14,BLR-HYD,Air India,45,3138,564,3702
2026-08-30,2026-10-14,BLR-HYD,Air India,45,3269,588,3857
2026-08-30,2026-10-14,BLR-HYD,Air India,45,3509,631,4140
2026-08-30,2026-10-14,BLR-HYD,Air India,45,3452,621,4073
2026-08-30,2026-09-29,BLR-HYD,Air India,30,3346,602,3948
2026-08-30,2026-09-29,BLR-HYD,Air India,30,3866,695,4561
2026-08-30,2026-09-29,BLR-HYD,Air India,30,3440,619,4059
2026-08-30,2026-09-29,BLR-HYD,Air India,30,3601,648,4249
2026-08-30,2026-09-29,BLR-HYD,Air India,30,3640,655,4295
2026-08-30,2026-09-14,BLR-HYD,Air India,15,4954,891,5845
2026-08-30,2026-09-14,BLR-HYD,Air India,15,3927,706,4633
2026-08-30,2026-09-14,BLR-HYD,Air India,15,4246,764,5010
2026-08-30,2026-09-14,BLR-HYD,Air India,15,3993,718,4711
2026-08-30,2026-09-14,BLR-HYD,Air India,15,4984,897,5881
2026-08-30,2026-09-06,BLR-HYD,Air India,7,5264,947,6211
2026-08-30,2026-09-06,BLR-HYD,Air India,7,6363,1145,7508
2026-08-30,2026-09-06,BLR-HYD,Air India,7,5824,1048,6872
2026-08-30,2026-09-06,BLR-HYD,Air India,7,5718,1029,6747
2026-08-30,2026-09-06,BLR-HYD,Air India,7,6431,1157,7588
2026-08-30,2026-08-31,BLR-HYD,Air India,1,9228,1661,10889
2026-08-30,2026-08-31,BLR-HYD,Air India,1,8384,1509,9893
2026-08-30,2026-08-31,BLR-HYD,Air India,1,9216,1658,10874
2026-08-30,2026-08-31,BLR-HYD,Air India,1,8563,1541,10104
2026-08-30,2026-08-31,BLR-HYD,Air India,1,8073,1453,9526
2026-08-30,2026-10-14,BLR-HYD,Akasa,45,2496,449,2945
2026-08-30,2026-10-14,BLR-HYD,Akasa,45,2890,520,3410
2026-08-30,2026-10-14,BLR-HYD,Akasa,45,2943,529,3472
2026-08-30,2026-10-14,BLR-HYD,Akasa,45,3053,549,3602
2026-08-30,2026-10-14,BLR-HYD,Akasa,45,2977,535,3512
2026-08-30,2026-09-29,BLR-HYD,Akasa,30,3003,540,3543
2026-08-30,2026-09-29,BLR-HYD,Akasa,30,3304,594,3898
2026-08-30,2026-09-29,BLR-HYD,Akasa,30,2779,500,3279
2026-08-30,2026-09-29,BLR-HYD,Akasa,30,3299,593,3892
2026-08-30,2026-09-29,BLR-HYD,Akasa,30,2914,524,3438
2026-08-30,2026-09-14,BLR-HYD,Akasa,15,3979,716,4695
2026-08-30,2026-09-14,BLR-HYD,Akasa,15,3729,671,4400
2026-08-30,2026-09-14,BLR-HYD,Akasa,15,4076,733,4809
2026-08-30,2026-09-14,BLR-HYD,Akasa,15,3533,635,4168
2026-08-30,2026-09-14,BLR-HYD,Akasa,15,3343,601,3944
2026-08-30,2026-09-06,BLR-HYD,Akasa,7,5119,921,6040
2026-08-30,2026-09-06,BLR-HYD,Akasa,7,5394,970,6364
2026-08-30,2026-09-06,BLR-HYD,Akasa,7,5282,950,6232
2026-08-30,2026-09-06,BLR-HYD,Akasa,7,4777,859,5636
2026-08-30,2026-09-06,BLR-HYD,Akasa,7,5386,969,6355
2026-08-30,2026-08-31,BLR-HYD,Akasa,1,6945,1250,8195
2026-08-30,2026-08-31,BLR-HYD,Akasa,1,7069,1272,8341
2026-08-30,2026-08-31,BLR-HYD,Akasa,1,6905,1242,8147
2026-08-30,2026-08-31,BLR-HYD,Akasa,1,7881,1418,9299
2026-08-30,2026-08-31,BLR-HYD,Akasa,1,7148,1286,8434
2026-08-30,2026-10-14,BLR-HYD,SpiceJet,45,2442,439,2881
2026-08-30,2026-10-14,BLR-HYD,SpiceJet,45,2654,477,3131
2026-08-30,2026-10-14,BLR-HYD,SpiceJet,45,2868,516,3384
2026-08-30,2026-10-14,BLR-HYD,SpiceJet,45,2512,452,2964
2026-08-30,2026-10-14,BLR-HYD,SpiceJet,45,2633,473,3106
2026-08-30,2026-09-29,BLR-HYD,SpiceJet,30,2588,465,3053
2026-08-30,2026-09-29,BLR-HYD,SpiceJet,30,2717,489,3206
2026-08-30,2026-09-29,BLR-HYD,SpiceJet,30,3014,542,3556
2026-08-30,2026-09-29,BLR-HYD,SpiceJet,30,2908,523,3431
2026-08-30,2026-09-29,BLR-HYD,SpiceJet,30,2691,484,3175
2026-08-30,2026-09-14,BLR-HYD,SpiceJet,15,3239,583,3822
2026-08-30,2026-09-14,BLR-HYD,SpiceJet,15,3208,577,3785
2026-08-30,2026-09-14,BLR-HYD,SpiceJet,15,3607,649,4256
2026-08-30,2026-09-14,BLR-HYD,SpiceJet,15,3685,663,4348
2026-08-30,2026-09-14,BLR-HYD,SpiceJet,15,3488,627,4115
2026-08-30,2026-09-06,BLR-HYD,SpiceJet,7,4379,788,5167
2026-08-30,2026-09-06,BLR-HYD,SpiceJet,7,4993,898,5891
2026-08-30,2026-09-06,BLR-HYD,SpiceJet,7,4751,855,5606
2026-08-30,2026-09-06,BLR-HYD,SpiceJet,7,4195,755,4950
2026-08-30,2026-09-06,BLR-HYD,SpiceJet,7,4630,833,5463
2026-08-30,2026-08-31,BLR-HYD,SpiceJet,1,6632,1193,7825
2026-08-30,2026-08-31,BLR-HYD,SpiceJet,1,7500,1350,8850
2026-08-30,2026-08-31,BLR-HYD,SpiceJet,1,6130,1103,7233
2026-08-30,2026-08-31,BLR-HYD,SpiceJet,1,7523,1354,8877
2026-08-30,2026-08-31,BLR-HYD,SpiceJet,1,7459,1342,8801
2026-08-31,2026-10-15,DEL-BOM,IndiGo,45,4336,780,5116
2026-08-31,2026-10-15,DEL-BOM,IndiGo,45,4528,815,5343
2026-08-31,2026-10-15,DEL-BOM,IndiGo,45,4119,741,4860
2026-08-31,2026-10-15,DEL-BOM,IndiGo,45,4693,844,5537
2026-08-31,2026-10-15,DEL-BOM,IndiGo,45,4215,758,4973
2026-08-31,2026-09-30,DEL-BOM,IndiGo,30,4398,791,5189
2026-08-31,2026-09-30,DEL-BOM,IndiGo,30,4294,772,5066
2026-08-31,2026-09-30,DEL-BOM,IndiGo,30,4169,750,4919
2026-08-31,2026-09-30,DEL-BOM,IndiGo,30,4274,769,5043
2026-08-31,2026-09-30,DEL-BOM,IndiGo,30,4529,815,5344
2026-08-31,2026-09-15,DEL-BOM,IndiGo,15,5549,998,6547
2026-08-31,2026-09-15,DEL-BOM,IndiGo,15,6052,1089,7141
2026-08-31,2026-09-15,DEL-BOM,IndiGo,15,5976,1075,7051
2026-08-31,2026-09-15,DEL-BOM,IndiGo,15,5520,993,6513
2026-08-31,2026-09-15,DEL-BOM,IndiGo,15,6143,1105,7248
2026-08-31,2026-09-07,DEL-BOM,IndiGo,7,7478,1346,8824
2026-08-31,2026-09-07,DEL-BOM,IndiGo,7,6882,1238,8120
2026-08-31,2026-09-07,DEL-BOM,IndiGo,7,7306,1315,8621
2026-08-31,2026-09-07,DEL-BOM,IndiGo,7,7134,1284,8418
2026-08-31,2026-09-07,DEL-BOM,IndiGo,7,8144,1465,9609
2026-08-31,2026-09-01,DEL-BOM,IndiGo,1,12270,2208,14478
2026-08-31,2026-09-01,DEL-BOM,IndiGo,1,10359,1864,12223
2026-08-31,2026-09-01,DEL-BOM,IndiGo,1,10888,1959,12847
2026-08-31,2026-09-01,DEL-BOM,IndiGo,1,10075,1813,11888
2026-08-31,2026-09-01,DEL-BOM,IndiGo,1,12436,2238,14674
2026-08-31,2026-10-15,DEL-BOM,Air India,45,4426,796,5222
2026-08-31,2026-10-15,DEL-BOM,Air India,45,5306,955,6261
2026-08-31,2026-10-15,DEL-BOM,Air India,45,4834,870,5704
2026-08-31,2026-10-15,DEL-BOM,Air India,45,5208,937,6145
2026-08-31,2026-10-15,DEL-BOM,Air India,45,4982,896,5878
2026-08-31,2026-09-30,DEL-BOM,Air India,30,5792,1042,6834
2026-08-31,2026-09-30,DEL-BOM,Air India,30,4890,880,5770
2026-08-31,2026-09-30,DEL-BOM,Air India,30,5307,955,6262
2026-08-31,2026-09-30,DEL-BOM,Air India,30,5313,956,6269
2026-08-31,2026-09-30,DEL-BOM,Air India,30,5942,1069,7011
2026-08-31,2026-09-15,DEL-BOM,Air India,15,6382,1148,7530
2026-08-31,2026-09-15,DEL-BOM,Air India,15,7387,1329,8716
2026-08-31,2026-09-15,DEL-BOM,Air India,15,6897,1241,8138
2026-08-31,2026-09-15,DEL-BOM,Air India,15,6756,1216,7972
2026-08-31,2026-09-15,DEL-BOM,Air India,15,6057,1090,7147
2026-08-31,2026-09-07,DEL-BOM,Air India,7,9893,1780,11673
2026-08-31,2026-09-07,DEL-BOM,Air India,7,8730,1571,10301
2026-08-31,2026-09-07,DEL-BOM,Air India,7,7861,1414,9275
2026-08-31,2026-09-07,DEL-BOM,Air India,7,9479,1706,11185
2026-08-31,2026-09-07,DEL-BOM,Air India,7,8142,1465,9607
2026-08-31,2026-09-01,DEL-BOM,Air India,1,13384,2409,15793
2026-08-31,2026-09-01,DEL-BOM,Air India,1,12884,2319,15203
2026-08-31,2026-09-01,DEL-BOM,Air India,1,14682,2642,17324
2026-08-31,2026-09-01,DEL-BOM,Air India,1,12650,2277,14927
2026-08-31,2026-09-01,DEL-BOM,Air India,1,13071,2352,15423
2026-08-31,2026-10-15,DEL-BOM,Akasa,45,3973,715,4688
2026-08-31,2026-10-15,DEL-BOM,Akasa,45,3902,702,4604
2026-08-31,2026-10-15,DEL-BOM,Akasa,45,3625,652,4277
2026-08-31,2026-10-15,DEL-BOM,Akasa,45,4192,754,4946
2026-08-31,2026-10-15,DEL-BOM,Akasa,45,3600,648,4248
2026-08-31,2026-09-30,DEL-BOM,Akasa,30,4512,812,5324
2026-08-31,2026-09-30,DEL-BOM,Akasa,30,4053,729,4782
2026-08-31,2026-09-30,DEL-BOM,Akasa,30,4378,788,5166
2026-08-31,2026-09-30,DEL-BOM,Akasa,30,3970,714,4684
2026-08-31,2026-09-30,DEL-BOM,Akasa,30,4203,756,4959
2026-08-31,2026-09-15,DEL-BOM,Akasa,15,5056,910,5966
2026-08-31,2026-09-15,DEL-BOM,Akasa,15,5410,973,6383
2026-08-31,2026-09-15,DEL-BOM,Akasa,15,6066,1091,7157
2026-08-31,2026-09-15,DEL-BOM,Akasa,15,4923,886,5809
2026-08-31,2026-09-15,DEL-BOM,Akasa,15,5062,911,5973
2026-08-31,2026-09-07,DEL-BOM,Akasa,7,7531,1355,8886
2026-08-31,2026-09-07,DEL-BOM,Akasa,7,6553,1179,7732
2026-08-31,2026-09-07,DEL-BOM,Akasa,7,8048,1448,9496
2026-08-31,2026-09-07,DEL-BOM,Akasa,7,7583,1364,8947
2026-08-31,2026-09-07,DEL-BOM,Akasa,7,6868,1236,8104
2026-08-31,2026-09-01,DEL-BOM,Akasa,1,11366,2045,13411
2026-08-31,2026-09-01,DEL-BOM,Akasa,1,10718,1929,12647
2026-08-31,2026-09-01,DEL-BOM,Akasa,1,9889,1780,11669
2026-08-31,2026-09-01,DEL-BOM,Akasa,1,9848,1772,11620
2026-08-31,2026-09-01,DEL-BOM,Akasa,1,9799,1763,11562
2026-08-31,2026-10-15,DEL-BOM,SpiceJet,45,3593,646,4239
2026-08-31,2026-10-15,DEL-BOM,SpiceJet,45,3794,682,4476
2026-08-31,2026-10-15,DEL-BOM,SpiceJet,45,3705,666,4371
2026-08-31,2026-10-15,DEL-BOM,SpiceJet,45,3789,682,4471
2026-08-31,2026-10-15,DEL-BOM,SpiceJet,45,3952,711,4663
2026-08-31,2026-09-30,DEL-BOM,SpiceJet,30,4515,812,5327
2026-08-31,2026-09-30,DEL-BOM,SpiceJet,30,3757,676,4433
2026-08-31,2026-09-30,DEL-BOM,SpiceJet,30,3976,715,4691
2026-08-31,2026-09-30,DEL-BOM,SpiceJet,30,4144,745,4889
2026-08-31,2026-09-30,DEL-BOM,SpiceJet,30,4230,761,4991
2026-08-31,2026-09-15,DEL-BOM,SpiceJet,15,5725,1030,6755
2026-08-31,2026-09-15,DEL-BOM,SpiceJet,15,4704,846,5550
2026-08-31,2026-09-15,DEL-BOM,SpiceJet,15,5430,977,6407
2026-08-31,2026-09-15,DEL-BOM,SpiceJet,15,4988,897,5885
2026-08-31,2026-09-15,DEL-BOM,SpiceJet,15,5348,962,6310
2026-08-31,2026-09-07,DEL-BOM,SpiceJet,7,7268,1308,8576
2026-08-31,2026-09-07,DEL-BOM,SpiceJet,7,7548,1358,8906
2026-08-31,2026-09-07,DEL-BOM,SpiceJet,7,6393,1150,7543
2026-08-31,2026-09-07,DEL-BOM,SpiceJet,7,6387,1149,7536
2026-08-31,2026-09-07,DEL-BOM,SpiceJet,7,6398,1151,7549
2026-08-31,2026-09-01,DEL-BOM,SpiceJet,1,11482,2066,13548
2026-08-31,2026-09-01,DEL-BOM,SpiceJet,1,11299,2033,13332
2026-08-31,2026-09-01,DEL-BOM,SpiceJet,1,9069,1632,10701
2026-08-31,2026-09-01,DEL-BOM,SpiceJet,1,10269,1848,12117
2026-08-31,2026-09-01,DEL-BOM,SpiceJet,1,11092,1996,13088
2026-08-31,2026-10-15,DEL-BLR,IndiGo,45,5701,1026,6727
2026-08-31,2026-10-15,DEL-BLR,IndiGo,45,5208,937,6145
2026-08-31,2026-10-15,DEL-BLR,IndiGo,45,6016,1082,7098
2026-08-31,2026-10-15,DEL-BLR,IndiGo,45,6142,1105,7247
2026-08-31,2026-10-15,DEL-BLR,IndiGo,45,6231,1121,7352
2026-08-31,2026-09-30,DEL-BLR,IndiGo,30,6579,1184,7763
2026-08-31,2026-09-30,DEL-BLR,IndiGo,30,6073,1093,7166
2026-08-31,2026-09-30,DEL-BLR,IndiGo,30,6851,1233,8084
2026-08-31,2026-09-30,DEL-BLR,IndiGo,30,5644,1015,6659
2026-08-31,2026-09-30,DEL-BLR,IndiGo,30,5860,1054,6914
2026-08-31,2026-09-15,DEL-BLR,IndiGo,15,8306,1495,9801
2026-08-31,2026-09-15,DEL-BLR,IndiGo,15,7369,1326,8695
2026-08-31,2026-09-15,DEL-BLR,IndiGo,15,7613,1370,8983
2026-08-31,2026-09-15,DEL-BLR,IndiGo,15,7943,1429,9372
2026-08-31,2026-09-15,DEL-BLR,IndiGo,15,8510,1531,10041
2026-08-31,2026-09-07,DEL-BLR,IndiGo,7,9396,1691,11087
2026-08-31,2026-09-07,DEL-BLR,IndiGo,7,10852,1953,12805
2026-08-31,2026-09-07,DEL-BLR,IndiGo,7,9843,1771,11614
2026-08-31,2026-09-07,DEL-BLR,IndiGo,7,9993,1798,11791
2026-08-31,2026-09-07,DEL-BLR,IndiGo,7,9939,1789,11728
2026-08-31,2026-09-01,DEL-BLR,IndiGo,1,13282,2390,15672
2026-08-31,2026-09-01,DEL-BLR,IndiGo,1,13547,2438,15985
2026-08-31,2026-09-01,DEL-BLR,IndiGo,1,13639,2455,16094
2026-08-31,2026-09-01,DEL-BLR,IndiGo,1,14400,2592,16992
2026-08-31,2026-09-01,DEL-BLR,IndiGo,1,16492,2968,19460
2026-08-31,2026-10-15,DEL-BLR,Air India,45,6029,1085,7114
2026-08-31,2026-10-15,DEL-BLR,Air India,45,6528,1175,7703
2026-08-31,2026-10-15,DEL-BLR,Air India,45,7092,1276,8368
2026-08-31,2026-10-15,DEL-BLR,Air India,45,7108,1279,8387
2026-08-31,2026-10-15,DEL-BLR,Air India,45,5873,1057,6930
2026-08-31,2026-09-30,DEL-BLR,Air India,30,6376,1147,7523
2026-08-31,2026-09-30,DEL-BLR,Air India,30,7186,1293,8479
2026-08-31,2026-09-30,DEL-BLR,Air India,30,6498,1169,7667
2026-08-31,2026-09-30,DEL-BLR,Air India,30,7990,1438,9428
2026-08-31,2026-09-30,DEL-BLR,Air India,30,7247,1304,8551
2026-08-31,2026-09-15,DEL-BLR,Air India,15,9169,1650,10819
2026-08-31,2026-09-15,DEL-BLR,Air India,15,9641,1735,11376
2026-08-31,2026-09-15,DEL-BLR,Air India,15,7958,1432,9390
2026-08-31,2026-09-15,DEL-BLR,Air India,15,8457,1522,9979
2026-08-31,2026-09-15,DEL-BLR,Air India,15,7841,1411,9252
2026-08-31,2026-09-07,DEL-BLR,Air India,7,11418,2055,13473
2026-08-31,2026-09-07,DEL-BLR,Air India,7,12387,2229,14616
2026-08-31,2026-09-07,DEL-BLR,Air India,7,10409,1873,12282
2026-08-31,2026-09-07,DEL-BLR,Air India,7,11814,2126,13940
2026-08-31,2026-09-07,DEL-BLR,Air India,7,11137,2004,13141
2026-08-31,2026-09-01,DEL-BLR,Air India,1,16250,2925,19175
2026-08-31,2026-09-01,DEL-BLR,Air India,1,16016,2882,18898
2026-08-31,2026-09-01,DEL-BLR,Air India,1,17369,3126,20495
2026-08-31,2026-09-01,DEL-BLR,Air India,1,15882,2858,18740
2026-08-31,2026-09-01,DEL-BLR,Air India,1,15277,2749,18026
2026-08-31,2026-10-15,DEL-BLR,Akasa,45,5805,1044,6849
2026-08-31,2026-10-15,DEL-BLR,Akasa,45,5012,902,5914
2026-08-31,2026-10-15,DEL-BLR,Akasa,45,5788,1041,6829
2026-08-31,2026-10-15,DEL-BLR,Akasa,45,4923,886,5809
2026-08-31,2026-10-15,DEL-BLR,Akasa,45,5312,956,6268
2026-08-31,2026-09-30,DEL-BLR,Akasa,30,5568,1002,6570
2026-08-31,2026-09-30,DEL-BLR,Akasa,30,6110,1099,7209
2026-08-31,2026-09-30,DEL-BLR,Akasa,30,5620,1011,6631
2026-08-31,2026-09-30,DEL-BLR,Akasa,30,6025,1084,7109
2026-08-31,2026-09-30,DEL-BLR,Akasa,30,5342,961,6303
2026-08-31,2026-09-15,DEL-BLR,Akasa,15,7484,1347,8831
2026-08-31,2026-09-15,DEL-BLR,Akasa,15,7432,1337,8769
2026-08-31,2026-09-15,DEL-BLR,Akasa,15,6357,1144,7501
2026-08-31,2026-09-15,DEL-BLR,Akasa,15,6960,1252,8212
2026-08-31,2026-09-15,DEL-BLR,Akasa,15,7027,1264,8291
2026-08-31,2026-09-07,DEL-BLR,Akasa,7,9336,1680,11016
2026-08-31,2026-09-07,DEL-BLR,Akasa,7,10074,1813,11887
2026-08-31,2026-09-07,DEL-BLR,Akasa,7,8544,1537,10081
2026-08-31,2026-09-07,DEL-BLR,Akasa,7,10457,1882,12339
2026-08-31,2026-09-07,DEL-BLR,Akasa,7,8785,1581,10366
2026-08-31,2026-09-01,DEL-BLR,Akasa,1,14078,2534,16612
2026-08-31,2026-09-01,DEL-BLR,Akasa,1,13727,2470,16197
2026-08-31,2026-09-01,DEL-BLR,Akasa,1,15717,2829,18546
2026-08-31,2026-09-01,DEL-BLR,Akasa,1,15714,2828,18542
2026-08-31,2026-09-01,DEL-BLR,Akasa,1,14795,2663,17458
2026-08-31,2026-10-15,DEL-BLR,SpiceJet,45,5093,916,6009
2026-08-31,2026-10-15,DEL-BLR,SpiceJet,45,5569,1002,6571
2026-08-31,2026-10-15,DEL-BLR,SpiceJet,45,4604,828,5432
2026-08-31,2026-10-15,DEL-BLR,SpiceJet,45,4758,856,5614
2026-08-31,2026-10-15,DEL-BLR,SpiceJet,45,5175,931,6106
2026-08-31,2026-09-30,DEL-BLR,SpiceJet,30,5398,971,6369
2026-08-31,2026-09-30,DEL-BLR,SpiceJet,30,5265,947,6212
2026-08-31,2026-09-30,DEL-BLR,SpiceJet,30,5263,947,6210
2026-08-31,2026-09-30,DEL-BLR,SpiceJet,30,5178,932,6110
2026-08-31,2026-09-30,DEL-BLR,SpiceJet,30,5940,1069,7009
2026-08-31,2026-09-15,DEL-BLR,SpiceJet,15,6295,1133,7428
2026-08-31,2026-09-15,DEL-BLR,SpiceJet,15,6741,1213,7954
2026-08-31,2026-09-15,DEL-BLR,SpiceJet,15,7420,1335,8755
2026-08-31,2026-09-15,DEL-BLR,SpiceJet,15,6046,1088,7134
2026-08-31,2026-09-15,DEL-BLR,SpiceJet,15,6447,1160,7607
2026-08-31,2026-09-07,DEL-BLR,SpiceJet,7,8705,1566,10271
2026-08-31,2026-09-07,DEL-BLR,SpiceJet,7,8251,1485,9736
2026-08-31,2026-09-07,DEL-BLR,SpiceJet,7,9496,1709,11205
2026-08-31,2026-09-07,DEL-BLR,SpiceJet,7,9517,1713,11230
2026-08-31,2026-09-07,DEL-BLR,SpiceJet,7,9748,1754,11502
2026-08-31,2026-09-01,DEL-BLR,SpiceJet,1,13465,2423,15888
2026-08-31,2026-09-01,DEL-BLR,SpiceJet,1,14512,2612,17124
2026-08-31,2026-09-01,DEL-BLR,SpiceJet,1,12640,2275,14915
2026-08-31,2026-09-01,DEL-BLR,SpiceJet,1,13863,2495,16358
2026-08-31,2026-09-01,DEL-BLR,SpiceJet,1,14275,2569,16844
2026-08-31,2026-10-15,BOM-BLR,IndiGo,45,3705,666,4371
2026-08-31,2026-10-15,BOM-BLR,IndiGo,45,3186,573,3759
2026-08-31,2026-10-15,BOM-BLR,IndiGo,45,3402,612,4014
2026-08-31,2026-10-15,BOM-BLR,IndiGo,45,3933,707,4640
2026-08-31,2026-10-15,BOM-BLR,IndiGo,45,3857,694,4551
2026-08-31,2026-09-30,BOM-BLR,IndiGo,30,3938,708,4646
2026-08-31,2026-09-30,BOM-BLR,IndiGo,30,3949,710,4659
2026-08-31,2026-09-30,BOM-BLR,IndiGo,30,3564,641,4205
2026-08-31,2026-09-30,BOM-BLR,IndiGo,30,4192,754,4946
2026-08-31,2026-09-30,BOM-BLR,IndiGo,30,3856,694,4550
2026-08-31,2026-09-15,BOM-BLR,IndiGo,15,5204,936,6140
2026-08-31,2026-09-15,BOM-BLR,IndiGo,15,4893,880,5773
2026-08-31,2026-09-15,BOM-BLR,IndiGo,15,4706,847,5553
2026-08-31,2026-09-15,BOM-BLR,IndiGo,15,5251,945,6196
2026-08-31,2026-09-15,BOM-BLR,IndiGo,15,4325,778,5103
2026-08-31,2026-09-07,BOM-BLR,IndiGo,7,5792,1042,6834
2026-08-31,2026-09-07,BOM-BLR,IndiGo,7,6085,1095,7180
2026-08-31,2026-09-07,BOM-BLR,IndiGo,7,6622,1191,7813
2026-08-31,2026-09-07,BOM-BLR,IndiGo,7,6074,1093,7167
2026-08-31,2026-09-07,BOM-BLR,IndiGo,7,6458,1162,7620
2026-08-31,2026-09-01,BOM-BLR,IndiGo,1,9019,1623,10642
2026-08-31,2026-09-01,BOM-BLR,IndiGo,1,9529,1715,11244
2026-08-31,2026-09-01,BOM-BLR,IndiGo,1,8943,1609,10552
2026-08-31,2026-09-01,BOM-BLR,IndiGo,1,10562,1901,12463
2026-08-31,2026-09-01,BOM-BLR,IndiGo,1,9887,1779,11666
2026-08-31,2026-10-15,BOM-BLR,Air India,45,4291,772,5063
2026-08-31,2026-10-15,BOM-BLR,Air India,45,4261,766,5027
2026-08-31,2026-10-15,BOM-BLR,Air India,45,4452,801,5253
2026-08-31,2026-10-15,BOM-BLR,Air India,45,3850,693,4543
2026-08-31,2026-10-15,BOM-BLR,Air India,45,3733,671,4404
2026-08-31,2026-09-30,BOM-BLR,Air India,30,4191,754,4945
2026-08-31,2026-09-30,BOM-BLR,Air India,30,4844,871,5715
2026-08-31,2026-09-30,BOM-BLR,Air India,30,4332,779,5111
2026-08-31,2026-09-30,BOM-BLR,Air India,30,4681,842,5523
2026-08-31,2026-09-30,BOM-BLR,Air India,30,4165,749,4914
2026-08-31,2026-09-15,BOM-BLR,Air India,15,5768,1038,6806
2026-08-31,2026-09-15,BOM-BLR,Air India,15,6204,1116,7320
2026-08-31,2026-09-15,BOM-BLR,Air India,15,5254,945,6199
2026-08-31,2026-09-15,BOM-BLR,Air India,15,5256,946,6202
2026-08-31,2026-09-15,BOM-BLR,Air India,15,5699,1025,6724
2026-08-31,2026-09-07,BOM-BLR,Air India,7,6656,1198,7854
2026-08-31,2026-09-07,BOM-BLR,Air India,7,7633,1373,9006
2026-08-31,2026-09-07,BOM-BLR,Air India,7,7570,1362,8932
2026-08-31,2026-09-07,BOM-BLR,Air India,7,7340,1321,8661
2026-08-31,2026-09-07,BOM-BLR,Air India,7,7705,1386,9091
2026-08-31,2026-09-01,BOM-BLR,Air India,1,10243,1843,12086
2026-08-31,2026-09-01,BOM-BLR,Air India,1,9693,1744,11437
2026-08-31,2026-09-01,BOM-BLR,Air India,1,9765,1757,11522
2026-08-31,2026-09-01,BOM-BLR,Air India,1,10197,1835,12032
2026-08-31,2026-09-01,BOM-BLR,Air India,1,10295,1853,12148
2026-08-31,2026-10-15,BOM-BLR,Akasa,45,3598,647,4245
2026-08-31,2026-10-15,BOM-BLR,Akasa,45,3330,599,3929
2026-08-31,2026-10-15,BOM-BLR,Akasa,45,3815,686,4501
2026-08-31,2026-10-15,BOM-BLR,Akasa,45,3795,683,4478
2026-08-31,2026-10-15,BOM-BLR,Akasa,45,3503,630,4133
2026-08-31,2026-09-30,BOM-BLR,Akasa,30,3911,703,4614
2026-08-31,2026-09-30,BOM-BLR,Akasa,30,4166,749,4915
2026-08-31,2026-09-30,BOM-BLR,Akasa,30,3326,598,3924
2026-08-31,2026-09-30,BOM-BLR,Akasa,30,3717,669,4386
2026-08-31,2026-09-30,BOM-BLR,Akasa,30,4093,736,4829
2026-08-31,2026-09-15,BOM-BLR,Akasa,15,5020,903,5923
2026-08-31,2026-09-15,BOM-BLR,Akasa,15,4412,794,5206
2026-08-31,2026-09-15,BOM-BLR,Akasa,15,4706,847,5553
2026-08-31,2026-09-15,BOM-BLR,Akasa,15,4462,803,5265
2026-08-31,2026-09-15,BOM-BLR,Akasa,15,4280,770,5050
2026-08-31,2026-09-07,BOM-BLR,Akasa,7,5886,1059,6945
2026-08-31,2026-09-07,BOM-BLR,Akasa,7,6241,1123,7364
2026-08-31,2026-09-07,BOM-BLR,Akasa,7,5942,1069,7011
2026-08-31,2026-09-07,BOM-BLR,Akasa,7,6175,1111,7286
2026-08-31,2026-09-07,BOM-BLR,Akasa,7,6536,1176,7712
2026-08-31,2026-09-01,BOM-BLR,Akasa,1,9158,1648,10806
2026-08-31,2026-09-01,BOM-BLR,Akasa,1,9546,1718,11264
2026-08-31,2026-09-01,BOM-BLR,Akasa,1,9264,1667,10931
2026-08-31,2026-09-01,BOM-BLR,Akasa,1,8503,1530,10033
2026-08-31,2026-09-01,BOM-BLR,Akasa,1,9369,1686,11055
2026-08-31,2026-10-15,BOM-BLR,SpiceJet,45,3236,582,3818
2026-08-31,2026-10-15,BOM-BLR,SpiceJet,45,3216,578,3794
2026-08-31,2026-10-15,BOM-BLR,SpiceJet,45,3033,545,3578
2026-08-31,2026-10-15,BOM-BLR,SpiceJet,45,3487,627,4114
2026-08-31,2026-10-15,BOM-BLR,SpiceJet,45,3234,582,3816
2026-08-31,2026-09-30,BOM-BLR,SpiceJet,30,3844,691,4535
2026-08-31,2026-09-30,BOM-BLR,SpiceJet,30,3482,626,4108
2026-08-31,2026-09-30,BOM-BLR,SpiceJet,30,3729,671,4400
2026-08-31,2026-09-30,BOM-BLR,SpiceJet,30,3690,664,4354
2026-08-31,2026-09-30,BOM-BLR,SpiceJet,30,3431,617,4048
2026-08-31,2026-09-15,BOM-BLR,SpiceJet,15,4885,879,5764
2026-08-31,2026-09-15,BOM-BLR,SpiceJet,15,4559,820,5379
2026-08-31,2026-09-15,BOM-BLR,SpiceJet,15,4832,869,5701
2026-08-31,2026-09-15,BOM-BLR,SpiceJet,15,4346,782,5128
2026-08-31,2026-09-15,BOM-BLR,SpiceJet,15,4509,811,5320
2026-08-31,2026-09-07,BOM-BLR,SpiceJet,7,5916,1064,6980
2026-08-31,2026-09-07,BOM-BLR,SpiceJet,7,5550,999,6549
2026-08-31,2026-09-07,BOM-BLR,SpiceJet,7,6320,1137,7457
2026-08-31,2026-09-07,BOM-BLR,SpiceJet,7,5489,988,6477
2026-08-31,2026-09-07,BOM-BLR,SpiceJet,7,6313,1136,7449
2026-08-31,2026-09-01,BOM-BLR,SpiceJet,1,8883,1598,10481
2026-08-31,2026-09-01,BOM-BLR,SpiceJet,1,7581,1364,8945
2026-08-31,2026-09-01,BOM-BLR,SpiceJet,1,7658,1378,9036
2026-08-31,2026-09-01,BOM-BLR,SpiceJet,1,8877,1597,10474
2026-08-31,2026-09-01,BOM-BLR,SpiceJet,1,8815,1586,10401
2026-08-31,2026-10-15,DEL-CCU,IndiGo,45,5250,945,6195
2026-08-31,2026-10-15,DEL-CCU,IndiGo,45,5234,942,6176
2026-08-31,2026-10-15,DEL-CCU,IndiGo,45,4488,807,5295
2026-08-31,2026-10-15,DEL-CCU,IndiGo,45,5179,932,6111
2026-08-31,2026-10-15,DEL-CCU,IndiGo,45,5269,948,6217
2026-08-31,2026-09-30,DEL-CCU,IndiGo,30,5579,1004,6583
2026-08-31,2026-09-30,DEL-CCU,IndiGo,30,5026,904,5930
2026-08-31,2026-09-30,DEL-CCU,IndiGo,30,5910,1063,6973
2026-08-31,2026-09-30,DEL-CCU,IndiGo,30,4910,883,5793
2026-08-31,2026-09-30,DEL-CCU,IndiGo,30,5368,966,6334
2026-08-31,2026-09-15,DEL-CCU,IndiGo,15,6201,1116,7317
2026-08-31,2026-09-15,DEL-CCU,IndiGo,15,6845,1232,8077
2026-08-31,2026-09-15,DEL-CCU,IndiGo,15,6518,1173,7691
2026-08-31,2026-09-15,DEL-CCU,IndiGo,15,7391,1330,8721
2026-08-31,2026-09-15,DEL-CCU,IndiGo,15,6258,1126,7384
2026-08-31,2026-09-07,DEL-CCU,IndiGo,7,9289,1672,10961
2026-08-31,2026-09-07,DEL-CCU,IndiGo,7,8776,1579,10355
2026-08-31,2026-09-07,DEL-CCU,IndiGo,7,8804,1584,10388
2026-08-31,2026-09-07,DEL-CCU,IndiGo,7,8829,1589,10418
2026-08-31,2026-09-07,DEL-CCU,IndiGo,7,8426,1516,9942
2026-08-31,2026-09-01,DEL-CCU,IndiGo,1,11490,2068,13558
2026-08-31,2026-09-01,DEL-CCU,IndiGo,1,13572,2442,16014
2026-08-31,2026-09-01,DEL-CCU,IndiGo,1,11840,2131,13971
2026-08-31,2026-09-01,DEL-CCU,IndiGo,1,12240,2203,14443
2026-08-31,2026-09-01,DEL-CCU,IndiGo,1,14258,2566,16824
2026-08-31,2026-10-15,DEL-CCU,Air India,45,5669,1020,6689
2026-08-31,2026-10-15,DEL-CCU,Air India,45,5450,981,6431
2026-08-31,2026-10-15,DEL-CCU,Air India,45,6334,1140,7474
2026-08-31,2026-10-15,DEL-CCU,Air India,45,5145,926,6071
2026-08-31,2026-10-15,DEL-CCU,Air India,45,6114,1100,7214
2026-08-31,2026-09-30,DEL-CCU,Air India,30,6888,1239,8127
2026-08-31,2026-09-30,DEL-CCU,Air India,30,5657,1018,6675
2026-08-31,2026-09-30,DEL-CCU,Air India,30,5814,1046,6860
2026-08-31,2026-09-30,DEL-CCU,Air India,30,6037,1086,7123
2026-08-31,2026-09-30,DEL-CCU,Air India,30,5650,1017,6667
2026-08-31,2026-09-15,DEL-CCU,Air India,15,7521,1353,8874
2026-08-31,2026-09-15,DEL-CCU,Air India,15,8357,1504,9861
2026-08-31,2026-09-15,DEL-CCU,Air India,15,6843,1231,8074
2026-08-31,2026-09-15,DEL-CCU,Air India,15,7845,1412,9257
2026-08-31,2026-09-15,DEL-CCU,Air India,15,8126,1462,9588
2026-08-31,2026-09-07,DEL-CCU,Air India,7,10691,1924,12615
2026-08-31,2026-09-07,DEL-CCU,Air India,7,8967,1614,10581
2026-08-31,2026-09-07,DEL-CCU,Air India,7,8994,1618,10612
2026-08-31,2026-09-07,DEL-CCU,Air India,7,10943,1969,12912
2026-08-31,2026-09-07,DEL-CCU,Air India,7,9906,1783,11689
2026-08-31,2026-09-01,DEL-CCU,Air India,1,13371,2406,15777
2026-08-31,2026-09-01,DEL-CCU,Air India,1,14003,2520,16523
2026-08-31,2026-09-01,DEL-CCU,Air India,1,14828,2669,17497
2026-08-31,2026-09-01,DEL-CCU,Air India,1,16670,3000,19670
2026-08-31,2026-09-01,DEL-CCU,Air India,1,15123,2722,17845
2026-08-31,2026-10-15,DEL-CCU,Akasa,45,4496,809,5305
2026-08-31,2026-10-15,DEL-CCU,Akasa,45,5167,930,6097
2026-08-31,2026-10-15,DEL-CCU,Akasa,45,5134,924,6058
2026-08-31,2026-10-15,DEL-CCU,Akasa,45,4590,826,5416
2026-08-31,2026-10-15,DEL-CCU,Akasa,45,5087,915,6002
2026-08-31,2026-09-30,DEL-CCU,Akasa,30,5368,966,6334
2026-08-31,2026-09-30,DEL-CCU,Akasa,30,4908,883,5791
2026-08-31,2026-09-30,DEL-CCU,Akasa,30,5168,930,6098
2026-08-31,2026-09-30,DEL-CCU,Akasa,30,4618,831,5449
2026-08-31,2026-09-30,DEL-CCU,Akasa,30,4520,813,5333
2026-08-31,2026-09-15,DEL-CCU,Akasa,15,6524,1174,7698
2026-08-31,2026-09-15,DEL-CCU,Akasa,15,6982,1256,8238
2026-08-31,2026-09-15,DEL-CCU,Akasa,15,5751,1035,6786
2026-08-31,2026-09-15,DEL-CCU,Akasa,15,6063,1091,7154
2026-08-31,2026-09-15,DEL-CCU,Akasa,15,6223,1120,7343
2026-08-31,2026-09-07,DEL-CCU,Akasa,7,8709,1567,10276
2026-08-31,2026-09-07,DEL-CCU,Akasa,7,7534,1356,8890
2026-08-31,2026-09-07,DEL-CCU,Akasa,7,8001,1440,9441
2026-08-31,2026-09-07,DEL-CCU,Akasa,7,9224,1660,10884
2026-08-31,2026-09-07,DEL-CCU,Akasa,7,8007,1441,9448
2026-08-31,2026-09-01,DEL-CCU,Akasa,1,12978,2336,15314
2026-08-31,2026-09-01,DEL-CCU,Akasa,1,13678,2462,16140
2026-08-31,2026-09-01,DEL-CCU,Akasa,1,13319,2397,15716
2026-08-31,2026-09-01,DEL-CCU,Akasa,1,13264,2387,15651
2026-08-31,2026-09-01,DEL-CCU,Akasa,1,12101,2178,14279
2026-08-31,2026-10-15,DEL-CCU,SpiceJet,45,4737,852,5589
2026-08-31,2026-10-15,DEL-CCU,SpiceJet,45,4764,857,5621
2026-08-31,2026-10-15,DEL-CCU,SpiceJet,45,4234,762,4996
2026-08-31,2026-10-15,DEL-CCU,SpiceJet,45,4204,756,4960
2026-08-31,2026-10-15,DEL-CCU,SpiceJet,45,3934,708,4642
2026-08-31,2026-09-30,DEL-CCU,SpiceJet,30,5185,933,6118
2026-08-31,2026-09-30,DEL-CCU,SpiceJet,30,5414,974,6388
2026-08-31,2026-09-30,DEL-CCU,SpiceJet,30,4796,863,5659
2026-08-31,2026-09-30,DEL-CCU,SpiceJet,30,5137,924,6061
2026-08-31,2026-09-30,DEL-CCU,SpiceJet,30,4452,801,5253
2026-08-31,2026-09-15,DEL-CCU,SpiceJet,15,6436,1158,7594
2026-08-31,2026-09-15,DEL-CCU,SpiceJet,15,5829,1049,6878
2026-08-31,2026-09-15,DEL-CCU,SpiceJet,15,5362,965,6327
2026-08-31,2026-09-15,DEL-CCU,SpiceJet,15,6253,1125,7378
2026-08-31,2026-09-15,DEL-CCU,SpiceJet,15,6492,1168,7660
2026-08-31,2026-09-07,DEL-CCU,SpiceJet,7,8865,1595,10460
2026-08-31,2026-09-07,DEL-CCU,SpiceJet,7,8883,1598,10481
2026-08-31,2026-09-07,DEL-CCU,SpiceJet,7,7742,1393,9135
2026-08-31,2026-09-07,DEL-CCU,SpiceJet,7,8027,1444,9471
2026-08-31,2026-09-07,DEL-CCU,SpiceJet,7,8619,1551,10170
2026-08-31,2026-09-01,DEL-CCU,SpiceJet,1,11126,2002,13128
2026-08-31,2026-09-01,DEL-CCU,SpiceJet,1,10433,1877,12310
2026-08-31,2026-09-01,DEL-CCU,SpiceJet,1,12765,2297,15062
2026-08-31,2026-09-01,DEL-CCU,SpiceJet,1,11628,2093,13721
2026-08-31,2026-09-01,DEL-CCU,SpiceJet,1,12829,2309,15138
2026-08-31,2026-10-15,BLR-HYD,IndiGo,45,3157,568,3725
2026-08-31,2026-10-15,BLR-HYD,IndiGo,45,3093,556,3649
2026-08-31,2026-10-15,BLR-HYD,IndiGo,45,2743,493,3236
2026-08-31,2026-10-15,BLR-HYD,IndiGo,45,2997,539,3536
2026-08-31,2026-10-15,BLR-HYD,IndiGo,45,2638,474,3112
2026-08-31,2026-09-30,BLR-HYD,IndiGo,30,3023,544,3567
2026-08-31,2026-09-30,BLR-HYD,IndiGo,30,3276,589,3865
2026-08-31,2026-09-30,BLR-HYD,IndiGo,30,3073,553,3626
2026-08-31,2026-09-30,BLR-HYD,IndiGo,30,3345,602,3947
2026-08-31,2026-09-30,BLR-HYD,IndiGo,30,3082,554,3636
2026-08-31,2026-09-15,BLR-HYD,IndiGo,15,3688,663,4351
2026-08-31,2026-09-15,BLR-HYD,IndiGo,15,4172,750,4922
2026-08-31,2026-09-15,BLR-HYD,IndiGo,15,3970,714,4684
2026-08-31,2026-09-15,BLR-HYD,IndiGo,15,3679,662,4341
2026-08-31,2026-09-15,BLR-HYD,IndiGo,15,3576,643,4219
2026-08-31,2026-09-07,BLR-HYD,IndiGo,7,5080,914,5994
2026-08-31,2026-09-07,BLR-HYD,IndiGo,7,5081,914,5995
2026-08-31,2026-09-07,BLR-HYD,IndiGo,7,5445,980,6425
2026-08-31,2026-09-07,BLR-HYD,IndiGo,7,4763,857,5620
2026-08-31,2026-09-07,BLR-HYD,IndiGo,7,5468,984,6452
2026-08-31,2026-09-01,BLR-HYD,IndiGo,1,8277,1489,9766
2026-08-31,2026-09-01,BLR-HYD,IndiGo,1,7297,1313,8610
2026-08-31,2026-09-01,BLR-HYD,IndiGo,1,8070,1452,9522
2026-08-31,2026-09-01,BLR-HYD,IndiGo,1,7375,1327,8702
2026-08-31,2026-09-01,BLR-HYD,IndiGo,1,7314,1316,8630
2026-08-31,2026-10-15,BLR-HYD,Air India,45,3506,631,4137
2026-08-31,2026-10-15,BLR-HYD,Air India,45,2959,532,3491
2026-08-31,2026-10-15,BLR-HYD,Air India,45,2901,522,3423
2026-08-31,2026-10-15,BLR-HYD,Air India,45,3142,565,3707
2026-08-31,2026-10-15,BLR-HYD,Air India,45,3212,578,3790
2026-08-31,2026-09-30,BLR-HYD,Air India,30,3424,616,4040
2026-08-31,2026-09-30,BLR-HYD,Air India,30,3872,696,4568
2026-08-31,2026-09-30,BLR-HYD,Air India,30,3516,632,4148
2026-08-31,2026-09-30,BLR-HYD,Air India,30,3563,641,4204
2026-08-31,2026-09-30,BLR-HYD,Air India,30,3544,637,4181
2026-08-31,2026-09-15,BLR-HYD,Air India,15,4493,808,5301
2026-08-31,2026-09-15,BLR-HYD,Air India,15,3916,704,4620
2026-08-31,2026-09-15,BLR-HYD,Air India,15,4230,761,4991
2026-08-31,2026-09-15,BLR-HYD,Air India,15,3970,714,4684
2026-08-31,2026-09-15,BLR-HYD,Air India,15,4355,783,5138
2026-08-31,2026-09-07,BLR-HYD,Air India,7,6160,1108,7268
2026-08-31,2026-09-07,BLR-HYD,Air India,7,5406,973,6379
2026-08-31,2026-09-07,BLR-HYD,Air India,7,5432,977,6409
2026-08-31,2026-09-07,BLR-HYD,Air India,7,5436,978,6414
2026-08-31,2026-09-07,BLR-HYD,Air India,7,5633,1013,6646
2026-08-31,2026-09-01,BLR-HYD,Air India,1,8609,1549,10158
2026-08-31,2026-09-01,BLR-HYD,Air India,1,9800,1764,11564
2026-08-31,2026-09-01,BLR-HYD,Air India,1,9007,1621,10628
2026-08-31,2026-09-01,BLR-HYD,Air India,1,9243,1663,10906
2026-08-31,2026-09-01,BLR-HYD,Air India,1,9527,1714,11241
2026-08-31,2026-10-15,BLR-HYD,Akasa,45,2802,504,3306
2026-08-31,2026-10-15,BLR-HYD,Akasa,45,2673,481,3154
2026-08-31,2026-10-15,BLR-HYD,Akasa,45,2833,509,3342
2026-08-31,2026-10-15,BLR-HYD,Akasa,45,2804,504,3308
2026-08-31,2026-10-15,BLR-HYD,Akasa,45,2725,490,3215
2026-08-31,2026-09-30,BLR-HYD,Akasa,30,2762,497,3259
2026-08-31,2026-09-30,BLR-HYD,Akasa,30,3077,553,3630
2026-08-31,2026-09-30,BLR-HYD,Akasa,30,3078,554,3632
2026-08-31,2026-09-30,BLR-HYD,Akasa,30,3221,579,3800
2026-08-31,2026-09-30,BLR-HYD,Akasa,30,2955,531,3486
2026-08-31,2026-09-15,BLR-HYD,Akasa,15,3901,702,4603
2026-08-31,2026-09-15,BLR-HYD,Akasa,15,3394,610,4004
2026-08-31,2026-09-15,BLR-HYD,Akasa,15,3981,716,4697
2026-08-31,2026-09-15,BLR-HYD,Akasa,15,4002,720,4722
2026-08-31,2026-09-15,BLR-HYD,Akasa,15,3907,703,4610
2026-08-31,2026-09-07,BLR-HYD,Akasa,7,5488,987,6475
2026-08-31,2026-09-07,BLR-HYD,Akasa,7,5460,982,6442
2026-08-31,2026-09-07,BLR-HYD,Akasa,7,5037,906,5943
2026-08-31,2026-09-07,BLR-HYD,Akasa,7,4754,855,5609
2026-08-31,2026-09-07,BLR-HYD,Akasa,7,5054,909,5963
2026-08-31,2026-09-01,BLR-HYD,Akasa,1,6863,1235,8098
2026-08-31,2026-09-01,BLR-HYD,Akasa,1,7347,1322,8669
2026-08-31,2026-09-01,BLR-HYD,Akasa,1,6617,1191,7808
2026-08-31,2026-09-01,BLR-HYD,Akasa,1,7584,1365,8949
2026-08-31,2026-09-01,BLR-HYD,Akasa,1,7498,1349,8847
2026-08-31,2026-10-15,BLR-HYD,SpiceJet,45,2847,512,3359
2026-08-31,2026-10-15,BLR-HYD,SpiceJet,45,2729,491,3220
2026-08-31,2026-10-15,BLR-HYD,SpiceJet,45,2497,449,2946
2026-08-31,2026-10-15,BLR-HYD,SpiceJet,45,2715,488,3203
2026-08-31,2026-10-15,BLR-HYD,SpiceJet,45,2762,497,3259
2026-08-31,2026-09-30,BLR-HYD,SpiceJet,30,2638,474,3112
2026-08-31,2026-09-30,BLR-HYD,SpiceJet,30,2772,498,3270
2026-08-31,2026-09-30,BLR-HYD,SpiceJet,30,2819,507,3326
2026-08-31,2026-09-30,BLR-HYD,SpiceJet,30,2943,529,3472
2026-08-31,2026-09-30,BLR-HYD,SpiceJet,30,2793,502,3295
2026-08-31,2026-09-15,BLR-HYD,SpiceJet,15,3816,686,4502
2026-08-31,2026-09-15,BLR-HYD,SpiceJet,15,3449,620,4069
2026-08-31,2026-09-15,BLR-HYD,SpiceJet,15,3333,599,3932
2026-08-31,2026-09-15,BLR-HYD,SpiceJet,15,3230,581,3811
2026-08-31,2026-09-15,BLR-HYD,SpiceJet,15,3319,597,3916
2026-08-31,2026-09-07,BLR-HYD,SpiceJet,7,4337,780,5117
2026-08-31,2026-09-07,BLR-HYD,SpiceJet,7,4953,891,5844
2026-08-31,2026-09-07,BLR-HYD,SpiceJet,7,4268,768,5036
2026-08-31,2026-09-07,BLR-HYD,SpiceJet,7,5072,912,5984
2026-08-31,2026-09-07,BLR-HYD,SpiceJet,7,4197,755,4952
2026-08-31,2026-09-01,BLR-HYD,SpiceJet,1,6960,1252,8212
2026-08-31,2026-09-01,BLR-HYD,SpiceJet,1,6549,1178,7727
2026-08-31,2026-09-01,BLR-HYD,SpiceJet,1,7138,1284,8422
2026-08-31,2026-09-01,BLR-HYD,SpiceJet,1,7169,1290,8459
2026-08-31,2026-09-01,BLR-HYD,SpiceJet,1,6602,1188,7790
